{"pagination":{"limit":null,"offset":null,"count":78,"total":78},"data":[{"aircraft":{"icao24":"0D10E4","icaoCode":"A21N","regNumber":"XA-VUQ"},"airline":{"iataCode":"Y4","icaoCode":"VOI","name":"Volaris"},"arrival":{"actualRunway":null,"actualTime":null,"baggage":null,"delay":"60","estimatedRunway":null,"estimatedTime":"2025-11-12T15:10:00.000","gate":null,"iataCode":"TIJ","icaoCode":"MMTJ","scheduledTime":"2025-11-12T14:10:00.000","terminal":null},"codeshared":null,"departure":{"actualRunway":"2025-11-12T14:22:00.000","actualTime":"2025-11-12T14:22:00.000","baggage":null,"delay":"84","estimatedRunway":"2025-11-12T14:22:00.000","estimatedTime":"2025-11-12T14:19:00.000","gate":"8","iataCode":"SJD","icaoCode":"MMSD","scheduledTime":"2025-11-12T12:59:00.000","terminal":"1"},"flight":{"iataNumber":"Y43101","icaoNumber":"VOI3101","number":"3101"},"status":"scheduled","type":"arrival"},{"aircraft":{"icao24":"0D0ABF","icaoCode":"A20N","regNumber":"XA-VRD"},"airline":{"iataCode":"Y4","icaoCode":"VOI","name":"Volaris"},"arrival":{"actualRunway":"2025-11-12T14:40:00.000","actualTime":"2025-11-12T14:40:00.000","baggage":null,"delay":"27","estimatedRunway":"2025-11-12T14:40:00.000","estimatedTime":"2025-11-12T14:38:00.000","gate":null,"iataCode":"TIJ","icaoCode":"MMTJ","scheduledTime":"2025-11-12T14:14:00.000","terminal":null},"codeshared":null,"departure":{"actualRunway":"2025-11-12T14:12:00.000","actualTime":"2025-11-12T14:12:00.000","baggage":null,"delay":"61","estimatedRunway":"2025-11-12T14:12:00.000","estimatedTime":"2025-11-12T13:53:00.000","gate":"D42","iataCode":"GDL","icaoCode":"MMGL","scheduledTime":"2025-11-12T13:12:00.000","terminal":"1"},"flight":{"iataNumber":"Y41014","icaoNumber":"VOI1014","number":"1014"},"status":"landed","type":"arrival"},{"aircraft":{"icao24":"4D239F","icaoCode":"A320","regNumber":"9H-MLP"},"airline":{"iataCode":"VB","icaoCode":"VIV","name":"VivaAerobus"},"arrival":{"actualRunway":"2025-11-12T14:14:00.000","actualTime":"2025-11-12T14:14:00.000","baggage":null,"delay":null,"estimatedRunway":"2025-11-12T14:14:00.000","estimatedTime":"2025-11-12T14:13:00.000","gate":null,"iataCode":"TIJ","icaoCode":"MMTJ","scheduledTime":"2025-11-12T14:40:00.000","terminal":null},"codeshared":null,"departure":{"actualRunway":"2025-11-12T13:51:00.000","actualTime":"2025-11-12T13:51:00.000","baggage":null,"delay":"11","estimatedRunway":"2025-11-12T13:51:00.000","estimatedTime":"2025-11-12T13:40:00.000","gate":null,"iataCode":"MTY","icaoCode":"MMMY","scheduledTime":"2025-11-12T13:40:00.000","terminal":"A"},"flight":{"iataNumber":"VB4084","icaoNumber":"VIV4084","number":"4084"},"status":"landed","type":"arrival"},{"aircraft":{"icao24":"0D111A","icaoCode":"A21N","regNumber":"XA-VUV"},"airline":{"iataCode":"Y4","icaoCode":"VOI","name":"Volaris"},"arrival":{"actualRunway":"2025-11-12T15:26:00.000","actualTime":"2025-11-12T15:26:00.000","baggage":null,"delay":"36","estimatedRunway":"2025-11-12T15:26:00.000","estimatedTime":"2025-11-12T15:27:00.000","gate":null,"iataCode":"TIJ","icaoCode":"MMTJ","scheduledTime":"2025-11-12T14:50:00.000","terminal":null},"codeshared":null,"departure":{"actualRunway":"2025-11-12T14:21:00.000","actualTime":"2025-11-12T14:21:00.000","baggage":null,"delay":"76","estimatedRunway":"2025-11-12T14:21:00.000","estimatedTime":"2025-11-12T14:20:00.000","gate":"25","iataCode":"MEX","icaoCode":"MMMX","scheduledTime":"2025-11-12T13:05:00.000","terminal":"1"},"flight":{"iataNumber":"Y4182","icaoNumber":"VOI182","number":"182"},"status":"landed","type":"arrival"},{"aircraft":{"icao24":"0D0A0D","icaoCode":"A321","regNumber":"XA-VRB"},"airline":{"iataCode":"Y4","icaoCode":"VOI","name":"Volaris"},"arrival":{"actualRunway":null,"actualTime":null,"baggage":null,"delay":"114","estimatedRunway":null,"estimatedTime":"2025-11-12T16:44:00.000","gate":null,"iataCode":"TIJ","icaoCode":"MMTJ","scheduledTime":"2025-11-12T14:51:00.000","terminal":null},"codeshared":null,"departure":{"actualRunway":"2025-11-12T16:23:00.000","actualTime":"2025-11-12T16:23:00.000","baggage":null,"delay":"142","estimatedRunway":"2025-11-12T16:23:00.000","estimatedTime":"2025-11-12T16:24:00.000","gate":"17","iataCode":"PVR","icaoCode":"MMPR","scheduledTime":"2025-11-12T14:01:00.000","terminal":null},"flight":{"iataNumber":"Y43121","icaoNumber":"VOI3121","number":"3121"},"status":"scheduled","type":"arrival"},{"aircraft":{"icao24":"0D0CB1","icaoCode":"A20N","regNumber":"XA-VRQ"},"airline":{"iataCode":"Y4","icaoCode":"VOI","name":"Volaris"},"arrival":{"actualRunway":"2025-11-12T15:49:00.000","actualTime":"2025-11-12T15:49:00.000","baggage":null,"delay":"30","estimatedRunway":"2025-11-12T15:49:00.000","estimatedTime":"2025-11-12T15:47:00.000","gate":null,"iataCode":"TIJ","icaoCode":"MMTJ","scheduledTime":"2025-11-12T15:19:00.000","terminal":null},"codeshared":null,"departure":{"actualRunway":"2025-11-12T14:44:00.000","actualTime":"2025-11-12T14:44:00.000","baggage":null,"delay":"54","estimatedRunway":"2025-11-12T14:44:00.000","estimatedTime":"2025-11-12T14:28:00.000","gate":"8","iataCode":"MZT","icaoCode":"MMMZ","scheduledTime":"2025-11-12T13:51:00.000","terminal":null},"flight":{"iataNumber":"Y43191","icaoNumber":"VOI3191","number":"3191"},"status":"landed","type":"arrival"},{"aircraft":{"icao24":"0D09D5","icaoCode":"A321","regNumber":"XA-VLU"},"airline":{"iataCode":"Y4","icaoCode":"VOI","name":"Volaris"},"arrival":{"actualRunway":null,"actualTime":null,"baggage":null,"delay":"230","estimatedRunway":null,"estimatedTime":"2025-11-12T19:09:00.000","gate":null,"iataCode":"TIJ","icaoCode":"MMTJ","scheduledTime":"2025-11-12T15:20:00.000","terminal":null},"codeshared":null,"departure":{"actualRunway":"2025-11-12T17:54:00.000","actualTime":"2025-11-12T17:54:00.000","baggage":null,"delay":"260","estimatedRunway":"2025-11-12T17:54:00.000","estimatedTime":"2025-11-12T17:48:00.000","gate":"2","iataCode":"ACA","icaoCode":"MMAA","scheduledTime":"2025-11-12T13:35:00.000","terminal":null},"flight":{"iataNumber":"Y45935","icaoNumber":"VOI5935","number":"5935"},"status":"scheduled","type":"arrival"},{"aircraft":{"icao24":"0D0DA5","icaoCode":"B738","regNumber":"XA-EBN"},"airline":{"iataCode":"AM","icaoCode":"AMX","name":"Aeromexico"},"arrival":{"actualRunway":"2025-11-12T15:39:00.000","actualTime":"2025-11-12T15:39:00.000","baggage":null,"delay":"14","estimatedRunway":"2025-11-12T15:39:00.000","estimatedTime":"2025-11-12T15:41:00.000","gate":null,"iataCode":"TIJ","icaoCode":"MMTJ","scheduledTime":"2025-11-12T15:26:00.000","terminal":null},"codeshared":null,"departure":{"actualRunway":"2025-11-12T14:36:00.000","actualTime":"2025-11-12T14:36:00.000","baggage":null,"delay":"67","estimatedRunway":"2025-11-12T14:36:00.000","estimatedTime":"2025-11-12T14:13:00.000","gate":"80","iataCode":"MEX","icaoCode":"MMMX","scheduledTime":"2025-11-12T13:30:00.000","terminal":"2"},"flight":{"iataNumber":"AM174","icaoNumber":"AMX174","number":"174"},"status":"landed","type":"arrival"},{"aircraft":{"icao24":"0D0CFD","icaoCode":"A20N","regNumber":"XA-VRT"},"airline":{"iataCode":"Y4","icaoCode":"VOI","name":"Volaris"},"arrival":{"actualRunway":"2025-11-12T15:23:00.000","actualTime":"2025-11-12T15:23:00.000","baggage":null,"delay":null,"estimatedRunway":"2025-11-12T15:23:00.000","estimatedTime":"2025-11-12T15:22:00.000","gate":null,"iataCode":"TIJ","icaoCode":"MMTJ","scheduledTime":"2025-11-12T15:44:00.000","terminal":null},"codeshared":null,"departure":{"actualRunway":"2025-11-12T14:13:00.000","actualTime":"2025-11-12T14:13:00.000","baggage":null,"delay":"12","estimatedRunway":"2025-11-12T14:13:00.000","estimatedTime":"2025-11-12T14:02:00.000","gate":"3","iataCode":"PBC","icaoCode":"MMPB","scheduledTime":"2025-11-12T14:02:00.000","terminal":null},"flight":{"iataNumber":"Y43221","icaoNumber":"VOI3221","number":"3221"},"status":"landed","type":"arrival"},{"aircraft":{"icao24":"A684C4","icaoCode":"A320","regNumber":"N519VL"},"airline":{"iataCode":"Y4","icaoCode":"VOI","name":"Volaris"},"arrival":{"actualRunway":"2025-11-12T16:09:00.000","actualTime":"2025-11-12T16:09:00.000","baggage":null,"delay":"25","estimatedRunway":"2025-11-12T16:09:00.000","estimatedTime":"2025-11-12T16:08:00.000","gate":null,"iataCode":"TIJ","icaoCode":"MMTJ","scheduledTime":"2025-11-12T15:45:00.000","terminal":null},"codeshared":null,"departure":{"actualRunway":"2025-11-12T15:33:00.000","actualTime":"2025-11-12T15:33:00.000","baggage":null,"delay":"59","estimatedRunway":"2025-11-12T15:33:00.000","estimatedTime":"2025-11-12T15:13:00.000","gate":"4","iataCode":"BJX","icaoCode":"MMLO","scheduledTime":"2025-11-12T14:35:00.000","terminal":null},"flight":{"iataNumber":"Y43043","icaoNumber":"VOI3043","number":"3043"},"status":"landed","type":"arrival"},{"aircraft":{"icao24":"0D08FD","icaoCode":"A320","regNumber":"XA-VLK"},"airline":{"iataCode":"Y4","icaoCode":"VOI","name":"Volaris"},"arrival":{"actualRunway":"2025-11-12T15:45:00.000","actualTime":"2025-11-12T15:45:00.000","baggage":null,"delay":null,"estimatedRunway":"2025-11-12T15:45:00.000","estimatedTime":"2025-11-12T15:45:00.000","gate":null,"iataCode":"TIJ","icaoCode":"MMTJ","scheduledTime":"2025-11-12T15:57:00.000","terminal":null},"codeshared":null,"departure":{"actualRunway":"2025-11-12T15:15:00.000","actualTime":"2025-11-12T15:15:00.000","baggage":null,"delay":"14","estimatedRunway":"2025-11-12T15:15:00.000","estimatedTime":"2025-11-12T15:02:00.000","gate":"3","iataCode":"LMM","icaoCode":"MMLM","scheduledTime":"2025-11-12T15:02:00.000","terminal":null},"flight":{"iataNumber":"Y43257","icaoNumber":"VOI3257","number":"3257"},"status":"landed","type":"arrival"},{"aircraft":{"icao24":"0D0A26","icaoCode":"A320","regNumber":"XA-VRA"},"airline":{"iataCode":"Y4","icaoCode":"VOI","name":"Volaris"},"arrival":{"actualRunway":"2025-11-12T15:35:00.000","actualTime":"2025-11-12T15:35:00.000","baggage":null,"delay":null,"estimatedRunway":"2025-11-12T15:35:00.000","estimatedTime":"2025-11-12T15:32:00.000","gate":null,"iataCode":"TIJ","icaoCode":"MMTJ","scheduledTime":"2025-11-12T16:09:00.000","terminal":null},"codeshared":null,"departure":{"actualRunway":"2025-11-12T14:48:00.000","actualTime":"2025-11-12T14:48:00.000","baggage":null,"delay":null,"estimatedRunway":"2025-11-12T14:48:00.000","estimatedTime":"2025-11-12T14:50:00.000","gate":null,"iataCode":"MLM","icaoCode":"MMMM","scheduledTime":"2025-11-12T14:50:00.000","terminal":null},"flight":{"iataNumber":"Y43061","icaoNumber":"VOI3061","number":"3061"},"status":"landed","type":"arrival"},{"aircraft":{"icao24":"0D0FF8","icaoCode":"A320","regNumber":"XA-VVB"},"airline":{"iataCode":"Y4","icaoCode":"VOI","name":"Volaris"},"arrival":{"actualRunway":"2025-11-12T16:27:00.000","actualTime":"2025-11-12T16:27:00.000","baggage":null,"delay":null,"estimatedRunway":"2025-11-12T16:27:00.000","estimatedTime":"2025-11-12T16:26:00.000","gate":null,"iataCode":"TIJ","icaoCode":"MMTJ","scheduledTime":"2025-11-12T16:36:00.000","terminal":null},"codeshared":null,"departure":{"actualRunway":"2025-11-12T15:39:00.000","actualTime":"2025-11-12T15:39:00.000","baggage":null,"delay":"15","estimatedRunway":"2025-11-12T15:39:00.000","estimatedTime":"2025-11-12T15:25:00.000","gate":"1","iataCode":"CUL","icaoCode":"MMCL","scheduledTime":"2025-11-12T15:25:00.000","terminal":null},"flight":{"iataNumber":"Y43005","icaoNumber":"VOI3005","number":"3005"},"status":"landed","type":"arrival"},{"aircraft":{"icao24":"0D0D37","icaoCode":"A20N","regNumber":"XA-VRX"},"airline":{"iataCode":"Y4","icaoCode":"VOI","name":"Volaris"},"arrival":{"actualRunway":null,"actualTime":null,"baggage":null,"delay":"56","estimatedRunway":null,"estimatedTime":"2025-11-12T17:43:00.000","gate":null,"iataCode":"TIJ","icaoCode":"MMTJ","scheduledTime":"2025-11-12T16:48:00.000","terminal":null},"codeshared":null,"departure":{"actualRunway":"2025-11-12T17:08:00.000","actualTime":"2025-11-12T17:08:00.000","baggage":null,"delay":"79","estimatedRunway":"2025-11-12T17:08:00.000","estimatedTime":"2025-11-12T17:09:00.000","gate":"5","iataCode":"LAP","icaoCode":"MMLP","scheduledTime":"2025-11-12T15:49:00.000","terminal":null},"flight":{"iataNumber":"Y43235","icaoNumber":"VOI3235","number":"3235"},"status":"scheduled","type":"arrival"},{"aircraft":{"icao24":"0D0DA4","icaoCode":"A20N","regNumber":"XA-VSG"},"airline":{"iataCode":"Y4","icaoCode":"VOI","name":"Volaris"},"arrival":{"actualRunway":"2025-11-12T16:35:00.000","actualTime":"2025-11-12T16:35:00.000","baggage":null,"delay":null,"estimatedRunway":"2025-11-12T16:35:00.000","estimatedTime":"2025-11-12T16:37:00.000","gate":null,"iataCode":"TIJ","icaoCode":"MMTJ","scheduledTime":"2025-11-12T16:58:00.000","terminal":null},"codeshared":null,"departure":{"actualRunway":"2025-11-12T16:06:00.000","actualTime":"2025-11-12T16:06:00.000","baggage":null,"delay":"7","estimatedRunway":"2025-11-12T16:06:00.000","estimatedTime":"2025-11-12T16:02:00.000","gate":null,"iataCode":"AGU","icaoCode":"MMAS","scheduledTime":"2025-11-12T16:00:00.000","terminal":null},"flight":{"iataNumber":"Y43205","icaoNumber":"VOI3205","number":"3205"},"status":"landed","type":"arrival"},{"aircraft":{"icao24":"0D0F00","icaoCode":"A21N","regNumber":"XA-VSX"},"airline":{"iataCode":"Y4","icaoCode":"VOI","name":"Volaris"},"arrival":{"actualRunway":"2025-11-12T16:47:00.000","actualTime":"2025-11-12T16:47:00.000","baggage":null,"delay":null,"estimatedRunway":"2025-11-12T16:47:00.000","estimatedTime":"2025-11-12T16:46:00.000","gate":null,"iataCode":"TIJ","icaoCode":"MMTJ","scheduledTime":"2025-11-12T17:06:00.000","terminal":null},"codeshared":null,"departure":{"actualRunway":"2025-11-12T15:31:00.000","actualTime":"2025-11-12T15:31:00.000","baggage":null,"delay":"22","estimatedRunway":"2025-11-12T15:31:00.000","estimatedTime":"2025-11-12T15:32:00.000","gate":"B5","iataCode":"CUN","icaoCode":"MMUN","scheduledTime":"2025-11-12T15:10:00.000","terminal":"2"},"flight":{"iataNumber":"Y43081","icaoNumber":"VOI3081","number":"3081"},"status":"landed","type":"arrival"},{"aircraft":{"icao24":"A6A4D5","icaoCode":"A320","regNumber":"N527VL"},"airline":{"iataCode":"Y4","icaoCode":"VOI","name":"Volaris"},"arrival":{"actualRunway":null,"actualTime":null,"baggage":null,"delay":"84","estimatedRunway":null,"estimatedTime":"2025-11-12T18:33:00.000","gate":null,"iataCode":"TIJ","icaoCode":"MMTJ","scheduledTime":"2025-11-12T17:10:00.000","terminal":null},"codeshared":null,"departure":{"actualRunway":"2025-11-12T17:44:00.000","actualTime":"2025-11-12T17:44:00.000","baggage":null,"delay":"106","estimatedRunway":"2025-11-12T17:44:00.000","estimatedTime":"2025-11-12T17:45:00.000","gate":"2","iataCode":"SJD","icaoCode":"MMSD","scheduledTime":"2025-11-12T15:59:00.000","terminal":"1"},"flight":{"iataNumber":"Y43103","icaoNumber":"VOI3103","number":"3103"},"status":"scheduled","type":"arrival"},{"aircraft":{"icao24":"0D0D75","icaoCode":"A321","regNumber":"XA-VBN"},"airline":{"iataCode":"VB","icaoCode":"VIV","name":"VivaAerobus"},"arrival":{"actualRunway":"2025-11-12T17:42:00.000","actualTime":"2025-11-12T17:42:00.000","baggage":null,"delay":"27","estimatedRunway":"2025-11-12T17:42:00.000","estimatedTime":"2025-11-12T17:41:00.000","gate":null,"iataCode":"TIJ","icaoCode":"MMTJ","scheduledTime":"2025-11-12T17:15:00.000","terminal":null},"codeshared":null,"departure":{"actualRunway":"2025-11-12T16:39:00.000","actualTime":"2025-11-12T16:39:00.000","baggage":null,"delay":"59","estimatedRunway":"2025-11-12T16:39:00.000","estimatedTime":"2025-11-12T16:19:00.000","gate":"21","iataCode":"MEX","icaoCode":"MMMX","scheduledTime":"2025-11-12T15:40:00.000","terminal":"1"},"flight":{"iataNumber":"VB1254","icaoNumber":"VIV1254","number":"1254"},"status":"landed","type":"arrival"},{"aircraft":{"icao24":"0D0E5E","icaoCode":"A21N","regNumber":"XA-VXF"},"airline":{"iataCode":"VB","icaoCode":"VIV","name":"VivaAerobus"},"arrival":{"actualRunway":"2025-11-12T17:22:00.000","actualTime":"2025-11-12T17:22:00.000","baggage":null,"delay":"3","estimatedRunway":"2025-11-12T17:22:00.000","estimatedTime":"2025-11-12T17:25:00.000","gate":null,"iataCode":"TIJ","icaoCode":"MMTJ","scheduledTime":"2025-11-12T17:20:00.000","terminal":null},"codeshared":null,"departure":{"actualRunway":"2025-11-12T17:04:00.000","actualTime":"2025-11-12T17:04:00.000","baggage":null,"delay":"35","estimatedRunway":"2025-11-12T17:04:00.000","estimatedTime":"2025-11-12T16:40:00.000","gate":null,"iataCode":"PVR","icaoCode":"MMPR","scheduledTime":"2025-11-12T16:30:00.000","terminal":null},"flight":{"iataNumber":"VB5085","icaoNumber":"VIV5085","number":"5085"},"status":"landed","type":"arrival"},{"aircraft":{"icao24":"0D0E29","icaoCode":"B38M","regNumber":"XA-DAO"},"airline":{"iataCode":"AM","icaoCode":"AMX","name":"Aeromexico"},"arrival":{"actualRunway":"2025-11-12T16:57:00.000","actualTime":"2025-11-12T16:57:00.000","baggage":null,"delay":null,"estimatedRunway":"2025-11-12T16:57:00.000","estimatedTime":"2025-11-12T16:57:00.000","gate":null,"iataCode":"TIJ","icaoCode":"MMTJ","scheduledTime":"2025-11-12T17:25:00.000","terminal":null},"codeshared":null,"departure":{"actualRunway":"2025-11-12T15:53:00.000","actualTime":"2025-11-12T15:53:00.000","baggage":null,"delay":"24","estimatedRunway":"2025-11-12T15:53:00.000","estimatedTime":"2025-11-12T15:30:00.000","gate":"53","iataCode":"MEX","icaoCode":"MMMX","scheduledTime":"2025-11-12T15:30:00.000","terminal":"2"},"flight":{"iataNumber":"AM178","icaoNumber":"AMX178","number":"178"},"status":"landed","type":"arrival"},{"aircraft":{"icao24":"0D0CCE","icaoCode":"A20N","regNumber":"XA-VRO"},"airline":{"iataCode":"Y4","icaoCode":"VOI","name":"Volaris"},"arrival":{"actualRunway":"2025-11-12T18:08:00.000","actualTime":"2025-11-12T18:08:00.000","baggage":null,"delay":"43","estimatedRunway":"2025-11-12T18:08:00.000","estimatedTime":"2025-11-12T18:08:00.000","gate":null,"iataCode":"TIJ","icaoCode":"MMTJ","scheduledTime":"2025-11-12T17:26:00.000","terminal":null},"codeshared":null,"departure":{"actualRunway":"2025-11-12T17:49:00.000","actualTime":"2025-11-12T17:49:00.000","baggage":null,"delay":"73","estimatedRunway":"2025-11-12T17:49:00.000","estimatedTime":"2025-11-12T17:22:00.000","gate":"18","iataCode":"PVR","icaoCode":"MMPR","scheduledTime":"2025-11-12T16:36:00.000","terminal":null},"flight":{"iataNumber":"Y43123","icaoNumber":"VOI3123","number":"3123"},"status":"landed","type":"arrival"},{"aircraft":{"icao24":"0D099A","icaoCode":"A320","regNumber":"XA-VAR"},"airline":{"iataCode":"VB","icaoCode":"VIV","name":"VivaAerobus"},"arrival":{"actualRunway":"2025-11-12T17:57:00.000","actualTime":"2025-11-12T17:57:00.000","baggage":null,"delay":"17","estimatedRunway":"2025-11-12T17:57:00.000","estimatedTime":"2025-11-12T17:55:00.000","gate":null,"iataCode":"TIJ","icaoCode":"MMTJ","scheduledTime":"2025-11-12T17:40:00.000","terminal":null},"codeshared":null,"departure":{"actualRunway":"2025-11-12T16:44:00.000","actualTime":"2025-11-12T16:44:00.000","baggage":null,"delay":"55","estimatedRunway":"2025-11-12T16:44:00.000","estimatedTime":"2025-11-12T16:15:00.000","gate":null,"iataCode":"CUN","icaoCode":"MMUN","scheduledTime":"2025-11-12T15:50:00.000","terminal":"2"},"flight":{"iataNumber":"VB2264","icaoNumber":"VIV2264","number":"2264"},"status":"landed","type":"arrival"},{"aircraft":{"icao24":"781001","icaoCode":"B789","regNumber":"B-7835"},"airline":{"iataCode":"HU","icaoCode":"CHH","name":"Hainan Airlines"},"arrival":{"actualRunway":"2025-11-12T17:45:00.000","actualTime":"2025-11-12T17:45:00.000","baggage":"6","delay":null,"estimatedRunway":"2025-11-12T17:45:00.000","estimatedTime":"2025-11-12T17:39:00.000","gate":null,"iataCode":"TIJ","icaoCode":"MMTJ","scheduledTime":"2025-11-12T17:55:00.000","terminal":null},"codeshared":null,"departure":{"actualRunway":"2025-11-12T21:40:00.000","actualTime":"2025-11-12T21:40:00.000","baggage":null,"delay":"6","estimatedRunway":"2025-11-12T21:40:00.000","estimatedTime":"2025-11-12T21:37:00.000","gate":"C09","iataCode":"PEK","icaoCode":"ZBAA","scheduledTime":"2025-11-12T21:35:00.000","terminal":"2"},"flight":{"iataNumber":"HU7925","icaoNumber":"CHH7925","number":"7925"},"status":"landed","type":"arrival"},{"aircraft":{"icao24":"0D0E5A","icaoCode":"A21N","regNumber":"XA-VXE"},"airline":{"iataCode":"VB","icaoCode":"VIV","name":"VivaAerobus"},"arrival":{"actualRunway":"2025-11-12T18:01:00.000","actualTime":"2025-11-12T18:01:00.000","baggage":null,"delay":null,"estimatedRunway":"2025-11-12T18:01:00.000","estimatedTime":"2025-11-12T17:59:00.000","gate":null,"iataCode":"TIJ","icaoCode":"MMTJ","scheduledTime":"2025-11-12T18:05:00.000","terminal":null},"codeshared":null,"departure":{"actualRunway":"2025-11-12T17:00:00.000","actualTime":"2025-11-12T17:00:00.000","baggage":null,"delay":"25","estimatedRunway":"2025-11-12T17:00:00.000","estimatedTime":"2025-11-12T16:45:00.000","gate":null,"iataCode":"NLU","icaoCode":"MMSM","scheduledTime":"2025-11-12T16:35:00.000","terminal":null},"flight":{"iataNumber":"VB7429","icaoNumber":"VIV7429","number":"7429"},"status":"landed","type":"arrival"},{"aircraft":{"icao24":"A66AC3","icaoCode":"A320","regNumber":"N512VL"},"airline":{"iataCode":"Y4","icaoCode":"VOI","name":"Volaris"},"arrival":{"actualRunway":"2025-11-12T17:53:00.000","actualTime":"2025-11-12T17:53:00.000","baggage":null,"delay":null,"estimatedRunway":"2025-11-12T17:53:00.000","estimatedTime":"2025-11-12T17:53:00.000","gate":null,"iataCode":"TIJ","icaoCode":"MMTJ","scheduledTime":"2025-11-12T18:05:00.000","terminal":null},"codeshared":null,"departure":{"actualRunway":"2025-11-12T16:53:00.000","actualTime":"2025-11-12T16:53:00.000","baggage":null,"delay":"19","estimatedRunway":"2025-11-12T16:53:00.000","estimatedTime":"2025-11-12T16:54:00.000","gate":"14","iataCode":"TLC","icaoCode":"MMTO","scheduledTime":"2025-11-12T16:35:00.000","terminal":null},"flight":{"iataNumber":"Y43323","icaoNumber":"VOI3323","number":"3323"},"status":"landed","type":"arrival"},{"aircraft":{"icao24":"0D0EC4","icaoCode":"A21N","regNumber":"XA-VSC"},"airline":{"iataCode":"Y4","icaoCode":"VOI","name":"Volaris"},"arrival":{"actualRunway":null,"actualTime":null,"baggage":null,"delay":"51","estimatedRunway":null,"estimatedTime":"2025-11-12T19:08:00.000","gate":null,"iataCode":"TIJ","icaoCode":"MMTJ","scheduledTime":"2025-11-12T18:17:00.000","terminal":null},"codeshared":null,"departure":{"actualRunway":"2025-11-12T18:37:00.000","actualTime":"2025-11-12T18:37:00.000","baggage":null,"delay":"83","estimatedRunway":"2025-11-12T18:37:00.000","estimatedTime":"2025-11-12T18:05:00.000","gate":"A4","iataCode":"GDL","icaoCode":"MMGL","scheduledTime":"2025-11-12T17:15:00.000","terminal":"1"},"flight":{"iataNumber":"Y41006","icaoNumber":"VOI1006","number":"1006"},"status":"scheduled","type":"arrival"},{"aircraft":{"icao24":"0D0B91","icaoCode":"A20N","regNumber":"XA-VRJ"},"airline":{"iataCode":"Y4","icaoCode":"VOI","name":"Volaris"},"arrival":{"actualRunway":null,"actualTime":null,"baggage":null,"delay":"105","estimatedRunway":null,"estimatedTime":"2025-11-12T20:09:00.000","gate":null,"iataCode":"TIJ","icaoCode":"MMTJ","scheduledTime":"2025-11-12T18:25:00.000","terminal":null},"codeshared":null,"departure":{"actualRunway":"2025-11-12T18:40:00.000","actualTime":"2025-11-12T18:40:00.000","baggage":null,"delay":"137","estimatedRunway":"2025-11-12T18:40:00.000","estimatedTime":"2025-11-12T18:41:00.000","gate":"12","iataCode":"OAX","icaoCode":"MMOX","scheduledTime":"2025-11-12T16:24:00.000","terminal":null},"flight":{"iataNumber":"Y45901","icaoNumber":"VOI5901","number":"5901"},"status":"scheduled","type":"arrival"},{"aircraft":{"icao24":"E80046","icaoCode":"A20N","regNumber":"CC-DBL"},"airline":{"iataCode":"H2","icaoCode":"SKU","name":"Sky Airline"},"arrival":{"actualRunway":"2025-11-12T18:42:00.000","actualTime":"2025-11-12T18:42:00.000","baggage":null,"delay":null,"estimatedRunway":"2025-11-12T18:42:00.000","estimatedTime":"2025-11-12T18:42:00.000","gate":null,"iataCode":"TIJ","icaoCode":"MMTJ","scheduledTime":"2025-11-12T18:50:00.000","terminal":null},"codeshared":null,"departure":{"actualRunway":"2025-11-12T18:21:00.000","actualTime":"2025-11-12T18:21:00.000","baggage":null,"delay":"32","estimatedRunway":"2025-11-12T18:21:00.000","estimatedTime":"2025-11-12T17:50:00.000","gate":null,"iataCode":"MTY","icaoCode":"MMMY","scheduledTime":"2025-11-12T17:50:00.000","terminal":"C"},"flight":{"iataNumber":"H27401","icaoNumber":"SKU7401","number":"7401"},"status":"landed","type":"arrival"},{"aircraft":{"icao24":"0D118C","icaoCode":"A320","regNumber":"XA-VDJ"},"airline":{"iataCode":"VB","icaoCode":"VIV","name":"VivaAerobus"},"arrival":{"actualRunway":"2025-11-12T18:49:00.000","actualTime":"2025-11-12T18:49:00.000","baggage":null,"delay":null,"estimatedRunway":"2025-11-12T18:49:00.000","estimatedTime":"2025-11-12T18:48:00.000","gate":null,"iataCode":"TIJ","icaoCode":"MMTJ","scheduledTime":"2025-11-12T19:10:00.000","terminal":null},"codeshared":null,"departure":{"actualRunway":"2025-11-12T18:16:00.000","actualTime":"2025-11-12T18:16:00.000","baggage":null,"delay":"7","estimatedRunway":"2025-11-12T18:16:00.000","estimatedTime":"2025-11-12T18:20:00.000","gate":null,"iataCode":"GDL","icaoCode":"MMGL","scheduledTime":"2025-11-12T18:10:00.000","terminal":"1"},"flight":{"iataNumber":"VB7433","icaoNumber":"VIV7433","number":"7433"},"status":"landed","type":"arrival"},{"aircraft":{"icao24":"0D1154","icaoCode":"A20N","regNumber":"XA-VUU"},"airline":{"iataCode":"Y4","icaoCode":"VOI","name":"Volaris"},"arrival":{"actualRunway":null,"actualTime":null,"baggage":null,"delay":null,"estimatedRunway":null,"estimatedTime":null,"gate":null,"iataCode":"TIJ","icaoCode":"MMTJ","scheduledTime":"2025-11-12T19:15:00.000","terminal":null},"codeshared":null,"departure":{"actualRunway":null,"actualTime":null,"baggage":null,"delay":"233","estimatedRunway":null,"estimatedTime":"2025-11-12T22:18:00.000","gate":"12","iataCode":"PVR","icaoCode":"MMPR","scheduledTime":"2025-11-12T18:25:00.000","terminal":null},"flight":{"iataNumber":"Y43125","icaoNumber":"VOI3125","number":"3125"},"status":"unknown","type":"arrival"},{"aircraft":{"icao24":"0D0B35","icaoCode":"A20N","regNumber":"XA-VRF"},"airline":{"iataCode":"Y4","icaoCode":"VOI","name":"Volaris"},"arrival":{"actualRunway":"2025-11-12T19:17:00.000","actualTime":"2025-11-12T19:17:00.000","baggage":null,"delay":"3","estimatedRunway":"2025-11-12T19:17:00.000","estimatedTime":"2025-11-12T19:21:00.000","gate":null,"iataCode":"TIJ","icaoCode":"MMTJ","scheduledTime":"2025-11-12T19:15:00.000","terminal":null},"codeshared":null,"departure":{"actualRunway":"2025-11-12T19:40:00.000","actualTime":"2025-11-12T19:40:00.000","baggage":null,"delay":"30","estimatedRunway":"2025-11-12T19:40:00.000","estimatedTime":"2025-11-12T19:25:00.000","gate":"2","iataCode":"CUU","icaoCode":"MMCU","scheduledTime":"2025-11-12T19:10:00.000","terminal":null},"flight":{"iataNumber":"Y43293","icaoNumber":"VOI3293","number":"3293"},"status":"landed","type":"arrival"},{"aircraft":{"icao24":"0D0FFD","icaoCode":"A320","regNumber":"XA-VVA"},"airline":{"iataCode":"Y4","icaoCode":"VOI","name":"Volaris"},"arrival":{"actualRunway":null,"actualTime":null,"baggage":null,"delay":"80","estimatedRunway":null,"estimatedTime":"2025-11-12T20:45:00.000","gate":null,"iataCode":"TIJ","icaoCode":"MMTJ","scheduledTime":"2025-11-12T19:26:00.000","terminal":null},"codeshared":null,"departure":{"actualRunway":"2025-11-12T19:59:00.000","actualTime":"2025-11-12T19:59:00.000","baggage":null,"delay":"104","estimatedRunway":"2025-11-12T19:59:00.000","estimatedTime":"2025-11-12T19:17:00.000","gate":"2","iataCode":"CUL","icaoCode":"MMCL","scheduledTime":"2025-11-12T18:15:00.000","terminal":null},"flight":{"iataNumber":"Y43009","icaoNumber":"VOI3009","number":"3009"},"status":"scheduled","type":"arrival"},{"aircraft":{"icao24":"0D0DDA","icaoCode":"B38M","regNumber":"XA-CCO"},"airline":{"iataCode":"LA","icaoCode":"LAN","name":"LATAM Airlines"},"arrival":{"actualRunway":"2025-11-12T19:22:00.000","actualTime":"2025-11-12T19:22:00.000","baggage":null,"delay":null,"estimatedRunway":"2025-11-12T19:22:00.000","estimatedTime":"2025-11-12T19:23:00.000","gate":null,"iataCode":"TIJ","icaoCode":"MMTJ","scheduledTime":"2025-11-12T19:50:00.000","terminal":null},"codeshared":{"airline":{"iataCode":"am","icaoCode":"amx","name":"aeromexico"},"flight":{"iataNumber":"am180","icaoNumber":"amx180","number":"180"}},"departure":{"actualRunway":"2025-11-12T18:18:00.000","actualTime":"2025-11-12T18:18:00.000","baggage":null,"delay":"24","estimatedRunway":"2025-11-12T18:18:00.000","estimatedTime":"2025-11-12T17:54:00.000","gate":"61","iataCode":"MEX","icaoCode":"MMMX","scheduledTime":"2025-11-12T17:55:00.000","terminal":"2"},"flight":{"iataNumber":"LA7588","icaoNumber":"LAN7588","number":"7588"},"status":"landed","type":"arrival"},{"aircraft":{"icao24":"0D0DDA","icaoCode":"B38M","regNumber":"XA-CCO"},"airline":{"iataCode":"WS","icaoCode":"WJA","name":"WestJet"},"arrival":{"actualRunway":"2025-11-12T19:22:00.000","actualTime":"2025-11-12T19:22:00.000","baggage":null,"delay":null,"estimatedRunway":"2025-11-12T19:22:00.000","estimatedTime":"2025-11-12T19:23:00.000","gate":null,"iataCode":"TIJ","icaoCode":"MMTJ","scheduledTime":"2025-11-12T19:50:00.000","terminal":null},"codeshared":{"airline":{"iataCode":"am","icaoCode":"amx","name":"aeromexico"},"flight":{"iataNumber":"am180","icaoNumber":"amx180","number":"180"}},"departure":{"actualRunway":"2025-11-12T18:18:00.000","actualTime":"2025-11-12T18:18:00.000","baggage":null,"delay":"24","estimatedRunway":"2025-11-12T18:18:00.000","estimatedTime":"2025-11-12T17:54:00.000","gate":"61","iataCode":"MEX","icaoCode":"MMMX","scheduledTime":"2025-11-12T17:55:00.000","terminal":"2"},"flight":{"iataNumber":"WS5785","icaoNumber":"WJA5785","number":"5785"},"status":"landed","type":"arrival"},{"aircraft":{"icao24":"0D0DDA","icaoCode":"B38M","regNumber":"XA-CCO"},"airline":{"iataCode":"AM","icaoCode":"AMX","name":"Aeromexico"},"arrival":{"actualRunway":"2025-11-12T19:22:00.000","actualTime":"2025-11-12T19:22:00.000","baggage":null,"delay":null,"estimatedRunway":"2025-11-12T19:22:00.000","estimatedTime":"2025-11-12T19:23:00.000","gate":null,"iataCode":"TIJ","icaoCode":"MMTJ","scheduledTime":"2025-11-12T19:50:00.000","terminal":null},"codeshared":null,"departure":{"actualRunway":"2025-11-12T18:18:00.000","actualTime":"2025-11-12T18:18:00.000","baggage":null,"delay":"24","estimatedRunway":"2025-11-12T18:18:00.000","estimatedTime":"2025-11-12T17:54:00.000","gate":"61","iataCode":"MEX","icaoCode":"MMMX","scheduledTime":"2025-11-12T17:55:00.000","terminal":"2"},"flight":{"iataNumber":"AM180","icaoNumber":"AMX180","number":"180"},"status":"landed","type":"arrival"},{"aircraft":{"icao24":"0D081C","icaoCode":"A320","regNumber":"XA-VLD"},"airline":{"iataCode":"Y4","icaoCode":"VOI","name":"Volaris"},"arrival":{"actualRunway":"2025-11-12T19:55:00.000","actualTime":"2025-11-12T19:55:00.000","baggage":null,"delay":null,"estimatedRunway":"2025-11-12T19:55:00.000","estimatedTime":"2025-11-12T19:52:00.000","gate":null,"iataCode":"TIJ","icaoCode":"MMTJ","scheduledTime":"2025-11-12T19:58:00.000","terminal":null},"codeshared":null,"departure":{"actualRunway":"2025-11-12T19:09:00.000","actualTime":"2025-11-12T19:09:00.000","baggage":null,"delay":"23","estimatedRunway":"2025-11-12T19:09:00.000","estimatedTime":"2025-11-12T19:10:00.000","gate":"7","iataCode":"SJD","icaoCode":"MMSD","scheduledTime":"2025-11-12T18:47:00.000","terminal":"1"},"flight":{"iataNumber":"Y43105","icaoNumber":"VOI3105","number":"3105"},"status":"landed","type":"arrival"},{"aircraft":{"icao24":"0D0CDD","icaoCode":"A320","regNumber":"XA-VAI"},"airline":{"iataCode":"VB","icaoCode":"VIV","name":"VivaAerobus"},"arrival":{"actualRunway":"2025-11-12T19:39:00.000","actualTime":"2025-11-12T19:39:00.000","baggage":null,"delay":null,"estimatedRunway":"2025-11-12T19:39:00.000","estimatedTime":"2025-11-12T19:36:00.000","gate":null,"iataCode":"TIJ","icaoCode":"MMTJ","scheduledTime":"2025-11-12T20:00:00.000","terminal":null},"codeshared":null,"departure":{"actualRunway":"2025-11-12T19:09:00.000","actualTime":"2025-11-12T19:09:00.000","baggage":null,"delay":"10","estimatedRunway":"2025-11-12T19:09:00.000","estimatedTime":"2025-11-12T19:10:00.000","gate":null,"iataCode":"GDL","icaoCode":"MMGL","scheduledTime":"2025-11-12T19:00:00.000","terminal":"1"},"flight":{"iataNumber":"VB7027","icaoNumber":"VIV7027","number":"7027"},"status":"landed","type":"arrival"},{"aircraft":{"icao24":"A6C12F","icaoCode":"A21N","regNumber":"N534VL"},"airline":{"iataCode":"Y4","icaoCode":"VOI","name":"Volaris"},"arrival":{"actualRunway":"2025-11-12T20:23:00.000","actualTime":"2025-11-12T20:23:00.000","baggage":null,"delay":"23","estimatedRunway":"2025-11-12T20:23:00.000","estimatedTime":"2025-11-12T20:24:00.000","gate":null,"iataCode":"TIJ","icaoCode":"MMTJ","scheduledTime":"2025-11-12T20:00:00.000","terminal":null},"codeshared":null,"departure":{"actualRunway":"2025-11-12T19:08:00.000","actualTime":"2025-11-12T19:08:00.000","baggage":null,"delay":"64","estimatedRunway":"2025-11-12T19:08:00.000","estimatedTime":"2025-11-12T19:00:00.000","gate":"A1","iataCode":"CUN","icaoCode":"MMUN","scheduledTime":"2025-11-12T18:04:00.000","terminal":"2"},"flight":{"iataNumber":"Y43085","icaoNumber":"VOI3085","number":"3085"},"status":"landed","type":"arrival"},{"aircraft":{"icao24":"0D0A0D","icaoCode":"A321","regNumber":"XA-VRB"},"airline":{"iataCode":"Y4","icaoCode":"VOI","name":"Volaris"},"arrival":{"actualRunway":"2025-11-12T20:26:00.000","actualTime":"2025-11-12T20:26:00.000","baggage":null,"delay":"22","estimatedRunway":"2025-11-12T20:26:00.000","estimatedTime":"2025-11-12T20:26:00.000","gate":null,"iataCode":"TIJ","icaoCode":"MMTJ","scheduledTime":"2025-11-12T20:05:00.000","terminal":null},"codeshared":null,"departure":{"actualRunway":"2025-11-12T20:29:00.000","actualTime":"2025-11-12T20:29:00.000","baggage":null,"delay":"50","estimatedRunway":"2025-11-12T20:29:00.000","estimatedTime":"2025-11-12T20:33:00.000","gate":"4","iataCode":"HMO","icaoCode":"MMHO","scheduledTime":"2025-11-12T19:39:00.000","terminal":null},"flight":{"iataNumber":"Y43185","icaoNumber":"VOI3185","number":"3185"},"status":"landed","type":"arrival"},{"aircraft":{"icao24":"A65220","icaoCode":"A320","regNumber":"N506VL"},"airline":{"iataCode":"Y4","icaoCode":"VOI","name":"Volaris"},"arrival":{"actualRunway":null,"actualTime":null,"baggage":null,"delay":"152","estimatedRunway":null,"estimatedTime":"2025-11-12T22:38:00.000","gate":null,"iataCode":"TIJ","icaoCode":"MMTJ","scheduledTime":"2025-11-12T20:07:00.000","terminal":null},"codeshared":null,"departure":{"actualRunway":"2025-11-12T22:06:00.000","actualTime":"2025-11-12T22:06:00.000","baggage":null,"delay":"181","estimatedRunway":"2025-11-12T22:06:00.000","estimatedTime":"2025-11-12T21:40:00.000","gate":"A2","iataCode":"GDL","icaoCode":"MMGL","scheduledTime":"2025-11-12T19:05:00.000","terminal":"1"},"flight":{"iataNumber":"Y41008","icaoNumber":"VOI1008","number":"1008"},"status":"scheduled","type":"arrival"},{"aircraft":{"icao24":"0D099E","icaoCode":"A320","regNumber":"XA-VLP"},"airline":{"iataCode":"Y4","icaoCode":"VOI","name":"Volaris"},"arrival":{"actualRunway":"2025-11-12T19:51:00.000","actualTime":"2025-11-12T19:51:00.000","baggage":null,"delay":null,"estimatedRunway":"2025-11-12T19:51:00.000","estimatedTime":"2025-11-12T19:49:00.000","gate":null,"iataCode":"TIJ","icaoCode":"MMTJ","scheduledTime":"2025-11-12T20:09:00.000","terminal":null},"codeshared":null,"departure":{"actualRunway":"2025-11-12T19:06:00.000","actualTime":"2025-11-12T19:06:00.000","baggage":null,"delay":"11","estimatedRunway":"2025-11-12T19:06:00.000","estimatedTime":"2025-11-12T18:56:00.000","gate":"2","iataCode":"UPN","icaoCode":"MMPN","scheduledTime":"2025-11-12T18:56:00.000","terminal":null},"flight":{"iataNumber":"Y43275","icaoNumber":"VOI3275","number":"3275"},"status":"landed","type":"arrival"},{"aircraft":{"icao24":"0D0984","icaoCode":"A320","regNumber":"XA-VLM"},"airline":{"iataCode":"Y4","icaoCode":"VOI","name":"Volaris"},"arrival":{"actualRunway":"2025-11-12T19:44:00.000","actualTime":"2025-11-12T19:44:00.000","baggage":null,"delay":null,"estimatedRunway":"2025-11-12T19:44:00.000","estimatedTime":"2025-11-12T19:44:00.000","gate":null,"iataCode":"TIJ","icaoCode":"MMTJ","scheduledTime":"2025-11-12T20:16:00.000","terminal":null},"codeshared":null,"departure":{"actualRunway":"2025-11-12T18:33:00.000","actualTime":"2025-11-12T18:33:00.000","baggage":null,"delay":null,"estimatedRunway":"2025-11-12T18:33:00.000","estimatedTime":"2025-11-12T18:34:00.000","gate":"3","iataCode":"PBC","icaoCode":"MMPB","scheduledTime":"2025-11-12T18:34:00.000","terminal":null},"flight":{"iataNumber":"Y43223","icaoNumber":"VOI3223","number":"3223"},"status":"landed","type":"arrival"},{"aircraft":{"icao24":"0D09EF","icaoCode":"A20N","regNumber":"XA-VIV"},"airline":{"iataCode":"VB","icaoCode":"VIV","name":"VivaAerobus"},"arrival":{"actualRunway":"2025-11-12T21:14:00.000","actualTime":"2025-11-12T21:14:00.000","baggage":null,"delay":"34","estimatedRunway":"2025-11-12T21:14:00.000","estimatedTime":"2025-11-12T21:13:00.000","gate":null,"iataCode":"TIJ","icaoCode":"MMTJ","scheduledTime":"2025-11-12T20:40:00.000","terminal":null},"codeshared":null,"departure":{"actualRunway":"2025-11-12T20:34:00.000","actualTime":"2025-11-12T20:34:00.000","baggage":null,"delay":"60","estimatedRunway":"2025-11-12T20:34:00.000","estimatedTime":"2025-11-12T19:45:00.000","gate":null,"iataCode":"LAP","icaoCode":"MMLP","scheduledTime":"2025-11-12T19:35:00.000","terminal":null},"flight":{"iataNumber":"VB7371","icaoNumber":"VIV7371","number":"7371"},"status":"landed","type":"arrival"},{"aircraft":{"icao24":"0D11E6","icaoCode":"A21N","regNumber":"XA-VXX"},"airline":{"iataCode":"VB","icaoCode":"VIV","name":"VivaAerobus"},"arrival":{"actualRunway":"2025-11-12T19:28:00.000","actualTime":"2025-11-12T19:28:00.000","baggage":null,"delay":null,"estimatedRunway":"2025-11-12T19:28:00.000","estimatedTime":"2025-11-12T19:27:00.000","gate":null,"iataCode":"TIJ","icaoCode":"MMTJ","scheduledTime":"2025-11-12T20:45:00.000","terminal":null},"codeshared":null,"departure":{"actualRunway":"2025-11-12T18:42:00.000","actualTime":"2025-11-12T18:42:00.000","baggage":null,"delay":"12","estimatedRunway":"2025-11-12T18:42:00.000","estimatedTime":"2025-11-12T18:40:00.000","gate":null,"iataCode":"SJD","icaoCode":"MMSD","scheduledTime":"2025-11-12T18:30:00.000","terminal":"1"},"flight":{"iataNumber":"VB7065","icaoNumber":"VIV7065","number":"7065"},"status":"landed","type":"arrival"},{"aircraft":{"icao24":"0D0A21","icaoCode":"A321","regNumber":"XA-VLZ"},"airline":{"iataCode":"Y4","icaoCode":"VOI","name":"Volaris"},"arrival":{"actualRunway":"2025-11-12T20:39:00.000","actualTime":"2025-11-12T20:39:00.000","baggage":null,"delay":null,"estimatedRunway":"2025-11-12T20:39:00.000","estimatedTime":"2025-11-12T20:39:00.000","gate":null,"iataCode":"TIJ","icaoCode":"MMTJ","scheduledTime":"2025-11-12T20:45:00.000","terminal":null},"codeshared":null,"departure":{"actualRunway":"2025-11-12T19:36:00.000","actualTime":"2025-11-12T19:36:00.000","baggage":null,"delay":"37","estimatedRunway":"2025-11-12T19:36:00.000","estimatedTime":"2025-11-12T19:45:00.000","gate":"13","iataCode":"MEX","icaoCode":"MMMX","scheduledTime":"2025-11-12T19:00:00.000","terminal":"1"},"flight":{"iataNumber":"Y4184","icaoNumber":"VOI184","number":"184"},"status":"landed","type":"arrival"},{"aircraft":{"icao24":"0D11C0","icaoCode":"E295","regNumber":"XA-MXC"},"airline":{"iataCode":"XN","icaoCode":"MXA","name":"Mexicana"},"arrival":{"actualRunway":"2025-11-12T21:01:00.000","actualTime":"2025-11-12T21:01:00.000","baggage":null,"delay":null,"estimatedRunway":"2025-11-12T21:01:00.000","estimatedTime":"2025-11-12T20:59:00.000","gate":null,"iataCode":"TIJ","icaoCode":"MMTJ","scheduledTime":"2025-11-12T21:10:00.000","terminal":null},"codeshared":null,"departure":{"actualRunway":"2025-11-12T19:59:00.000","actualTime":"2025-11-12T19:59:00.000","baggage":null,"delay":"19","estimatedRunway":"2025-11-12T19:59:00.000","estimatedTime":null,"gate":null,"iataCode":"NLU","icaoCode":"MMSM","scheduledTime":"2025-11-12T19:40:00.000","terminal":null},"flight":{"iataNumber":"XN1204","icaoNumber":"MXA1204","number":"1204"},"status":"landed","type":"arrival"},{"aircraft":{"icao24":"0D0D6F","icaoCode":"B738","regNumber":"XA-OCC"},"airline":{"iataCode":"AF","icaoCode":"AFR","name":"Air France"},"arrival":{"actualRunway":"2025-11-12T20:35:00.000","actualTime":"2025-11-12T20:35:00.000","baggage":null,"delay":null,"estimatedRunway":"2025-11-12T20:35:00.000","estimatedTime":"2025-11-12T20:34:00.000","gate":"4","iataCode":"TIJ","icaoCode":"MMTJ","scheduledTime":"2025-11-12T21:30:00.000","terminal":null},"codeshared":{"airline":{"iataCode":"am","icaoCode":"amx","name":"aeromexico"},"flight":{"iataNumber":"am184","icaoNumber":"amx184","number":"184"}},"departure":{"actualRunway":"2025-11-12T19:35:00.000","actualTime":"2025-11-12T19:35:00.000","baggage":null,"delay":"10","estimatedRunway":"2025-11-12T19:35:00.000","estimatedTime":"2025-11-12T19:16:00.000","gate":"80","iataCode":"MEX","icaoCode":"MMMX","scheduledTime":"2025-11-12T19:25:00.000","terminal":"2"},"flight":{"iataNumber":"AF8156","icaoNumber":"AFR8156","number":"8156"},"status":"landed","type":"arrival"},{"aircraft":{"icao24":"0D0D6F","icaoCode":"B738","regNumber":"XA-OCC"},"airline":{"iataCode":"G3","icaoCode":"GLO","name":"Gol"},"arrival":{"actualRunway":"2025-11-12T20:35:00.000","actualTime":"2025-11-12T20:35:00.000","baggage":null,"delay":null,"estimatedRunway":"2025-11-12T20:35:00.000","estimatedTime":"2025-11-12T20:34:00.000","gate":"4","iataCode":"TIJ","icaoCode":"MMTJ","scheduledTime":"2025-11-12T21:30:00.000","terminal":null},"codeshared":{"airline":{"iataCode":"am","icaoCode":"amx","name":"aeromexico"},"flight":{"iataNumber":"am184","icaoNumber":"amx184","number":"184"}},"departure":{"actualRunway":"2025-11-12T19:35:00.000","actualTime":"2025-11-12T19:35:00.000","baggage":null,"delay":"10","estimatedRunway":"2025-11-12T19:35:00.000","estimatedTime":"2025-11-12T19:16:00.000","gate":"80","iataCode":"MEX","icaoCode":"MMMX","scheduledTime":"2025-11-12T19:25:00.000","terminal":"2"},"flight":{"iataNumber":"G33836","icaoNumber":"GLO3836","number":"3836"},"status":"landed","type":"arrival"},{"aircraft":{"icao24":"0D0D6F","icaoCode":"B738","regNumber":"XA-OCC"},"airline":{"iataCode":"LA","icaoCode":"LAN","name":"LATAM Airlines"},"arrival":{"actualRunway":"2025-11-12T20:35:00.000","actualTime":"2025-11-12T20:35:00.000","baggage":null,"delay":null,"estimatedRunway":"2025-11-12T20:35:00.000","estimatedTime":"2025-11-12T20:34:00.000","gate":"4","iataCode":"TIJ","icaoCode":"MMTJ","scheduledTime":"2025-11-12T21:30:00.000","terminal":null},"codeshared":{"airline":{"iataCode":"am","icaoCode":"amx","name":"aeromexico"},"flight":{"iataNumber":"am184","icaoNumber":"amx184","number":"184"}},"departure":{"actualRunway":"2025-11-12T19:35:00.000","actualTime":"2025-11-12T19:35:00.000","baggage":null,"delay":"10","estimatedRunway":"2025-11-12T19:35:00.000","estimatedTime":"2025-11-12T19:16:00.000","gate":"80","iataCode":"MEX","icaoCode":"MMMX","scheduledTime":"2025-11-12T19:25:00.000","terminal":"2"},"flight":{"iataNumber":"LA7730","icaoNumber":"LAN7730","number":"7730"},"status":"landed","type":"arrival"},{"aircraft":{"icao24":"0D0D6F","icaoCode":"B738","regNumber":"XA-OCC"},"airline":{"iataCode":"AM","icaoCode":"AMX","name":"Aeromexico"},"arrival":{"actualRunway":"2025-11-12T20:35:00.000","actualTime":"2025-11-12T20:35:00.000","baggage":null,"delay":null,"estimatedRunway":"2025-11-12T20:35:00.000","estimatedTime":"2025-11-12T20:34:00.000","gate":"4","iataCode":"TIJ","icaoCode":"MMTJ","scheduledTime":"2025-11-12T21:30:00.000","terminal":null},"codeshared":null,"departure":{"actualRunway":"2025-11-12T19:35:00.000","actualTime":"2025-11-12T19:35:00.000","baggage":null,"delay":"10","estimatedRunway":"2025-11-12T19:35:00.000","estimatedTime":"2025-11-12T19:16:00.000","gate":"80","iataCode":"MEX","icaoCode":"MMMX","scheduledTime":"2025-11-12T19:25:00.000","terminal":"2"},"flight":{"iataNumber":"AM184","icaoNumber":"AMX184","number":"184"},"status":"landed","type":"arrival"},{"aircraft":{"icao24":"0D0A26","icaoCode":"A320","regNumber":"XA-VRA"},"airline":{"iataCode":"Y4","icaoCode":"VOI","name":"Volaris"},"arrival":{"actualRunway":null,"actualTime":null,"baggage":null,"delay":null,"estimatedRunway":null,"estimatedTime":"2025-11-12T21:25:00.000","gate":null,"iataCode":"TIJ","icaoCode":"MMTJ","scheduledTime":"2025-11-12T21:50:00.000","terminal":null},"codeshared":null,"departure":{"actualRunway":"2025-11-12T20:42:00.000","actualTime":"2025-11-12T20:42:00.000","baggage":null,"delay":"3","estimatedRunway":"2025-11-12T20:42:00.000","estimatedTime":"2025-11-12T20:39:00.000","gate":"1","iataCode":"CUL","icaoCode":"MMCL","scheduledTime":"2025-11-12T20:39:00.000","terminal":null},"flight":{"iataNumber":"Y45923","icaoNumber":"VOI5923","number":"5923"},"status":"active","type":"arrival"},{"aircraft":{"icao24":"0D0CFD","icaoCode":"A20N","regNumber":"XA-VRT"},"airline":{"iataCode":"Y4","icaoCode":"VOI","name":"Volaris"},"arrival":{"actualRunway":null,"actualTime":null,"baggage":null,"delay":"14","estimatedRunway":null,"estimatedTime":"2025-11-12T22:06:00.000","gate":null,"iataCode":"TIJ","icaoCode":"MMTJ","scheduledTime":"2025-11-12T21:53:00.000","terminal":null},"codeshared":null,"departure":{"actualRunway":"2025-11-12T20:46:00.000","actualTime":"2025-11-12T20:46:00.000","baggage":null,"delay":"40","estimatedRunway":"2025-11-12T20:46:00.000","estimatedTime":"2025-11-12T20:44:00.000","gate":"A1","iataCode":"TPQ","icaoCode":"MMEP","scheduledTime":"2025-11-12T20:07:00.000","terminal":null},"flight":{"iataNumber":"Y43241","icaoNumber":"VOI3241","number":"3241"},"status":"active","type":"arrival"},{"aircraft":{"icao24":"0D0D37","icaoCode":"A20N","regNumber":"XA-VRX"},"airline":{"iataCode":"Y4","icaoCode":"VOI","name":"Volaris"},"arrival":{"actualRunway":null,"actualTime":null,"baggage":null,"delay":"40","estimatedRunway":null,"estimatedTime":"2025-11-12T22:34:00.000","gate":null,"iataCode":"TIJ","icaoCode":"MMTJ","scheduledTime":"2025-11-12T21:55:00.000","terminal":null},"codeshared":null,"departure":{"actualRunway":"2025-11-12T22:02:00.000","actualTime":"2025-11-12T22:02:00.000","baggage":null,"delay":"62","estimatedRunway":"2025-11-12T22:02:00.000","estimatedTime":"2025-11-12T22:00:00.000","gate":"3","iataCode":"LMM","icaoCode":"MMLM","scheduledTime":"2025-11-12T21:00:00.000","terminal":null},"flight":{"iataNumber":"Y43259","icaoNumber":"VOI3259","number":"3259"},"status":"scheduled","type":"arrival"},{"aircraft":{"icao24":"0D0F00","icaoCode":"A21N","regNumber":"XA-VSX"},"airline":{"iataCode":"Y4","icaoCode":"VOI","name":"Volaris"},"arrival":{"actualRunway":null,"actualTime":null,"baggage":null,"delay":"4","estimatedRunway":null,"estimatedTime":"2025-11-12T22:00:00.000","gate":null,"iataCode":"TIJ","icaoCode":"MMTJ","scheduledTime":"2025-11-12T21:57:00.000","terminal":null},"codeshared":null,"departure":{"actualRunway":"2025-11-12T21:43:00.000","actualTime":"2025-11-12T21:43:00.000","baggage":null,"delay":"24","estimatedRunway":"2025-11-12T21:43:00.000","estimatedTime":"2025-11-12T21:41:00.000","gate":"3","iataCode":"CEN","icaoCode":"MMCN","scheduledTime":"2025-11-12T21:19:00.000","terminal":null},"flight":{"iataNumber":"Y43317","icaoNumber":"VOI3317","number":"3317"},"status":"active","type":"arrival"},{"aircraft":{"icao24":"0D1140","icaoCode":"A21N","regNumber":"XA-VUX"},"airline":{"iataCode":"Y4","icaoCode":"VOI","name":"Volaris"},"arrival":{"actualRunway":null,"actualTime":null,"baggage":null,"delay":null,"estimatedRunway":null,"estimatedTime":"2025-11-12T21:41:00.000","gate":null,"iataCode":"TIJ","icaoCode":"MMTJ","scheduledTime":"2025-11-12T21:59:00.000","terminal":null},"codeshared":null,"departure":{"actualRunway":"2025-11-12T21:06:00.000","actualTime":"2025-11-12T21:06:00.000","baggage":null,"delay":"10","estimatedRunway":"2025-11-12T21:06:00.000","estimatedTime":"2025-11-12T21:08:00.000","gate":"D41","iataCode":"GDL","icaoCode":"MMGL","scheduledTime":"2025-11-12T20:57:00.000","terminal":"1"},"flight":{"iataNumber":"Y41016","icaoNumber":"VOI1016","number":"1016"},"status":"active","type":"arrival"},{"aircraft":{"icao24":"0D111A","icaoCode":"A21N","regNumber":"XA-VUV"},"airline":{"iataCode":"Y4","icaoCode":"VOI","name":"Volaris"},"arrival":{"actualRunway":null,"actualTime":null,"baggage":null,"delay":"28","estimatedRunway":null,"estimatedTime":"2025-11-12T23:00:00.000","gate":null,"iataCode":"TIJ","icaoCode":"MMTJ","scheduledTime":"2025-11-12T22:32:00.000","terminal":null},"codeshared":null,"departure":{"actualRunway":"2025-11-12T22:25:00.000","actualTime":"2025-11-12T22:25:00.000","baggage":null,"delay":"59","estimatedRunway":"2025-11-12T22:25:00.000","estimatedTime":"2025-11-12T22:01:00.000","gate":"2","iataCode":"SLP","icaoCode":"MMSP","scheduledTime":"2025-11-12T21:27:00.000","terminal":null},"flight":{"iataNumber":"Y43377","icaoNumber":"VOI3377","number":"3377"},"status":"scheduled","type":"arrival"},{"aircraft":{"icao24":"","icaoCode":"A21N","regNumber":""},"airline":{"iataCode":"Y4","icaoCode":"VOI","name":"Volaris"},"arrival":{"actualRunway":null,"actualTime":null,"baggage":null,"delay":null,"estimatedRunway":null,"estimatedTime":null,"gate":null,"iataCode":"TIJ","icaoCode":"MMTJ","scheduledTime":"2025-11-12T22:33:00.000","terminal":null},"codeshared":null,"departure":{"actualRunway":null,"actualTime":null,"baggage":null,"delay":"102","estimatedRunway":null,"estimatedTime":"2025-11-13T00:16:00.000","gate":"7","iataCode":"CJS","icaoCode":"MMCS","scheduledTime":"2025-11-12T22:34:00.000","terminal":null},"flight":{"iataNumber":"Y43283","icaoNumber":"VOI3283","number":"3283"},"status":"scheduled","type":"arrival"},{"aircraft":{"icao24":"0D0C93","icaoCode":"A21N","regNumber":"XA-VBA"},"airline":{"iataCode":"IB","icaoCode":"IBE","name":"Iberia"},"arrival":{"actualRunway":null,"actualTime":null,"baggage":null,"delay":null,"estimatedRunway":null,"estimatedTime":"2025-11-12T22:17:00.000","gate":null,"iataCode":"TIJ","icaoCode":"MMTJ","scheduledTime":"2025-11-12T22:40:00.000","terminal":null},"codeshared":{"airline":{"iataCode":"vb","icaoCode":"viv","name":"vivaaerobus"},"flight":{"iataNumber":"vb1250","icaoNumber":"viv1250","number":"1250"}},"departure":{"actualRunway":"2025-11-12T21:16:00.000","actualTime":"2025-11-12T21:16:00.000","baggage":null,"delay":"12","estimatedRunway":"2025-11-12T21:16:00.000","estimatedTime":"2025-11-12T21:05:00.000","gate":"21","iataCode":"MEX","icaoCode":"MMMX","scheduledTime":"2025-11-12T21:05:00.000","terminal":"1"},"flight":{"iataNumber":"IB7501","icaoNumber":"IBE7501","number":"7501"},"status":"active","type":"arrival"},{"aircraft":{"icao24":"0D0C93","icaoCode":"A21N","regNumber":"XA-VBA"},"airline":{"iataCode":"VB","icaoCode":"VIV","name":"VivaAerobus"},"arrival":{"actualRunway":null,"actualTime":null,"baggage":null,"delay":null,"estimatedRunway":null,"estimatedTime":"2025-11-12T22:17:00.000","gate":null,"iataCode":"TIJ","icaoCode":"MMTJ","scheduledTime":"2025-11-12T22:40:00.000","terminal":null},"codeshared":null,"departure":{"actualRunway":"2025-11-12T21:16:00.000","actualTime":"2025-11-12T21:16:00.000","baggage":null,"delay":"12","estimatedRunway":"2025-11-12T21:16:00.000","estimatedTime":"2025-11-12T21:05:00.000","gate":"21","iataCode":"MEX","icaoCode":"MMMX","scheduledTime":"2025-11-12T21:05:00.000","terminal":"1"},"flight":{"iataNumber":"VB1250","icaoNumber":"VIV1250","number":"1250"},"status":"active","type":"arrival"},{"aircraft":{"icao24":"0D0E5E","icaoCode":"A21N","regNumber":"XA-VXF"},"airline":{"iataCode":"VB","icaoCode":"VIV","name":"VivaAerobus"},"arrival":{"actualRunway":null,"actualTime":null,"baggage":null,"delay":null,"estimatedRunway":null,"estimatedTime":null,"gate":null,"iataCode":"TIJ","icaoCode":"MMTJ","scheduledTime":"2025-11-12T22:55:00.000","terminal":null},"codeshared":null,"departure":{"actualRunway":"2025-11-12T22:23:00.000","actualTime":"2025-11-12T22:23:00.000","baggage":null,"delay":"39","estimatedRunway":"2025-11-12T22:23:00.000","estimatedTime":"2025-11-12T21:55:00.000","gate":null,"iataCode":"CUL","icaoCode":"MMCL","scheduledTime":"2025-11-12T21:45:00.000","terminal":null},"flight":{"iataNumber":"VB5009","icaoNumber":"VIV5009","number":"5009"},"status":"scheduled","type":"arrival"},{"aircraft":{"icao24":"A684C4","icaoCode":"A320","regNumber":"N519VL"},"airline":{"iataCode":"Y4","icaoCode":"VOI","name":"Volaris"},"arrival":{"actualRunway":null,"actualTime":null,"baggage":null,"delay":"39","estimatedRunway":null,"estimatedTime":"2025-11-12T23:36:00.000","gate":null,"iataCode":"TIJ","icaoCode":"MMTJ","scheduledTime":"2025-11-12T22:58:00.000","terminal":null},"codeshared":null,"departure":{"actualRunway":"2025-11-12T23:07:00.000","actualTime":"2025-11-12T23:07:00.000","baggage":null,"delay":"71","estimatedRunway":"2025-11-12T23:07:00.000","estimatedTime":"2025-11-12T22:38:00.000","gate":"9","iataCode":"MTY","icaoCode":"MMMY","scheduledTime":"2025-11-12T21:56:00.000","terminal":"A"},"flight":{"iataNumber":"Y45610","icaoNumber":"VOI5610","number":"5610"},"status":"scheduled","type":"arrival"},{"aircraft":{"icao24":"0D1158","icaoCode":"A21N","regNumber":"XA-VXV"},"airline":{"iataCode":"VB","icaoCode":"VIV","name":"VivaAerobus"},"arrival":{"actualRunway":null,"actualTime":null,"baggage":null,"delay":null,"estimatedRunway":null,"estimatedTime":"2025-11-12T22:34:00.000","gate":null,"iataCode":"TIJ","icaoCode":"MMTJ","scheduledTime":"2025-11-12T23:00:00.000","terminal":null},"codeshared":null,"departure":{"actualRunway":"2025-11-12T21:34:00.000","actualTime":"2025-11-12T21:34:00.000","baggage":null,"delay":"5","estimatedRunway":"2025-11-12T21:34:00.000","estimatedTime":"2025-11-12T21:40:00.000","gate":null,"iataCode":"NLU","icaoCode":"MMSM","scheduledTime":"2025-11-12T21:30:00.000","terminal":null},"flight":{"iataNumber":"VB5067","icaoNumber":"VIV5067","number":"5067"},"status":"active","type":"arrival"},{"aircraft":{"icao24":"0D1218","icaoCode":"A20N","regNumber":"XA-VMG"},"airline":{"iataCode":"VB","icaoCode":"VIV","name":"VivaAerobus"},"arrival":{"actualRunway":null,"actualTime":null,"baggage":null,"delay":"12","estimatedRunway":null,"estimatedTime":"2025-11-12T23:17:00.000","gate":null,"iataCode":"TIJ","icaoCode":"MMTJ","scheduledTime":"2025-11-12T23:05:00.000","terminal":null},"codeshared":null,"departure":{"actualRunway":"2025-11-12T22:43:00.000","actualTime":"2025-11-12T22:43:00.000","baggage":null,"delay":"44","estimatedRunway":"2025-11-12T22:43:00.000","estimatedTime":"2025-11-12T22:10:00.000","gate":null,"iataCode":"GDL","icaoCode":"MMGL","scheduledTime":"2025-11-12T22:00:00.000","terminal":"1"},"flight":{"iataNumber":"VB3108","icaoNumber":"VIV3108","number":"3108"},"status":"active","type":"arrival"},{"aircraft":{"icao24":"A6B253","icaoCode":"A20N","regNumber":"N530VL"},"airline":{"iataCode":"Y4","icaoCode":"VOI","name":"Volaris"},"arrival":{"actualRunway":null,"actualTime":null,"baggage":null,"delay":"8","estimatedRunway":null,"estimatedTime":"2025-11-12T23:13:00.000","gate":null,"iataCode":"TIJ","icaoCode":"MMTJ","scheduledTime":"2025-11-12T23:05:00.000","terminal":null},"codeshared":null,"departure":{"actualRunway":"2025-11-12T21:53:00.000","actualTime":"2025-11-12T21:53:00.000","baggage":null,"delay":"41","estimatedRunway":"2025-11-12T21:53:00.000","estimatedTime":"2025-11-12T21:33:00.000","gate":"B7","iataCode":"VER","icaoCode":"MMVR","scheduledTime":"2025-11-12T21:12:00.000","terminal":null},"flight":{"iataNumber":"Y43383","icaoNumber":"VOI3383","number":"3383"},"status":"active","type":"arrival"},{"aircraft":{"icao24":"0D0E5B","icaoCode":"A21N","regNumber":"XA-VXD"},"airline":{"iataCode":"IB","icaoCode":"IBE","name":"Iberia"},"arrival":{"actualRunway":null,"actualTime":null,"baggage":null,"delay":"55","estimatedRunway":null,"estimatedTime":"2025-11-13T00:14:00.000","gate":null,"iataCode":"TIJ","icaoCode":"MMTJ","scheduledTime":"2025-11-12T23:20:00.000","terminal":null},"codeshared":{"airline":{"iataCode":"vb","icaoCode":"viv","name":"vivaaerobus"},"flight":{"iataNumber":"vb1248","icaoNumber":"viv1248","number":"1248"}},"departure":{"actualRunway":"2025-11-12T23:08:00.000","actualTime":"2025-11-12T23:08:00.000","baggage":null,"delay":"84","estimatedRunway":"2025-11-12T23:08:00.000","estimatedTime":"2025-11-12T22:30:00.000","gate":"16","iataCode":"MEX","icaoCode":"MMMX","scheduledTime":"2025-11-12T21:45:00.000","terminal":"1"},"flight":{"iataNumber":"IB7500","icaoNumber":"IBE7500","number":"7500"},"status":"scheduled","type":"arrival"},{"aircraft":{"icao24":"0D0E5B","icaoCode":"A21N","regNumber":"XA-VXD"},"airline":{"iataCode":"VB","icaoCode":"VIV","name":"VivaAerobus"},"arrival":{"actualRunway":null,"actualTime":null,"baggage":null,"delay":"55","estimatedRunway":null,"estimatedTime":"2025-11-13T00:14:00.000","gate":null,"iataCode":"TIJ","icaoCode":"MMTJ","scheduledTime":"2025-11-12T23:20:00.000","terminal":null},"codeshared":null,"departure":{"actualRunway":"2025-11-12T23:08:00.000","actualTime":"2025-11-12T23:08:00.000","baggage":null,"delay":"84","estimatedRunway":"2025-11-12T23:08:00.000","estimatedTime":"2025-11-12T22:30:00.000","gate":"16","iataCode":"MEX","icaoCode":"MMMX","scheduledTime":"2025-11-12T21:45:00.000","terminal":"1"},"flight":{"iataNumber":"VB1248","icaoNumber":"VIV1248","number":"1248"},"status":"scheduled","type":"arrival"},{"aircraft":{"icao24":"0D10FE","icaoCode":"A20N","regNumber":"XA-VUR"},"airline":{"iataCode":"Y4","icaoCode":"VOI","name":"Volaris"},"arrival":{"actualRunway":null,"actualTime":null,"baggage":null,"delay":null,"estimatedRunway":null,"estimatedTime":"2025-11-12T23:00:00.000","gate":null,"iataCode":"TIJ","icaoCode":"MMTJ","scheduledTime":"2025-11-12T23:28:00.000","terminal":null},"codeshared":null,"departure":{"actualRunway":"2025-11-12T22:26:00.000","actualTime":"2025-11-12T22:26:00.000","baggage":null,"delay":null,"estimatedRunway":"2025-11-12T22:26:00.000","estimatedTime":"2025-11-12T22:29:00.000","gate":"1","iataCode":"AGU","icaoCode":"MMAS","scheduledTime":"2025-11-12T22:30:00.000","terminal":null},"flight":{"iataNumber":"Y43203","icaoNumber":"VOI3203","number":"3203"},"status":"active","type":"arrival"},{"aircraft":{"icao24":"0D0CB1","icaoCode":"A20N","regNumber":"XA-VRQ"},"airline":{"iataCode":"Y4","icaoCode":"VOI","name":"Volaris"},"arrival":{"actualRunway":null,"actualTime":null,"baggage":null,"delay":null,"estimatedRunway":null,"estimatedTime":"2025-11-12T23:21:00.000","gate":null,"iataCode":"TIJ","icaoCode":"MMTJ","scheduledTime":"2025-11-12T23:38:00.000","terminal":null},"codeshared":null,"departure":{"actualRunway":"2025-11-12T22:39:00.000","actualTime":"2025-11-12T22:39:00.000","baggage":null,"delay":"12","estimatedRunway":"2025-11-12T22:39:00.000","estimatedTime":"2025-11-12T22:35:00.000","gate":"3","iataCode":"BJX","icaoCode":"MMLO","scheduledTime":"2025-11-12T22:28:00.000","terminal":null},"flight":{"iataNumber":"Y43047","icaoNumber":"VOI3047","number":"3047"},"status":"active","type":"arrival"},{"aircraft":{"icao24":"0D1068","icaoCode":"A320","regNumber":"XA-VDE"},"airline":{"iataCode":"VB","icaoCode":"VIV","name":"VivaAerobus"},"arrival":{"actualRunway":null,"actualTime":null,"baggage":null,"delay":null,"estimatedRunway":null,"estimatedTime":"2025-11-12T23:25:00.000","gate":null,"iataCode":"TIJ","icaoCode":"MMTJ","scheduledTime":"2025-11-12T23:40:00.000","terminal":null},"codeshared":null,"departure":{"actualRunway":"2025-11-12T22:43:00.000","actualTime":"2025-11-12T22:43:00.000","baggage":null,"delay":"14","estimatedRunway":"2025-11-12T22:43:00.000","estimatedTime":"2025-11-12T22:40:00.000","gate":null,"iataCode":"BJX","icaoCode":"MMLO","scheduledTime":"2025-11-12T22:30:00.000","terminal":null},"flight":{"iataNumber":"VB5029","icaoNumber":"VIV5029","number":"5029"},"status":"active","type":"arrival"},{"aircraft":{"icao24":"0D08F4","icaoCode":"A321","regNumber":"XA-VLJ"},"airline":{"iataCode":"Y4","icaoCode":"VOI","name":"Volaris"},"arrival":{"actualRunway":null,"actualTime":null,"baggage":null,"delay":null,"estimatedRunway":null,"estimatedTime":null,"gate":null,"iataCode":"TIJ","icaoCode":"MMTJ","scheduledTime":"2025-11-12T23:45:00.000","terminal":null},"codeshared":null,"departure":{"actualRunway":"2025-11-12T23:22:00.000","actualTime":"2025-11-12T23:22:00.000","baggage":null,"delay":"83","estimatedRunway":"2025-11-12T23:22:00.000","estimatedTime":"2025-11-12T22:45:00.000","gate":"12","iataCode":"MEX","icaoCode":"MMMX","scheduledTime":"2025-11-12T22:00:00.000","terminal":"1"},"flight":{"iataNumber":"Y4186","icaoNumber":"VOI186","number":"186"},"status":"scheduled","type":"arrival"},{"aircraft":{"icao24":"0D0939","icaoCode":"A320","regNumber":"XA-VAN"},"airline":{"iataCode":"VB","icaoCode":"VIV","name":"VivaAerobus"},"arrival":{"actualRunway":null,"actualTime":null,"baggage":null,"delay":null,"estimatedRunway":null,"estimatedTime":"2025-11-12T23:57:00.000","gate":null,"iataCode":"TIJ","icaoCode":"MMTJ","scheduledTime":"2025-11-13T00:05:00.000","terminal":null},"codeshared":null,"departure":{"actualRunway":"2025-11-12T22:44:00.000","actualTime":"2025-11-12T22:44:00.000","baggage":null,"delay":"24","estimatedRunway":"2025-11-12T22:44:00.000","estimatedTime":"2025-11-12T22:30:00.000","gate":null,"iataCode":"PBC","icaoCode":"MMPB","scheduledTime":"2025-11-12T22:20:00.000","terminal":null},"flight":{"iataNumber":"VB5117","icaoNumber":"VIV5117","number":"5117"},"status":"active","type":"arrival"},{"aircraft":{"icao24":"","icaoCode":"A321","regNumber":""},"airline":{"iataCode":"VB","icaoCode":"VIV","name":"VivaAerobus"},"arrival":{"actualRunway":null,"actualTime":null,"baggage":null,"delay":null,"estimatedRunway":null,"estimatedTime":null,"gate":null,"iataCode":"TIJ","icaoCode":"MMTJ","scheduledTime":"2025-11-13T00:30:00.000","terminal":null},"codeshared":null,"departure":{"actualRunway":null,"actualTime":null,"baggage":null,"delay":null,"estimatedRunway":null,"estimatedTime":"2025-11-12T23:00:00.000","gate":null,"iataCode":"MZT","icaoCode":"MMMZ","scheduledTime":"2025-11-12T23:00:00.000","terminal":null},"flight":{"iataNumber":"VB5043","icaoNumber":"VIV5043","number":"5043"},"status":"scheduled","type":"arrival"},{"aircraft":{"icao24":"A63193","icaoCode":"B39M","regNumber":"N499AM"},"airline":{"iataCode":"KL","icaoCode":"KLM","name":"KLM"},"arrival":{"actualRunway":null,"actualTime":null,"baggage":null,"delay":null,"estimatedRunway":null,"estimatedTime":"2025-11-13T00:27:00.000","gate":null,"iataCode":"TIJ","icaoCode":"MMTJ","scheduledTime":"2025-11-13T00:35:00.000","terminal":null},"codeshared":{"airline":{"iataCode":"am","icaoCode":"amx","name":"aeromexico"},"flight":{"iataNumber":"am192","icaoNumber":"amx192","number":"192"}},"departure":{"actualRunway":"2025-11-12T23:15:00.000","actualTime":"2025-11-12T23:15:00.000","baggage":null,"delay":"30","estimatedRunway":"2025-11-12T23:15:00.000","estimatedTime":"2025-11-12T22:47:00.000","gate":"73","iataCode":"MEX","icaoCode":"MMMX","scheduledTime":"2025-11-12T22:45:00.000","terminal":"2"},"flight":{"iataNumber":"KL8942","icaoNumber":"KLM8942","number":"8942"},"status":"active","type":"arrival"},{"aircraft":{"icao24":"A63193","icaoCode":"B39M","regNumber":"N499AM"},"airline":{"iataCode":"WS","icaoCode":"WJA","name":"WestJet"},"arrival":{"actualRunway":null,"actualTime":null,"baggage":null,"delay":null,"estimatedRunway":null,"estimatedTime":"2025-11-13T00:27:00.000","gate":null,"iataCode":"TIJ","icaoCode":"MMTJ","scheduledTime":"2025-11-13T00:35:00.000","terminal":null},"codeshared":{"airline":{"iataCode":"am","icaoCode":"amx","name":"aeromexico"},"flight":{"iataNumber":"am192","icaoNumber":"amx192","number":"192"}},"departure":{"actualRunway":"2025-11-12T23:15:00.000","actualTime":"2025-11-12T23:15:00.000","baggage":null,"delay":"30","estimatedRunway":"2025-11-12T23:15:00.000","estimatedTime":"2025-11-12T22:47:00.000","gate":"73","iataCode":"MEX","icaoCode":"MMMX","scheduledTime":"2025-11-12T22:45:00.000","terminal":"2"},"flight":{"iataNumber":"WS5780","icaoNumber":"WJA5780","number":"5780"},"status":"active","type":"arrival"},{"aircraft":{"icao24":"A63193","icaoCode":"B39M","regNumber":"N499AM"},"airline":{"iataCode":"AM","icaoCode":"AMX","name":"Aeromexico"},"arrival":{"actualRunway":null,"actualTime":null,"baggage":null,"delay":null,"estimatedRunway":null,"estimatedTime":"2025-11-13T00:27:00.000","gate":null,"iataCode":"TIJ","icaoCode":"MMTJ","scheduledTime":"2025-11-13T00:35:00.000","terminal":null},"codeshared":null,"departure":{"actualRunway":"2025-11-12T23:15:00.000","actualTime":"2025-11-12T23:15:00.000","baggage":null,"delay":"30","estimatedRunway":"2025-11-12T23:15:00.000","estimatedTime":"2025-11-12T22:47:00.000","gate":"73","iataCode":"MEX","icaoCode":"MMMX","scheduledTime":"2025-11-12T22:45:00.000","terminal":"2"},"flight":{"iataNumber":"AM192","icaoNumber":"AMX192","number":"192"},"status":"active","type":"arrival"},{"aircraft":{"icao24":"0D10EC","icaoCode":"A320","regNumber":"XA-VVD"},"airline":{"iataCode":"Y4","icaoCode":"VOI","name":"Volaris"},"arrival":{"actualRunway":null,"actualTime":null,"baggage":null,"delay":null,"estimatedRunway":null,"estimatedTime":null,"gate":null,"iataCode":"TIJ","icaoCode":"MMTJ","scheduledTime":"2025-11-13T00:48:00.000","terminal":null},"codeshared":null,"departure":{"actualRunway":null,"actualTime":null,"baggage":null,"delay":"62","estimatedRunway":null,"estimatedTime":"2025-11-13T00:48:00.000","gate":"C36","iataCode":"GDL","icaoCode":"MMGL","scheduledTime":"2025-11-12T23:46:00.000","terminal":"1"},"flight":{"iataNumber":"Y41010","icaoNumber":"VOI1010","number":"1010"},"status":"scheduled","type":"arrival"},{"aircraft":{"icao24":"0D0FF8","icaoCode":"A320","regNumber":"XA-VVB"},"airline":{"iataCode":"Y4","icaoCode":"VOI","name":"Volaris"},"arrival":{"actualRunway":null,"actualTime":null,"baggage":null,"delay":null,"estimatedRunway":null,"estimatedTime":null,"gate":null,"iataCode":"TIJ","icaoCode":"MMTJ","scheduledTime":"2025-11-13T00:51:00.000","terminal":null},"codeshared":null,"departure":{"actualRunway":null,"actualTime":null,"baggage":null,"delay":null,"estimatedRunway":null,"estimatedTime":"2025-11-12T23:19:00.000","gate":"109B","iataCode":"NLU","icaoCode":"MMSM","scheduledTime":"2025-11-12T23:19:00.000","terminal":null},"flight":{"iataNumber":"Y43297","icaoNumber":"VOI3297","number":"3297"},"status":"scheduled","type":"arrival"},{"aircraft":{"icao24":"","icaoCode":"A321","regNumber":""},"airline":{"iataCode":"VB","icaoCode":"VIV","name":"VivaAerobus"},"arrival":{"actualRunway":null,"actualTime":null,"baggage":null,"delay":null,"estimatedRunway":null,"estimatedTime":null,"gate":null,"iataCode":"TIJ","icaoCode":"MMTJ","scheduledTime":"2025-11-13T01:20:00.000","terminal":null},"codeshared":null,"departure":{"actualRunway":null,"actualTime":null,"baggage":null,"delay":"10","estimatedRunway":null,"estimatedTime":"2025-11-13T00:30:00.000","gate":null,"iataCode":"GDL","icaoCode":"MMGL","scheduledTime":"2025-11-13T00:20:00.000","terminal":"1"},"flight":{"iataNumber":"VB3118","icaoNumber":"VIV3118","number":"3118"},"status":"scheduled","type":"arrival"}]}