{"pagination":{"limit":null,"offset":null,"count":92,"total":92},"data":[{"aircraft":{"icao24":"0D0A04","icaoCode":"A321","regNumber":"XA-VLW"},"airline":{"iataCode":"Y4","icaoCode":"VOI","name":"Volaris"},"arrival":{"actualRunway":null,"actualTime":null,"baggage":null,"delay":"143","estimatedRunway":null,"estimatedTime":"2025-11-10T09:38:00.000","gate":null,"iataCode":"TIJ","icaoCode":"MMTJ","scheduledTime":"2025-11-10T07:15:00.000","terminal":"1"},"codeshared":null,"departure":{"actualRunway":"2025-11-10T08:31:00.000","actualTime":"2025-11-10T08:31:00.000","baggage":null,"delay":"181","estimatedRunway":"2025-11-10T08:31:00.000","estimatedTime":"2025-11-10T08:34:00.000","gate":"19","iataCode":"MEX","icaoCode":"MMMX","scheduledTime":"2025-11-10T05:30:00.000","terminal":"1"},"flight":{"iataNumber":"Y4180","icaoNumber":"VOI180","number":"180"},"status":"scheduled","type":"arrival"},{"aircraft":{"icao24":"E80048","icaoCode":"A20N","regNumber":"CC-DBO"},"airline":{"iataCode":"H2","icaoCode":"SKU","name":"Sky Airline"},"arrival":{"actualRunway":"2025-11-10T08:20:00.000","actualTime":"2025-11-10T08:20:00.000","baggage":null,"delay":"51","estimatedRunway":"2025-11-10T08:20:00.000","estimatedTime":"2025-11-10T08:29:00.000","gate":null,"iataCode":"TIJ","icaoCode":"MMTJ","scheduledTime":"2025-11-10T07:30:00.000","terminal":"1"},"codeshared":null,"departure":{"actualRunway":"2025-11-10T07:57:00.000","actualTime":"2025-11-10T07:57:00.000","baggage":null,"delay":"87","estimatedRunway":"2025-11-10T07:57:00.000","estimatedTime":"2025-11-10T07:50:00.000","gate":null,"iataCode":"MTY","icaoCode":"MMMY","scheduledTime":"2025-11-10T06:30:00.000","terminal":"C"},"flight":{"iataNumber":"H24080","icaoNumber":"SKU4080","number":"4080"},"status":"landed","type":"arrival"},{"aircraft":{"icao24":"0D0867","icaoCode":"A320","regNumber":"XA-VLF"},"airline":{"iataCode":"Y4","icaoCode":"VOI","name":"Volaris"},"arrival":{"actualRunway":null,"actualTime":null,"baggage":null,"delay":"109","estimatedRunway":null,"estimatedTime":"2025-11-10T09:18:00.000","gate":null,"iataCode":"TIJ","icaoCode":"MMTJ","scheduledTime":"2025-11-10T07:30:00.000","terminal":"1"},"codeshared":null,"departure":{"actualRunway":"2025-11-10T08:41:00.000","actualTime":"2025-11-10T08:41:00.000","baggage":null,"delay":"134","estimatedRunway":"2025-11-10T08:41:00.000","estimatedTime":"2025-11-10T08:13:00.000","gate":"D42","iataCode":"GDL","icaoCode":"MMGL","scheduledTime":"2025-11-10T06:28:00.000","terminal":"1"},"flight":{"iataNumber":"Y41004","icaoNumber":"VOI1004","number":"1004"},"status":"scheduled","type":"arrival"},{"aircraft":{"icao24":"A70151","icaoCode":"A20N","regNumber":"N550VL"},"airline":{"iataCode":"Y4","icaoCode":"VOI","name":"Volaris"},"arrival":{"actualRunway":null,"actualTime":null,"baggage":null,"delay":"105","estimatedRunway":null,"estimatedTime":"2025-11-10T09:25:00.000","gate":null,"iataCode":"TIJ","icaoCode":"MMTJ","scheduledTime":"2025-11-10T07:40:00.000","terminal":"1"},"codeshared":null,"departure":{"actualRunway":"2025-11-10T08:29:00.000","actualTime":"2025-11-10T08:29:00.000","baggage":null,"delay":"131","estimatedRunway":"2025-11-10T08:29:00.000","estimatedTime":"2025-11-10T08:27:00.000","gate":"B2","iataCode":"QRO","icaoCode":"MMQT","scheduledTime":"2025-11-10T06:18:00.000","terminal":null},"flight":{"iataNumber":"Y43352","icaoNumber":"VOI3352","number":"3352"},"status":"scheduled","type":"arrival"},{"aircraft":{"icao24":"0D0E38","icaoCode":"A21N","regNumber":"XA-VBZ"},"airline":{"iataCode":"VB","icaoCode":"VIV","name":"VivaAerobus"},"arrival":{"actualRunway":null,"actualTime":null,"baggage":null,"delay":"75","estimatedRunway":null,"estimatedTime":"2025-11-10T08:59:00.000","gate":null,"iataCode":"TIJ","icaoCode":"MMTJ","scheduledTime":"2025-11-10T07:45:00.000","terminal":"1"},"codeshared":null,"departure":{"actualRunway":"2025-11-10T07:55:00.000","actualTime":"2025-11-10T07:55:00.000","baggage":null,"delay":"100","estimatedRunway":"2025-11-10T07:55:00.000","estimatedTime":"2025-11-10T06:25:00.000","gate":null,"iataCode":"NLU","icaoCode":"MMSM","scheduledTime":"2025-11-10T06:15:00.000","terminal":null},"flight":{"iataNumber":"VB5069","icaoNumber":"VIV5069","number":"5069"},"status":"scheduled","type":"arrival"},{"aircraft":{"icao24":"0D0F00","icaoCode":"A21N","regNumber":"XA-VSX"},"airline":{"iataCode":"Y4","icaoCode":"VOI","name":"Volaris"},"arrival":{"actualRunway":null,"actualTime":null,"baggage":null,"delay":null,"estimatedRunway":null,"estimatedTime":null,"gate":null,"iataCode":"TIJ","icaoCode":"MMTJ","scheduledTime":"2025-11-10T07:58:00.000","terminal":"1"},"codeshared":null,"departure":{"actualRunway":null,"actualTime":null,"baggage":null,"delay":null,"estimatedRunway":null,"estimatedTime":"2025-11-10T07:00:00.000","gate":null,"iataCode":"AGU","icaoCode":"MMAS","scheduledTime":"2025-11-10T07:00:00.000","terminal":null},"flight":{"iataNumber":"Y43201","icaoNumber":"VOI3201","number":"3201"},"status":"cancelled","type":"arrival"},{"aircraft":{"icao24":"0D1068","icaoCode":"A320","regNumber":"XA-VDE"},"airline":{"iataCode":"VB","icaoCode":"VIV","name":"VivaAerobus"},"arrival":{"actualRunway":null,"actualTime":null,"baggage":null,"delay":"63","estimatedRunway":null,"estimatedTime":"2025-11-10T09:02:00.000","gate":null,"iataCode":"TIJ","icaoCode":"MMTJ","scheduledTime":"2025-11-10T08:00:00.000","terminal":"1"},"codeshared":null,"departure":{"actualRunway":"2025-11-10T08:21:00.000","actualTime":"2025-11-10T08:21:00.000","baggage":null,"delay":"91","estimatedRunway":"2025-11-10T08:21:00.000","estimatedTime":"2025-11-10T07:00:00.000","gate":null,"iataCode":"BJX","icaoCode":"MMLO","scheduledTime":"2025-11-10T06:50:00.000","terminal":null},"flight":{"iataNumber":"VB5025","icaoNumber":"VIV5025","number":"5025"},"status":"scheduled","type":"arrival"},{"aircraft":{"icao24":"A44DDC","icaoCode":"B738","regNumber":"N377AR"},"airline":{"iataCode":"AF","icaoCode":"AFR","name":"Air France"},"arrival":{"actualRunway":null,"actualTime":null,"baggage":null,"delay":"97","estimatedRunway":null,"estimatedTime":"2025-11-10T09:44:00.000","gate":"3","iataCode":"TIJ","icaoCode":"MMTJ","scheduledTime":"2025-11-10T08:08:00.000","terminal":"1"},"codeshared":{"airline":{"iataCode":"am","icaoCode":"amx","name":"aeromexico"},"flight":{"iataNumber":"am110","icaoNumber":"amx110","number":"110"}},"departure":{"actualRunway":"2025-11-10T08:33:00.000","actualTime":"2025-11-10T08:33:00.000","baggage":null,"delay":"148","estimatedRunway":"2025-11-10T08:33:00.000","estimatedTime":"2025-11-10T08:00:00.000","gate":"77","iataCode":"MEX","icaoCode":"MMMX","scheduledTime":"2025-11-10T06:05:00.000","terminal":"2"},"flight":{"iataNumber":"AF8149","icaoNumber":"AFR8149","number":"8149"},"status":"scheduled","type":"arrival"},{"aircraft":{"icao24":"A44DDC","icaoCode":"B738","regNumber":"N377AR"},"airline":{"iataCode":"KL","icaoCode":"KLM","name":"KLM"},"arrival":{"actualRunway":null,"actualTime":null,"baggage":null,"delay":"97","estimatedRunway":null,"estimatedTime":"2025-11-10T09:44:00.000","gate":"3","iataCode":"TIJ","icaoCode":"MMTJ","scheduledTime":"2025-11-10T08:08:00.000","terminal":"1"},"codeshared":{"airline":{"iataCode":"am","icaoCode":"amx","name":"aeromexico"},"flight":{"iataNumber":"am110","icaoNumber":"amx110","number":"110"}},"departure":{"actualRunway":"2025-11-10T08:33:00.000","actualTime":"2025-11-10T08:33:00.000","baggage":null,"delay":"148","estimatedRunway":"2025-11-10T08:33:00.000","estimatedTime":"2025-11-10T08:00:00.000","gate":"77","iataCode":"MEX","icaoCode":"MMMX","scheduledTime":"2025-11-10T06:05:00.000","terminal":"2"},"flight":{"iataNumber":"KL8940","icaoNumber":"KLM8940","number":"8940"},"status":"scheduled","type":"arrival"},{"aircraft":{"icao24":"A44DDC","icaoCode":"B738","regNumber":"N377AR"},"airline":{"iataCode":"WS","icaoCode":"WJA","name":"WestJet"},"arrival":{"actualRunway":null,"actualTime":null,"baggage":null,"delay":"97","estimatedRunway":null,"estimatedTime":"2025-11-10T09:44:00.000","gate":"3","iataCode":"TIJ","icaoCode":"MMTJ","scheduledTime":"2025-11-10T08:08:00.000","terminal":"1"},"codeshared":{"airline":{"iataCode":"am","icaoCode":"amx","name":"aeromexico"},"flight":{"iataNumber":"am110","icaoNumber":"amx110","number":"110"}},"departure":{"actualRunway":"2025-11-10T08:33:00.000","actualTime":"2025-11-10T08:33:00.000","baggage":null,"delay":"148","estimatedRunway":"2025-11-10T08:33:00.000","estimatedTime":"2025-11-10T08:00:00.000","gate":"77","iataCode":"MEX","icaoCode":"MMMX","scheduledTime":"2025-11-10T06:05:00.000","terminal":"2"},"flight":{"iataNumber":"WS5779","icaoNumber":"WJA5779","number":"5779"},"status":"scheduled","type":"arrival"},{"aircraft":{"icao24":"A44DDC","icaoCode":"B738","regNumber":"N377AR"},"airline":{"iataCode":"WS","icaoCode":"WJA","name":"WestJet"},"arrival":{"actualRunway":null,"actualTime":null,"baggage":null,"delay":"97","estimatedRunway":null,"estimatedTime":"2025-11-10T09:44:00.000","gate":"3","iataCode":"TIJ","icaoCode":"MMTJ","scheduledTime":"2025-11-10T08:08:00.000","terminal":"1"},"codeshared":{"airline":{"iataCode":"am","icaoCode":"amx","name":"aeromexico"},"flight":{"iataNumber":"am110","icaoNumber":"amx110","number":"110"}},"departure":{"actualRunway":"2025-11-10T08:33:00.000","actualTime":"2025-11-10T08:33:00.000","baggage":null,"delay":"148","estimatedRunway":"2025-11-10T08:33:00.000","estimatedTime":"2025-11-10T08:00:00.000","gate":"77","iataCode":"MEX","icaoCode":"MMMX","scheduledTime":"2025-11-10T06:05:00.000","terminal":"2"},"flight":{"iataNumber":"WS5789","icaoNumber":"WJA5789","number":"5789"},"status":"scheduled","type":"arrival"},{"aircraft":{"icao24":"A44DDC","icaoCode":"B738","regNumber":"N377AR"},"airline":{"iataCode":"AM","icaoCode":"AMX","name":"Aeromexico"},"arrival":{"actualRunway":null,"actualTime":null,"baggage":null,"delay":"97","estimatedRunway":null,"estimatedTime":"2025-11-10T09:44:00.000","gate":"3","iataCode":"TIJ","icaoCode":"MMTJ","scheduledTime":"2025-11-10T08:08:00.000","terminal":"1"},"codeshared":null,"departure":{"actualRunway":"2025-11-10T08:33:00.000","actualTime":"2025-11-10T08:33:00.000","baggage":null,"delay":"148","estimatedRunway":"2025-11-10T08:33:00.000","estimatedTime":"2025-11-10T08:00:00.000","gate":"77","iataCode":"MEX","icaoCode":"MMMX","scheduledTime":"2025-11-10T06:05:00.000","terminal":"2"},"flight":{"iataNumber":"AM110","icaoNumber":"AMX110","number":"110"},"status":"scheduled","type":"arrival"},{"aircraft":{"icao24":"A6CC54","icaoCode":"A21N","regNumber":"N537VL"},"airline":{"iataCode":"Y4","icaoCode":"VOI","name":"Volaris"},"arrival":{"actualRunway":null,"actualTime":null,"baggage":null,"delay":null,"estimatedRunway":null,"estimatedTime":null,"gate":null,"iataCode":"TIJ","icaoCode":"MMTJ","scheduledTime":"2025-11-10T08:08:00.000","terminal":"1"},"codeshared":null,"departure":{"actualRunway":null,"actualTime":null,"baggage":null,"delay":null,"estimatedRunway":null,"estimatedTime":"2025-11-10T07:37:00.000","gate":"2","iataCode":"DGO","icaoCode":"MMDO","scheduledTime":"2025-11-10T07:37:00.000","terminal":null},"flight":{"iataNumber":"Y43251","icaoNumber":"VOI3251","number":"3251"},"status":"cancelled","type":"arrival"},{"aircraft":{"icao24":"0D07A8","icaoCode":"A320","regNumber":"XA-VOY"},"airline":{"iataCode":"Y4","icaoCode":"VOI","name":"Volaris"},"arrival":{"actualRunway":null,"actualTime":null,"baggage":null,"delay":"85","estimatedRunway":null,"estimatedTime":"2025-11-10T09:35:00.000","gate":null,"iataCode":"TIJ","icaoCode":"MMTJ","scheduledTime":"2025-11-10T08:10:00.000","terminal":"1"},"codeshared":null,"departure":{"actualRunway":"2025-11-10T08:40:00.000","actualTime":"2025-11-10T08:40:00.000","baggage":null,"delay":"101","estimatedRunway":"2025-11-10T08:40:00.000","estimatedTime":"2025-11-10T08:07:00.000","gate":"6","iataCode":"BJX","icaoCode":"MMLO","scheduledTime":"2025-11-10T07:00:00.000","terminal":null},"flight":{"iataNumber":"Y43045","icaoNumber":"VOI3045","number":"3045"},"status":"scheduled","type":"arrival"},{"aircraft":{"icao24":"A6D00B","icaoCode":"A20N","regNumber":"N538VL"},"airline":{"iataCode":"Y4","icaoCode":"VOI","name":"Volaris"},"arrival":{"actualRunway":null,"actualTime":null,"baggage":null,"delay":"68","estimatedRunway":null,"estimatedTime":"2025-11-10T09:19:00.000","gate":null,"iataCode":"TIJ","icaoCode":"MMTJ","scheduledTime":"2025-11-10T08:12:00.000","terminal":"1"},"codeshared":null,"departure":{"actualRunway":"2025-11-10T08:52:00.000","actualTime":"2025-11-10T08:52:00.000","baggage":null,"delay":"93","estimatedRunway":"2025-11-10T08:52:00.000","estimatedTime":"2025-11-10T08:20:00.000","gate":"3","iataCode":"ZCL","icaoCode":"MMZC","scheduledTime":"2025-11-10T07:20:00.000","terminal":null},"flight":{"iataNumber":"Y43211","icaoNumber":"VOI3211","number":"3211"},"status":"scheduled","type":"arrival"},{"aircraft":{"icao24":"","icaoCode":"321","regNumber":""},"airline":{"iataCode":"VB","icaoCode":"VIV","name":"VivaAerobus"},"arrival":{"actualRunway":null,"actualTime":null,"baggage":null,"delay":null,"estimatedRunway":null,"estimatedTime":null,"gate":null,"iataCode":"TIJ","icaoCode":"MMTJ","scheduledTime":"2025-11-10T08:20:00.000","terminal":"1"},"codeshared":null,"departure":{"actualRunway":null,"actualTime":null,"baggage":null,"delay":"10","estimatedRunway":null,"estimatedTime":"2025-11-10T07:15:00.000","gate":null,"iataCode":"MLM","icaoCode":"MMMM","scheduledTime":"2025-11-10T07:05:00.000","terminal":null},"flight":{"iataNumber":"VB5019","icaoNumber":"VIV5019","number":"5019"},"status":"scheduled","type":"arrival"},{"aircraft":{"icao24":"","icaoCode":"321","regNumber":""},"airline":{"iataCode":"VB","icaoCode":"VIV","name":"VivaAerobus"},"arrival":{"actualRunway":null,"actualTime":null,"baggage":null,"delay":null,"estimatedRunway":null,"estimatedTime":null,"gate":null,"iataCode":"TIJ","icaoCode":"MMTJ","scheduledTime":"2025-11-10T08:20:00.000","terminal":"1"},"codeshared":null,"departure":{"actualRunway":null,"actualTime":null,"baggage":null,"delay":"10","estimatedRunway":null,"estimatedTime":"2025-11-10T07:10:00.000","gate":null,"iataCode":"QRO","icaoCode":"MMQT","scheduledTime":"2025-11-10T07:00:00.000","terminal":null},"flight":{"iataNumber":"VB5147","icaoNumber":"VIV5147","number":"5147"},"status":"scheduled","type":"arrival"},{"aircraft":{"icao24":"A65220","icaoCode":"A320","regNumber":"N506VL"},"airline":{"iataCode":"Y4","icaoCode":"VOI","name":"Volaris"},"arrival":{"actualRunway":null,"actualTime":null,"baggage":null,"delay":"47","estimatedRunway":null,"estimatedTime":"2025-11-10T09:07:00.000","gate":null,"iataCode":"TIJ","icaoCode":"MMTJ","scheduledTime":"2025-11-10T08:21:00.000","terminal":"1"},"codeshared":null,"departure":{"actualRunway":"2025-11-10T08:10:00.000","actualTime":"2025-11-10T08:10:00.000","baggage":null,"delay":"69","estimatedRunway":"2025-11-10T08:10:00.000","estimatedTime":"2025-11-10T08:02:00.000","gate":"1","iataCode":"MLM","icaoCode":"MMMM","scheduledTime":"2025-11-10T07:02:00.000","terminal":null},"flight":{"iataNumber":"Y43063","icaoNumber":"VOI3063","number":"3063"},"status":"scheduled","type":"arrival"},{"aircraft":{"icao24":"A9767F","icaoCode":"AT76","regNumber":"N709FE"},"airline":{"iataCode":"FX","icaoCode":"FDX","name":"FedEx"},"arrival":{"actualRunway":null,"actualTime":null,"baggage":null,"delay":"58","estimatedRunway":null,"estimatedTime":"2025-11-10T09:24:00.000","gate":null,"iataCode":"TIJ","icaoCode":"MMTJ","scheduledTime":"2025-11-10T08:26:00.000","terminal":"1"},"codeshared":null,"departure":{"actualRunway":"2025-11-10T08:56:00.000","actualTime":"2025-11-10T08:56:00.000","baggage":null,"delay":"56","estimatedRunway":"2025-11-10T08:56:00.000","estimatedTime":"2025-11-10T08:14:00.000","gate":null,"iataCode":"SAN","icaoCode":"KSAN","scheduledTime":"2025-11-10T08:00:00.000","terminal":null},"flight":{"iataNumber":"FX8122","icaoNumber":"FDX8122","number":"8122"},"status":"scheduled","type":"arrival"},{"aircraft":{"icao24":"0D0BBE","icaoCode":"A20N","regNumber":"XA-VRK"},"airline":{"iataCode":"Y4","icaoCode":"VOI","name":"Volaris"},"arrival":{"actualRunway":null,"actualTime":null,"baggage":null,"delay":"72","estimatedRunway":null,"estimatedTime":"2025-11-10T09:40:00.000","gate":null,"iataCode":"TIJ","icaoCode":"MMTJ","scheduledTime":"2025-11-10T08:28:00.000","terminal":"1"},"codeshared":null,"departure":{"actualRunway":"2025-11-10T07:37:00.000","actualTime":"2025-11-10T07:37:00.000","baggage":null,"delay":"93","estimatedRunway":"2025-11-10T07:37:00.000","estimatedTime":"2025-11-10T07:05:00.000","gate":"A6","iataCode":"TGZ","icaoCode":"MMTG","scheduledTime":"2025-11-10T06:05:00.000","terminal":null},"flight":{"iataNumber":"Y45933","icaoNumber":"VOI5933","number":"5933"},"status":"scheduled","type":"arrival"},{"aircraft":{"icao24":"0D10E4","icaoCode":"A21N","regNumber":"XA-VUQ"},"airline":{"iataCode":"Y4","icaoCode":"VOI","name":"Volaris"},"arrival":{"actualRunway":null,"actualTime":null,"baggage":null,"delay":"58","estimatedRunway":null,"estimatedTime":"2025-11-10T09:29:00.000","gate":null,"iataCode":"TIJ","icaoCode":"MMTJ","scheduledTime":"2025-11-10T08:32:00.000","terminal":"1"},"codeshared":null,"departure":{"actualRunway":"2025-11-10T08:52:00.000","actualTime":"2025-11-10T08:52:00.000","baggage":null,"delay":"83","estimatedRunway":"2025-11-10T08:52:00.000","estimatedTime":"2025-11-10T07:30:00.000","gate":"B10","iataCode":"GDL","icaoCode":"MMGL","scheduledTime":"2025-11-10T07:30:00.000","terminal":"1"},"flight":{"iataNumber":"Y41000","icaoNumber":"VOI1000","number":"1000"},"status":"scheduled","type":"arrival"},{"aircraft":{"icao24":"A66355","icaoCode":"A320","regNumber":"N510VL"},"airline":{"iataCode":"Y4","icaoCode":"VOI","name":"Volaris"},"arrival":{"actualRunway":null,"actualTime":null,"baggage":null,"delay":null,"estimatedRunway":null,"estimatedTime":null,"gate":null,"iataCode":"TIJ","icaoCode":"MMTJ","scheduledTime":"2025-11-10T09:01:00.000","terminal":"1"},"codeshared":null,"departure":{"actualRunway":null,"actualTime":null,"baggage":null,"delay":null,"estimatedRunway":null,"estimatedTime":"2025-11-10T07:00:00.000","gate":"12","iataCode":"OAX","icaoCode":"MMOX","scheduledTime":"2025-11-10T07:00:00.000","terminal":null},"flight":{"iataNumber":"Y43141","icaoNumber":"VOI3141","number":"3141"},"status":"cancelled","type":"arrival"},{"aircraft":{"icao24":"0D0CB1","icaoCode":"A20N","regNumber":"XA-VRQ"},"airline":{"iataCode":"Y4","icaoCode":"VOI","name":"Volaris"},"arrival":{"actualRunway":null,"actualTime":null,"baggage":null,"delay":null,"estimatedRunway":null,"estimatedTime":null,"gate":null,"iataCode":"TIJ","icaoCode":"MMTJ","scheduledTime":"2025-11-10T09:21:00.000","terminal":"1"},"codeshared":null,"departure":{"actualRunway":null,"actualTime":null,"baggage":null,"delay":null,"estimatedRunway":null,"estimatedTime":"2025-11-10T06:45:00.000","gate":"A2","iataCode":"TAP","icaoCode":"MMTP","scheduledTime":"2025-11-10T06:45:00.000","terminal":null},"flight":{"iataNumber":"Y45905","icaoNumber":"VOI5905","number":"5905"},"status":"cancelled","type":"arrival"},{"aircraft":{"icao24":"","icaoCode":"AT76","regNumber":""},"airline":{"iataCode":"IF","icaoCode":"TSU","name":"Gulf and Caribbean Cargo"},"arrival":{"actualRunway":null,"actualTime":null,"baggage":null,"delay":null,"estimatedRunway":null,"estimatedTime":null,"gate":null,"iataCode":"TIJ","icaoCode":"MMTJ","scheduledTime":"2025-11-10T09:28:00.000","terminal":"1"},"codeshared":null,"departure":{"actualRunway":null,"actualTime":null,"baggage":null,"delay":"136","estimatedRunway":null,"estimatedTime":"2025-11-10T11:16:00.000","gate":null,"iataCode":"SAN","icaoCode":"KSAN","scheduledTime":"2025-11-10T09:00:00.000","terminal":null},"flight":{"iataNumber":"IF8123","icaoNumber":"TSU8123","number":"8123"},"status":"unknown","type":"arrival"},{"aircraft":{"icao24":"0D0CDD","icaoCode":"A320","regNumber":"XA-VAI"},"airline":{"iataCode":"VB","icaoCode":"VIV","name":"VivaAerobus"},"arrival":{"actualRunway":"2025-11-10T09:05:00.000","actualTime":"2025-11-10T09:05:00.000","baggage":null,"delay":null,"estimatedRunway":"2025-11-10T09:05:00.000","estimatedTime":"2025-11-10T09:04:00.000","gate":null,"iataCode":"TIJ","icaoCode":"MMTJ","scheduledTime":"2025-11-10T09:30:00.000","terminal":"1"},"codeshared":null,"departure":{"actualRunway":"2025-11-10T08:31:00.000","actualTime":"2025-11-10T08:31:00.000","baggage":null,"delay":"7","estimatedRunway":"2025-11-10T08:31:00.000","estimatedTime":"2025-11-10T08:35:00.000","gate":null,"iataCode":"GDL","icaoCode":"MMGL","scheduledTime":"2025-11-10T08:25:00.000","terminal":"1"},"flight":{"iataNumber":"VB3120","icaoNumber":"VIV3120","number":"3120"},"status":"landed","type":"arrival"},{"aircraft":{"icao24":"","icaoCode":"320","regNumber":""},"airline":{"iataCode":"VB","icaoCode":"VIV","name":"VivaAerobus"},"arrival":{"actualRunway":null,"actualTime":null,"baggage":null,"delay":null,"estimatedRunway":null,"estimatedTime":null,"gate":null,"iataCode":"TIJ","icaoCode":"MMTJ","scheduledTime":"2025-11-10T09:30:00.000","terminal":"1"},"codeshared":null,"departure":{"actualRunway":null,"actualTime":null,"baggage":null,"delay":"10","estimatedRunway":null,"estimatedTime":"2025-11-10T07:40:00.000","gate":null,"iataCode":"OAX","icaoCode":"MMOX","scheduledTime":"2025-11-10T07:30:00.000","terminal":null},"flight":{"iataNumber":"VB5075","icaoNumber":"VIV5075","number":"5075"},"status":"unknown","type":"arrival"},{"aircraft":{"icao24":"0D0EC4","icaoCode":"A21N","regNumber":"XA-VSC"},"airline":{"iataCode":"Y4","icaoCode":"VOI","name":"Volaris"},"arrival":{"actualRunway":"2025-11-10T09:41:00.000","actualTime":"2025-11-10T09:41:00.000","baggage":null,"delay":"10","estimatedRunway":"2025-11-10T09:41:00.000","estimatedTime":"2025-11-10T09:39:00.000","gate":null,"iataCode":"TIJ","icaoCode":"MMTJ","scheduledTime":"2025-11-10T09:31:00.000","terminal":"1"},"codeshared":null,"departure":{"actualRunway":"2025-11-10T08:57:00.000","actualTime":"2025-11-10T08:57:00.000","baggage":null,"delay":"26","estimatedRunway":"2025-11-10T08:57:00.000","estimatedTime":"2025-11-10T08:57:00.000","gate":"5","iataCode":"LAP","icaoCode":"MMLP","scheduledTime":"2025-11-10T08:32:00.000","terminal":null},"flight":{"iataNumber":"Y43231","icaoNumber":"VOI3231","number":"3231"},"status":"landed","type":"arrival"},{"aircraft":{"icao24":"0D0E46","icaoCode":"A21N","regNumber":"XA-VST"},"airline":{"iataCode":"Y4","icaoCode":"VOI","name":"Volaris"},"arrival":{"actualRunway":null,"actualTime":null,"baggage":null,"delay":null,"estimatedRunway":null,"estimatedTime":null,"gate":null,"iataCode":"TIJ","icaoCode":"MMTJ","scheduledTime":"2025-11-10T10:01:00.000","terminal":"1"},"codeshared":null,"departure":{"actualRunway":null,"actualTime":null,"baggage":null,"delay":null,"estimatedRunway":null,"estimatedTime":"2025-11-10T09:35:00.000","gate":null,"iataCode":"HMO","icaoCode":"MMHO","scheduledTime":"2025-11-10T09:35:00.000","terminal":null},"flight":{"iataNumber":"Y43181","icaoNumber":"VOI3181","number":"3181"},"status":"cancelled","type":"arrival"},{"aircraft":{"icao24":"0D0E29","icaoCode":"B38M","regNumber":"XA-DAO"},"airline":{"iataCode":"AF","icaoCode":"AFR","name":"Air France"},"arrival":{"actualRunway":"2025-11-10T09:55:00.000","actualTime":"2025-11-10T09:55:00.000","baggage":null,"delay":null,"estimatedRunway":"2025-11-10T09:55:00.000","estimatedTime":"2025-11-10T09:53:00.000","gate":"1","iataCode":"TIJ","icaoCode":"MMTJ","scheduledTime":"2025-11-10T10:05:00.000","terminal":"1"},"codeshared":{"airline":{"iataCode":"am","icaoCode":"amx","name":"aeromexico"},"flight":{"iataNumber":"am170","icaoNumber":"amx170","number":"170"}},"departure":{"actualRunway":"2025-11-10T08:44:00.000","actualTime":"2025-11-10T08:44:00.000","baggage":null,"delay":"40","estimatedRunway":"2025-11-10T08:44:00.000","estimatedTime":"2025-11-10T08:18:00.000","gate":"R2","iataCode":"MEX","icaoCode":"MMMX","scheduledTime":"2025-11-10T08:05:00.000","terminal":"2"},"flight":{"iataNumber":"AF9961","icaoNumber":"AFR9961","number":"9961"},"status":"landed","type":"arrival"},{"aircraft":{"icao24":"0D0E29","icaoCode":"B38M","regNumber":"XA-DAO"},"airline":{"iataCode":"UX","icaoCode":"AEA","name":"Air Europa"},"arrival":{"actualRunway":"2025-11-10T09:55:00.000","actualTime":"2025-11-10T09:55:00.000","baggage":null,"delay":null,"estimatedRunway":"2025-11-10T09:55:00.000","estimatedTime":"2025-11-10T09:53:00.000","gate":"1","iataCode":"TIJ","icaoCode":"MMTJ","scheduledTime":"2025-11-10T10:05:00.000","terminal":"1"},"codeshared":{"airline":{"iataCode":"am","icaoCode":"amx","name":"aeromexico"},"flight":{"iataNumber":"am170","icaoNumber":"amx170","number":"170"}},"departure":{"actualRunway":"2025-11-10T08:44:00.000","actualTime":"2025-11-10T08:44:00.000","baggage":null,"delay":"40","estimatedRunway":"2025-11-10T08:44:00.000","estimatedTime":"2025-11-10T08:18:00.000","gate":"R2","iataCode":"MEX","icaoCode":"MMMX","scheduledTime":"2025-11-10T08:05:00.000","terminal":"2"},"flight":{"iataNumber":"UX2513","icaoNumber":"AEA2513","number":"2513"},"status":"landed","type":"arrival"},{"aircraft":{"icao24":"0D0E29","icaoCode":"B38M","regNumber":"XA-DAO"},"airline":{"iataCode":"AZ","icaoCode":"AZA","name":"Alitalia"},"arrival":{"actualRunway":"2025-11-10T09:55:00.000","actualTime":"2025-11-10T09:55:00.000","baggage":null,"delay":null,"estimatedRunway":"2025-11-10T09:55:00.000","estimatedTime":"2025-11-10T09:53:00.000","gate":"1","iataCode":"TIJ","icaoCode":"MMTJ","scheduledTime":"2025-11-10T10:05:00.000","terminal":"1"},"codeshared":{"airline":{"iataCode":"am","icaoCode":"amx","name":"aeromexico"},"flight":{"iataNumber":"am170","icaoNumber":"amx170","number":"170"}},"departure":{"actualRunway":"2025-11-10T08:44:00.000","actualTime":"2025-11-10T08:44:00.000","baggage":null,"delay":"40","estimatedRunway":"2025-11-10T08:44:00.000","estimatedTime":"2025-11-10T08:18:00.000","gate":"R2","iataCode":"MEX","icaoCode":"MMMX","scheduledTime":"2025-11-10T08:05:00.000","terminal":"2"},"flight":{"iataNumber":"AZ6705","icaoNumber":"AZA6705","number":"6705"},"status":"landed","type":"arrival"},{"aircraft":{"icao24":"0D0E29","icaoCode":"B38M","regNumber":"XA-DAO"},"airline":{"iataCode":"AM","icaoCode":"AMX","name":"Aeromexico"},"arrival":{"actualRunway":"2025-11-10T09:55:00.000","actualTime":"2025-11-10T09:55:00.000","baggage":null,"delay":null,"estimatedRunway":"2025-11-10T09:55:00.000","estimatedTime":"2025-11-10T09:53:00.000","gate":"1","iataCode":"TIJ","icaoCode":"MMTJ","scheduledTime":"2025-11-10T10:05:00.000","terminal":"1"},"codeshared":null,"departure":{"actualRunway":"2025-11-10T08:44:00.000","actualTime":"2025-11-10T08:44:00.000","baggage":null,"delay":"40","estimatedRunway":"2025-11-10T08:44:00.000","estimatedTime":"2025-11-10T08:18:00.000","gate":"R2","iataCode":"MEX","icaoCode":"MMMX","scheduledTime":"2025-11-10T08:05:00.000","terminal":"2"},"flight":{"iataNumber":"AM170","icaoNumber":"AMX170","number":"170"},"status":"landed","type":"arrival"},{"aircraft":{"icao24":"0D0A0D","icaoCode":"A321","regNumber":"XA-VRB"},"airline":{"iataCode":"Y4","icaoCode":"VOI","name":"Volaris"},"arrival":{"actualRunway":null,"actualTime":null,"baggage":null,"delay":null,"estimatedRunway":null,"estimatedTime":null,"gate":null,"iataCode":"TIJ","icaoCode":"MMTJ","scheduledTime":"2025-11-10T10:52:00.000","terminal":"1"},"codeshared":null,"departure":{"actualRunway":null,"actualTime":null,"baggage":null,"delay":null,"estimatedRunway":null,"estimatedTime":"2025-11-10T09:41:00.000","gate":null,"iataCode":"CUL","icaoCode":"MMCL","scheduledTime":"2025-11-10T09:41:00.000","terminal":null},"flight":{"iataNumber":"Y43001","icaoNumber":"VOI3001","number":"3001"},"status":"cancelled","type":"arrival"},{"aircraft":{"icao24":"0D0FFD","icaoCode":"A320","regNumber":"XA-VVA"},"airline":{"iataCode":"Y4","icaoCode":"VOI","name":"Volaris"},"arrival":{"actualRunway":null,"actualTime":null,"baggage":null,"delay":null,"estimatedRunway":null,"estimatedTime":null,"gate":null,"iataCode":"TIJ","icaoCode":"MMTJ","scheduledTime":"2025-11-10T10:55:00.000","terminal":"1"},"codeshared":null,"departure":{"actualRunway":null,"actualTime":null,"baggage":null,"delay":null,"estimatedRunway":null,"estimatedTime":"2025-11-10T10:50:00.000","gate":null,"iataCode":"CUU","icaoCode":"MMCU","scheduledTime":"2025-11-10T10:50:00.000","terminal":null},"flight":{"iataNumber":"Y43291","icaoNumber":"VOI3291","number":"3291"},"status":"cancelled","type":"arrival"},{"aircraft":{"icao24":"0D0DA8","icaoCode":"A20N","regNumber":"XA-VSF"},"airline":{"iataCode":"Y4","icaoCode":"VOI","name":"Volaris"},"arrival":{"actualRunway":"2025-11-10T10:32:00.000","actualTime":"2025-11-10T10:32:00.000","baggage":null,"delay":null,"estimatedRunway":"2025-11-10T10:32:00.000","estimatedTime":"2025-11-10T10:32:00.000","gate":null,"iataCode":"TIJ","icaoCode":"MMTJ","scheduledTime":"2025-11-10T10:57:00.000","terminal":"1"},"codeshared":null,"departure":{"actualRunway":"2025-11-10T10:03:00.000","actualTime":"2025-11-10T10:03:00.000","baggage":null,"delay":"9","estimatedRunway":"2025-11-10T10:03:00.000","estimatedTime":"2025-11-10T09:58:00.000","gate":"2","iataCode":"MTY","icaoCode":"MMMY","scheduledTime":"2025-11-10T09:55:00.000","terminal":"A"},"flight":{"iataNumber":"Y45608","icaoNumber":"VOI5608","number":"5608"},"status":"landed","type":"arrival"},{"aircraft":{"icao24":"0D1130","icaoCode":"A20N","regNumber":"XA-VMD"},"airline":{"iataCode":"VB","icaoCode":"VIV","name":"VivaAerobus"},"arrival":{"actualRunway":"2025-11-10T11:27:00.000","actualTime":"2025-11-10T11:27:00.000","baggage":null,"delay":"27","estimatedRunway":"2025-11-10T11:27:00.000","estimatedTime":"2025-11-10T11:26:00.000","gate":null,"iataCode":"TIJ","icaoCode":"MMTJ","scheduledTime":"2025-11-10T11:00:00.000","terminal":"1"},"codeshared":null,"departure":{"actualRunway":"2025-11-10T10:39:00.000","actualTime":"2025-11-10T10:39:00.000","baggage":null,"delay":"50","estimatedRunway":"2025-11-10T10:39:00.000","estimatedTime":"2025-11-10T10:00:00.000","gate":null,"iataCode":"CUL","icaoCode":"MMCL","scheduledTime":"2025-11-10T09:50:00.000","terminal":null},"flight":{"iataNumber":"VB5003","icaoNumber":"VIV5003","number":"5003"},"status":"landed","type":"arrival"},{"aircraft":{"icao24":"0D111B","icaoCode":"A21N","regNumber":"XA-VUT"},"airline":{"iataCode":"Y4","icaoCode":"VOI","name":"Volaris"},"arrival":{"actualRunway":null,"actualTime":null,"baggage":null,"delay":null,"estimatedRunway":null,"estimatedTime":null,"gate":null,"iataCode":"TIJ","icaoCode":"MMTJ","scheduledTime":"2025-11-10T11:24:00.000","terminal":"1"},"codeshared":null,"departure":{"actualRunway":null,"actualTime":null,"baggage":null,"delay":"705","estimatedRunway":null,"estimatedTime":"2025-11-10T21:41:00.000","gate":null,"iataCode":"MZT","icaoCode":"MMMZ","scheduledTime":"2025-11-10T09:56:00.000","terminal":null},"flight":{"iataNumber":"Y43193","icaoNumber":"VOI3193","number":"3193"},"status":"unknown","type":"arrival"},{"aircraft":{"icao24":"AA1F5A","icaoCode":"CRJ7","regNumber":"N751SK"},"airline":{"iataCode":"AA","icaoCode":"AAL","name":"American Airlines"},"arrival":{"actualRunway":null,"actualTime":null,"baggage":null,"delay":null,"estimatedRunway":null,"estimatedTime":null,"gate":null,"iataCode":"TIJ","icaoCode":"MMTJ","scheduledTime":"2025-11-10T11:34:00.000","terminal":"1"},"codeshared":null,"departure":{"actualRunway":null,"actualTime":null,"baggage":null,"delay":null,"estimatedRunway":null,"estimatedTime":"2025-11-10T11:04:00.000","gate":"B19","iataCode":"PHX","icaoCode":"KPHX","scheduledTime":"2025-11-10T11:04:00.000","terminal":"4"},"flight":{"iataNumber":"AA6455","icaoNumber":"AAL6455","number":"6455"},"status":"cancelled","type":"arrival"},{"aircraft":{"icao24":"0D09D5","icaoCode":"A321","regNumber":"XA-VLU"},"airline":{"iataCode":"Y4","icaoCode":"VOI","name":"Volaris"},"arrival":{"actualRunway":"2025-11-10T11:39:00.000","actualTime":"2025-11-10T11:39:00.000","baggage":null,"delay":null,"estimatedRunway":"2025-11-10T11:39:00.000","estimatedTime":"2025-11-10T11:38:00.000","gate":null,"iataCode":"TIJ","icaoCode":"MMTJ","scheduledTime":"2025-11-10T11:45:00.000","terminal":"1"},"codeshared":null,"departure":{"actualRunway":"2025-11-10T10:29:00.000","actualTime":"2025-11-10T10:29:00.000","baggage":null,"delay":"29","estimatedRunway":"2025-11-10T10:29:00.000","estimatedTime":"2025-11-10T10:28:00.000","gate":"2","iataCode":"ACA","icaoCode":"MMAA","scheduledTime":"2025-11-10T10:00:00.000","terminal":null},"flight":{"iataNumber":"Y43269","icaoNumber":"VOI3269","number":"3269"},"status":"landed","type":"arrival"},{"aircraft":{"icao24":"0D0D40","icaoCode":"A20N","regNumber":"XA-VRV"},"airline":{"iataCode":"Y4","icaoCode":"VOI","name":"Volaris"},"arrival":{"actualRunway":"2025-11-10T12:27:00.000","actualTime":"2025-11-10T12:27:00.000","baggage":null,"delay":"28","estimatedRunway":"2025-11-10T12:27:00.000","estimatedTime":"2025-11-10T12:26:00.000","gate":null,"iataCode":"TIJ","icaoCode":"MMTJ","scheduledTime":"2025-11-10T11:59:00.000","terminal":"1"},"codeshared":null,"departure":{"actualRunway":"2025-11-10T12:26:00.000","actualTime":"2025-11-10T12:26:00.000","baggage":null,"delay":"58","estimatedRunway":"2025-11-10T12:26:00.000","estimatedTime":"2025-11-10T12:03:00.000","gate":"2","iataCode":"DGO","icaoCode":"MMDO","scheduledTime":"2025-11-10T11:28:00.000","terminal":null},"flight":{"iataNumber":"Y43253","icaoNumber":"VOI3253","number":"3253"},"status":"landed","type":"arrival"},{"aircraft":{"icao24":"A6598E","icaoCode":"A320","regNumber":"N508VL"},"airline":{"iataCode":"Y4","icaoCode":"VOI","name":"Volaris"},"arrival":{"actualRunway":"2025-11-10T12:42:00.000","actualTime":"2025-11-10T12:42:00.000","baggage":null,"delay":"28","estimatedRunway":"2025-11-10T12:42:00.000","estimatedTime":"2025-11-10T12:42:00.000","gate":null,"iataCode":"TIJ","icaoCode":"MMTJ","scheduledTime":"2025-11-10T12:15:00.000","terminal":"1"},"codeshared":null,"departure":{"actualRunway":"2025-11-10T11:22:00.000","actualTime":"2025-11-10T11:22:00.000","baggage":null,"delay":"54","estimatedRunway":"2025-11-10T11:22:00.000","estimatedTime":"2025-11-10T11:18:00.000","gate":"A1","iataCode":"TPQ","icaoCode":"MMEP","scheduledTime":"2025-11-10T10:29:00.000","terminal":null},"flight":{"iataNumber":"Y43243","icaoNumber":"VOI3243","number":"3243"},"status":"landed","type":"arrival"},{"aircraft":{"icao24":"0D0022","icaoCode":"B738","regNumber":"XA-JOY"},"airline":{"iataCode":"AM","icaoCode":"AMX","name":"Aeromexico"},"arrival":{"actualRunway":"2025-11-10T12:04:00.000","actualTime":"2025-11-10T12:04:00.000","baggage":null,"delay":null,"estimatedRunway":"2025-11-10T12:04:00.000","estimatedTime":"2025-11-10T12:04:00.000","gate":null,"iataCode":"TIJ","icaoCode":"MMTJ","scheduledTime":"2025-11-10T12:26:00.000","terminal":"1"},"codeshared":null,"departure":{"actualRunway":"2025-11-10T10:58:00.000","actualTime":"2025-11-10T10:58:00.000","baggage":null,"delay":"28","estimatedRunway":"2025-11-10T10:58:00.000","estimatedTime":"2025-11-10T10:26:00.000","gate":"80","iataCode":"MEX","icaoCode":"MMMX","scheduledTime":"2025-11-10T10:30:00.000","terminal":"2"},"flight":{"iataNumber":"AM172","icaoNumber":"AMX172","number":"172"},"status":"landed","type":"arrival"},{"aircraft":{"icao24":"A6DD89","icaoCode":"A20N","regNumber":"N541VL"},"airline":{"iataCode":"Y4","icaoCode":"VOI","name":"Volaris"},"arrival":{"actualRunway":null,"actualTime":null,"baggage":null,"delay":"94","estimatedRunway":null,"estimatedTime":"2025-11-10T14:06:00.000","gate":null,"iataCode":"TIJ","icaoCode":"MMTJ","scheduledTime":"2025-11-10T12:33:00.000","terminal":"1"},"codeshared":null,"departure":{"actualRunway":"2025-11-10T13:31:00.000","actualTime":"2025-11-10T13:31:00.000","baggage":null,"delay":"121","estimatedRunway":"2025-11-10T13:31:00.000","estimatedTime":"2025-11-10T13:18:00.000","gate":"A8","iataCode":"GDL","icaoCode":"MMGL","scheduledTime":"2025-11-10T11:31:00.000","terminal":"1"},"flight":{"iataNumber":"Y41012","icaoNumber":"VOI1012","number":"1012"},"status":"scheduled","type":"arrival"},{"aircraft":{"icao24":"0D0FFD","icaoCode":"A320","regNumber":"XA-VVA"},"airline":{"iataCode":"Y4","icaoCode":"VOI","name":"Volaris"},"arrival":{"actualRunway":null,"actualTime":null,"baggage":null,"delay":null,"estimatedRunway":null,"estimatedTime":null,"gate":null,"iataCode":"TIJ","icaoCode":"MMTJ","scheduledTime":"2025-11-10T12:50:00.000","terminal":"1"},"codeshared":null,"departure":{"actualRunway":null,"actualTime":null,"baggage":null,"delay":"335","estimatedRunway":null,"estimatedTime":"2025-11-10T17:21:00.000","gate":"DOS","iataCode":"CLQ","icaoCode":"MMIA","scheduledTime":"2025-11-10T11:46:00.000","terminal":null},"flight":{"iataNumber":"Y43263","icaoNumber":"VOI3263","number":"3263"},"status":"unknown","type":"arrival"},{"aircraft":{"icao24":"0D11E6","icaoCode":"A21N","regNumber":"XA-VXX"},"airline":{"iataCode":"VB","icaoCode":"VIV","name":"VivaAerobus"},"arrival":{"actualRunway":null,"actualTime":null,"baggage":null,"delay":"82","estimatedRunway":null,"estimatedTime":"2025-11-10T14:47:00.000","gate":null,"iataCode":"TIJ","icaoCode":"MMTJ","scheduledTime":"2025-11-10T13:25:00.000","terminal":"1"},"codeshared":null,"departure":{"actualRunway":"2025-11-10T14:13:00.000","actualTime":"2025-11-10T14:13:00.000","baggage":null,"delay":"108","estimatedRunway":"2025-11-10T14:13:00.000","estimatedTime":"2025-11-10T12:35:00.000","gate":null,"iataCode":"GDL","icaoCode":"MMGL","scheduledTime":"2025-11-10T12:25:00.000","terminal":"1"},"flight":{"iataNumber":"VB3110","icaoNumber":"VIV3110","number":"3110"},"status":"scheduled","type":"arrival"},{"aircraft":{"icao24":"0D0867","icaoCode":"A320","regNumber":"XA-VLF"},"airline":{"iataCode":"Y4","icaoCode":"VOI","name":"Volaris"},"arrival":{"actualRunway":null,"actualTime":null,"baggage":null,"delay":"153","estimatedRunway":null,"estimatedTime":"2025-11-10T16:04:00.000","gate":null,"iataCode":"TIJ","icaoCode":"MMTJ","scheduledTime":"2025-11-10T13:31:00.000","terminal":"1"},"codeshared":null,"departure":{"actualRunway":"2025-11-10T15:51:00.000","actualTime":"2025-11-10T15:51:00.000","baggage":null,"delay":"170","estimatedRunway":"2025-11-10T15:51:00.000","estimatedTime":"2025-11-10T15:53:00.000","gate":"5","iataCode":"TRC","icaoCode":"MMTC","scheduledTime":"2025-11-10T13:01:00.000","terminal":null},"flight":{"iataNumber":"Y43371","icaoNumber":"VOI3371","number":"3371"},"status":"scheduled","type":"arrival"},{"aircraft":{"icao24":"A65220","icaoCode":"A320","regNumber":"N506VL"},"airline":{"iataCode":"Y4","icaoCode":"VOI","name":"Volaris"},"arrival":{"actualRunway":"2025-11-10T13:46:00.000","actualTime":"2025-11-10T13:46:00.000","baggage":null,"delay":"9","estimatedRunway":"2025-11-10T13:46:00.000","estimatedTime":"2025-11-10T13:45:00.000","gate":null,"iataCode":"TIJ","icaoCode":"MMTJ","scheduledTime":"2025-11-10T13:38:00.000","terminal":"1"},"codeshared":null,"departure":{"actualRunway":"2025-11-10T13:27:00.000","actualTime":"2025-11-10T13:27:00.000","baggage":null,"delay":"30","estimatedRunway":"2025-11-10T13:27:00.000","estimatedTime":"2025-11-10T12:57:00.000","gate":"2","iataCode":"LTO","icaoCode":"MMLT","scheduledTime":"2025-11-10T12:57:00.000","terminal":null},"flight":{"iataNumber":"Y43389","icaoNumber":"VOI3389","number":"3389"},"status":"landed","type":"arrival"},{"aircraft":{"icao24":"A6D00B","icaoCode":"A20N","regNumber":"N538VL"},"airline":{"iataCode":"Y4","icaoCode":"VOI","name":"Volaris"},"arrival":{"actualRunway":null,"actualTime":null,"baggage":null,"delay":"62","estimatedRunway":null,"estimatedTime":"2025-11-10T14:41:00.000","gate":null,"iataCode":"TIJ","icaoCode":"MMTJ","scheduledTime":"2025-11-10T13:39:00.000","terminal":"1"},"codeshared":null,"departure":{"actualRunway":"2025-11-10T14:01:00.000","actualTime":"2025-11-10T14:01:00.000","baggage":null,"delay":"82","estimatedRunway":"2025-11-10T14:01:00.000","estimatedTime":"2025-11-10T12:58:00.000","gate":"5","iataCode":"LAP","icaoCode":"MMLP","scheduledTime":"2025-11-10T12:40:00.000","terminal":null},"flight":{"iataNumber":"Y43233","icaoNumber":"VOI3233","number":"3233"},"status":"scheduled","type":"arrival"},{"aircraft":{"icao24":"0D0EC4","icaoCode":"A21N","regNumber":"XA-VSC"},"airline":{"iataCode":"Y4","icaoCode":"VOI","name":"Volaris"},"arrival":{"actualRunway":null,"actualTime":null,"baggage":null,"delay":"54","estimatedRunway":null,"estimatedTime":"2025-11-10T14:41:00.000","gate":null,"iataCode":"TIJ","icaoCode":"MMTJ","scheduledTime":"2025-11-10T13:47:00.000","terminal":"1"},"codeshared":null,"departure":{"actualRunway":"2025-11-10T14:36:00.000","actualTime":"2025-11-10T14:36:00.000","baggage":null,"delay":"76","estimatedRunway":"2025-11-10T14:36:00.000","estimatedTime":"2025-11-10T14:25:00.000","gate":"4","iataCode":"HMO","icaoCode":"MMHO","scheduledTime":"2025-11-10T13:21:00.000","terminal":null},"flight":{"iataNumber":"Y43183","icaoNumber":"VOI3183","number":"3183"},"status":"scheduled","type":"arrival"},{"aircraft":{"icao24":"0D0A0D","icaoCode":"A321","regNumber":"XA-VRB"},"airline":{"iataCode":"Y4","icaoCode":"VOI","name":"Volaris"},"arrival":{"actualRunway":null,"actualTime":null,"baggage":null,"delay":null,"estimatedRunway":null,"estimatedTime":null,"gate":null,"iataCode":"TIJ","icaoCode":"MMTJ","scheduledTime":"2025-11-10T14:10:00.000","terminal":"1"},"codeshared":null,"departure":{"actualRunway":null,"actualTime":null,"baggage":null,"delay":"149","estimatedRunway":null,"estimatedTime":"2025-11-10T15:28:00.000","gate":null,"iataCode":"SJD","icaoCode":"MMSD","scheduledTime":"2025-11-10T12:59:00.000","terminal":"1"},"flight":{"iataNumber":"Y43101","icaoNumber":"VOI3101","number":"3101"},"status":"scheduled","type":"arrival"},{"aircraft":{"icao24":"0D10E4","icaoCode":"A21N","regNumber":"XA-VUQ"},"airline":{"iataCode":"Y4","icaoCode":"VOI","name":"Volaris"},"arrival":{"actualRunway":null,"actualTime":null,"baggage":null,"delay":null,"estimatedRunway":null,"estimatedTime":null,"gate":null,"iataCode":"TIJ","icaoCode":"MMTJ","scheduledTime":"2025-11-10T14:14:00.000","terminal":"1"},"codeshared":null,"departure":{"actualRunway":null,"actualTime":null,"baggage":null,"delay":"266","estimatedRunway":null,"estimatedTime":"2025-11-10T17:38:00.000","gate":"C36","iataCode":"GDL","icaoCode":"MMGL","scheduledTime":"2025-11-10T13:12:00.000","terminal":"1"},"flight":{"iataNumber":"Y41014","icaoNumber":"VOI1014","number":"1014"},"status":"scheduled","type":"arrival"},{"aircraft":{"icao24":"0D1079","icaoCode":"A21N","regNumber":"XA-VUN"},"airline":{"iataCode":"Y4","icaoCode":"VOI","name":"Volaris"},"arrival":{"actualRunway":null,"actualTime":null,"baggage":null,"delay":"47","estimatedRunway":null,"estimatedTime":"2025-11-10T15:36:00.000","gate":null,"iataCode":"TIJ","icaoCode":"MMTJ","scheduledTime":"2025-11-10T14:50:00.000","terminal":"1"},"codeshared":null,"departure":{"actualRunway":"2025-11-10T14:28:00.000","actualTime":"2025-11-10T14:28:00.000","baggage":null,"delay":"84","estimatedRunway":"2025-11-10T14:28:00.000","estimatedTime":"2025-11-10T14:29:00.000","gate":"18","iataCode":"MEX","icaoCode":"MMMX","scheduledTime":"2025-11-10T13:05:00.000","terminal":"1"},"flight":{"iataNumber":"Y4182","icaoNumber":"VOI182","number":"182"},"status":"scheduled","type":"arrival"},{"aircraft":{"icao24":"A6CC54","icaoCode":"A21N","regNumber":"N537VL"},"airline":{"iataCode":"Y4","icaoCode":"VOI","name":"Volaris"},"arrival":{"actualRunway":null,"actualTime":null,"baggage":null,"delay":null,"estimatedRunway":null,"estimatedTime":null,"gate":null,"iataCode":"TIJ","icaoCode":"MMTJ","scheduledTime":"2025-11-10T14:51:00.000","terminal":"1"},"codeshared":null,"departure":{"actualRunway":null,"actualTime":null,"baggage":null,"delay":"102","estimatedRunway":null,"estimatedTime":"2025-11-10T15:43:00.000","gate":"20","iataCode":"PVR","icaoCode":"MMPR","scheduledTime":"2025-11-10T14:01:00.000","terminal":null},"flight":{"iataNumber":"Y43121","icaoNumber":"VOI3121","number":"3121"},"status":"scheduled","type":"arrival"},{"aircraft":{"icao24":"0D0B10","icaoCode":"A20N","regNumber":"XA-VRE"},"airline":{"iataCode":"Y4","icaoCode":"VOI","name":"Volaris"},"arrival":{"actualRunway":null,"actualTime":null,"baggage":null,"delay":null,"estimatedRunway":null,"estimatedTime":null,"gate":null,"iataCode":"TIJ","icaoCode":"MMTJ","scheduledTime":"2025-11-10T15:19:00.000","terminal":"1"},"codeshared":null,"departure":{"actualRunway":null,"actualTime":null,"baggage":null,"delay":"109","estimatedRunway":null,"estimatedTime":"2025-11-10T15:40:00.000","gate":null,"iataCode":"MZT","icaoCode":"MMMZ","scheduledTime":"2025-11-10T13:51:00.000","terminal":null},"flight":{"iataNumber":"Y43191","icaoNumber":"VOI3191","number":"3191"},"status":"scheduled","type":"arrival"},{"aircraft":{"icao24":"0D08EF","icaoCode":"B738","regNumber":"XA-AMV"},"airline":{"iataCode":"AM","icaoCode":"AMX","name":"Aeromexico"},"arrival":{"actualRunway":null,"actualTime":null,"baggage":null,"delay":null,"estimatedRunway":null,"estimatedTime":"2025-11-10T15:02:00.000","gate":null,"iataCode":"TIJ","icaoCode":"MMTJ","scheduledTime":"2025-11-10T15:31:00.000","terminal":"1"},"codeshared":null,"departure":{"actualRunway":"2025-11-10T13:50:00.000","actualTime":"2025-11-10T13:50:00.000","baggage":null,"delay":"16","estimatedRunway":"2025-11-10T13:50:00.000","estimatedTime":"2025-11-10T13:28:00.000","gate":"60","iataCode":"MEX","icaoCode":"MMMX","scheduledTime":"2025-11-10T13:35:00.000","terminal":"2"},"flight":{"iataNumber":"AM174","icaoNumber":"AMX174","number":"174"},"status":"active","type":"arrival"},{"aircraft":{"icao24":"A6F01C","icaoCode":"A20N","regNumber":"N546VL"},"airline":{"iataCode":"Y4","icaoCode":"VOI","name":"Volaris"},"arrival":{"actualRunway":null,"actualTime":null,"baggage":null,"delay":"27","estimatedRunway":null,"estimatedTime":"2025-11-10T16:10:00.000","gate":null,"iataCode":"TIJ","icaoCode":"MMTJ","scheduledTime":"2025-11-10T15:44:00.000","terminal":"1"},"codeshared":null,"departure":{"actualRunway":"2025-11-10T14:57:00.000","actualTime":"2025-11-10T14:57:00.000","baggage":null,"delay":"56","estimatedRunway":"2025-11-10T14:57:00.000","estimatedTime":"2025-11-10T14:51:00.000","gate":"3","iataCode":"PBC","icaoCode":"MMPB","scheduledTime":"2025-11-10T14:02:00.000","terminal":null},"flight":{"iataNumber":"Y43221","icaoNumber":"VOI3221","number":"3221"},"status":"scheduled","type":"arrival"},{"aircraft":{"icao24":"0D09BD","icaoCode":"A320","regNumber":"XA-VLS"},"airline":{"iataCode":"Y4","icaoCode":"VOI","name":"Volaris"},"arrival":{"actualRunway":null,"actualTime":null,"baggage":null,"delay":null,"estimatedRunway":null,"estimatedTime":null,"gate":null,"iataCode":"TIJ","icaoCode":"MMTJ","scheduledTime":"2025-11-10T15:45:00.000","terminal":"1"},"codeshared":null,"departure":{"actualRunway":null,"actualTime":null,"baggage":null,"delay":"134","estimatedRunway":null,"estimatedTime":"2025-11-10T16:49:00.000","gate":"6","iataCode":"BJX","icaoCode":"MMLO","scheduledTime":"2025-11-10T14:35:00.000","terminal":null},"flight":{"iataNumber":"Y43043","icaoNumber":"VOI3043","number":"3043"},"status":"scheduled","type":"arrival"},{"aircraft":{"icao24":"0D0CCE","icaoCode":"A20N","regNumber":"XA-VRO"},"airline":{"iataCode":"Y4","icaoCode":"VOI","name":"Volaris"},"arrival":{"actualRunway":null,"actualTime":null,"baggage":null,"delay":null,"estimatedRunway":null,"estimatedTime":null,"gate":null,"iataCode":"TIJ","icaoCode":"MMTJ","scheduledTime":"2025-11-10T15:57:00.000","terminal":"1"},"codeshared":null,"departure":{"actualRunway":null,"actualTime":null,"baggage":null,"delay":"24","estimatedRunway":null,"estimatedTime":"2025-11-10T15:26:00.000","gate":"3","iataCode":"LMM","icaoCode":"MMLM","scheduledTime":"2025-11-10T15:02:00.000","terminal":null},"flight":{"iataNumber":"Y43257","icaoNumber":"VOI3257","number":"3257"},"status":"scheduled","type":"arrival"},{"aircraft":{"icao24":"0D0D41","icaoCode":"A20N","regNumber":"XA-VRW"},"airline":{"iataCode":"Y4","icaoCode":"VOI","name":"Volaris"},"arrival":{"actualRunway":null,"actualTime":null,"baggage":null,"delay":null,"estimatedRunway":null,"estimatedTime":null,"gate":null,"iataCode":"TIJ","icaoCode":"MMTJ","scheduledTime":"2025-11-10T16:09:00.000","terminal":"1"},"codeshared":null,"departure":{"actualRunway":null,"actualTime":null,"baggage":null,"delay":"100","estimatedRunway":null,"estimatedTime":"2025-11-10T16:30:00.000","gate":null,"iataCode":"MLM","icaoCode":"MMMM","scheduledTime":"2025-11-10T14:50:00.000","terminal":null},"flight":{"iataNumber":"Y43061","icaoNumber":"VOI3061","number":"3061"},"status":"scheduled","type":"arrival"},{"aircraft":{"icao24":"0D111B","icaoCode":"A21N","regNumber":"XA-VUT"},"airline":{"iataCode":"Y4","icaoCode":"VOI","name":"Volaris"},"arrival":{"actualRunway":null,"actualTime":null,"baggage":null,"delay":null,"estimatedRunway":null,"estimatedTime":null,"gate":null,"iataCode":"TIJ","icaoCode":"MMTJ","scheduledTime":"2025-11-10T16:36:00.000","terminal":"1"},"codeshared":null,"departure":{"actualRunway":null,"actualTime":null,"baggage":null,"delay":"45","estimatedRunway":null,"estimatedTime":"2025-11-10T16:10:00.000","gate":"1","iataCode":"CUL","icaoCode":"MMCL","scheduledTime":"2025-11-10T15:25:00.000","terminal":null},"flight":{"iataNumber":"Y43005","icaoNumber":"VOI3005","number":"3005"},"status":"scheduled","type":"arrival"},{"aircraft":{"icao24":"0D0B91","icaoCode":"A20N","regNumber":"XA-VRJ"},"airline":{"iataCode":"Y4","icaoCode":"VOI","name":"Volaris"},"arrival":{"actualRunway":null,"actualTime":null,"baggage":null,"delay":null,"estimatedRunway":null,"estimatedTime":null,"gate":null,"iataCode":"TIJ","icaoCode":"MMTJ","scheduledTime":"2025-11-10T16:48:00.000","terminal":"1"},"codeshared":null,"departure":{"actualRunway":null,"actualTime":null,"baggage":null,"delay":"223","estimatedRunway":null,"estimatedTime":"2025-11-10T19:32:00.000","gate":"5","iataCode":"LAP","icaoCode":"MMLP","scheduledTime":"2025-11-10T15:49:00.000","terminal":null},"flight":{"iataNumber":"Y43235","icaoNumber":"VOI3235","number":"3235"},"status":"scheduled","type":"arrival"},{"aircraft":{"icao24":"0D0A26","icaoCode":"A320","regNumber":"XA-VRA"},"airline":{"iataCode":"Y4","icaoCode":"VOI","name":"Volaris"},"arrival":{"actualRunway":null,"actualTime":null,"baggage":null,"delay":null,"estimatedRunway":null,"estimatedTime":"2025-11-10T17:04:00.000","gate":null,"iataCode":"TIJ","icaoCode":"MMTJ","scheduledTime":"2025-11-10T17:06:00.000","terminal":"1"},"codeshared":null,"departure":{"actualRunway":"2025-11-10T15:42:00.000","actualTime":"2025-11-10T15:42:00.000","baggage":null,"delay":"33","estimatedRunway":"2025-11-10T15:42:00.000","estimatedTime":"2025-11-10T15:43:00.000","gate":"B17","iataCode":"CUN","icaoCode":"MMUN","scheduledTime":"2025-11-10T15:10:00.000","terminal":"2"},"flight":{"iataNumber":"Y43081","icaoNumber":"VOI3081","number":"3081"},"status":"active","type":"arrival"},{"aircraft":{"icao24":"0D0F14","icaoCode":"A21N","regNumber":"XA-VUA"},"airline":{"iataCode":"Y4","icaoCode":"VOI","name":"Volaris"},"arrival":{"actualRunway":null,"actualTime":null,"baggage":null,"delay":null,"estimatedRunway":null,"estimatedTime":null,"gate":null,"iataCode":"TIJ","icaoCode":"MMTJ","scheduledTime":"2025-11-10T17:10:00.000","terminal":"1"},"codeshared":null,"departure":{"actualRunway":null,"actualTime":null,"baggage":null,"delay":"54","estimatedRunway":null,"estimatedTime":"2025-11-10T16:53:00.000","gate":null,"iataCode":"SJD","icaoCode":"MMSD","scheduledTime":"2025-11-10T15:59:00.000","terminal":"1"},"flight":{"iataNumber":"Y43103","icaoNumber":"VOI3103","number":"3103"},"status":"scheduled","type":"arrival"},{"aircraft":{"icao24":"","icaoCode":"A321","regNumber":""},"airline":{"iataCode":"VB","icaoCode":"VIV","name":"VivaAerobus"},"arrival":{"actualRunway":null,"actualTime":null,"baggage":null,"delay":null,"estimatedRunway":null,"estimatedTime":null,"gate":null,"iataCode":"TIJ","icaoCode":"MMTJ","scheduledTime":"2025-11-10T17:15:00.000","terminal":"1"},"codeshared":null,"departure":{"actualRunway":null,"actualTime":null,"baggage":null,"delay":"70","estimatedRunway":null,"estimatedTime":"2025-11-10T16:50:00.000","gate":"13","iataCode":"MEX","icaoCode":"MMMX","scheduledTime":"2025-11-10T15:40:00.000","terminal":"1"},"flight":{"iataNumber":"VB1254","icaoNumber":"VIV1254","number":"1254"},"status":"scheduled","type":"arrival"},{"aircraft":{"icao24":"","icaoCode":"A321","regNumber":""},"airline":{"iataCode":"VB","icaoCode":"VIV","name":"VivaAerobus"},"arrival":{"actualRunway":null,"actualTime":null,"baggage":null,"delay":null,"estimatedRunway":null,"estimatedTime":null,"gate":null,"iataCode":"TIJ","icaoCode":"MMTJ","scheduledTime":"2025-11-10T17:20:00.000","terminal":"1"},"codeshared":null,"departure":{"actualRunway":null,"actualTime":null,"baggage":null,"delay":"10","estimatedRunway":null,"estimatedTime":"2025-11-10T16:40:00.000","gate":null,"iataCode":"PVR","icaoCode":"MMPR","scheduledTime":"2025-11-10T16:30:00.000","terminal":null},"flight":{"iataNumber":"VB5085","icaoNumber":"VIV5085","number":"5085"},"status":"scheduled","type":"arrival"},{"aircraft":{"icao24":"0D112D","icaoCode":"B38M","regNumber":"XA-GOS"},"airline":{"iataCode":"AM","icaoCode":"AMX","name":"Aeromexico"},"arrival":{"actualRunway":null,"actualTime":null,"baggage":null,"delay":null,"estimatedRunway":null,"estimatedTime":"2025-11-10T17:01:00.000","gate":null,"iataCode":"TIJ","icaoCode":"MMTJ","scheduledTime":"2025-11-10T17:25:00.000","terminal":"1"},"codeshared":null,"departure":{"actualRunway":"2025-11-10T15:52:00.000","actualTime":"2025-11-10T15:52:00.000","baggage":null,"delay":"22","estimatedRunway":"2025-11-10T15:52:00.000","estimatedTime":"2025-11-10T15:26:00.000","gate":"67","iataCode":"MEX","icaoCode":"MMMX","scheduledTime":"2025-11-10T15:30:00.000","terminal":"2"},"flight":{"iataNumber":"AM178","icaoNumber":"AMX178","number":"178"},"status":"active","type":"arrival"},{"aircraft":{"icao24":"0D0F00","icaoCode":"A21N","regNumber":"XA-VSX"},"airline":{"iataCode":"Y4","icaoCode":"VOI","name":"Volaris"},"arrival":{"actualRunway":null,"actualTime":null,"baggage":null,"delay":null,"estimatedRunway":null,"estimatedTime":null,"gate":null,"iataCode":"TIJ","icaoCode":"MMTJ","scheduledTime":"2025-11-10T17:26:00.000","terminal":"1"},"codeshared":null,"departure":{"actualRunway":null,"actualTime":null,"baggage":null,"delay":"43","estimatedRunway":null,"estimatedTime":"2025-11-10T17:19:00.000","gate":"20","iataCode":"PVR","icaoCode":"MMPR","scheduledTime":"2025-11-10T16:36:00.000","terminal":null},"flight":{"iataNumber":"Y43123","icaoNumber":"VOI3123","number":"3123"},"status":"scheduled","type":"arrival"},{"aircraft":{"icao24":"","icaoCode":"A320","regNumber":""},"airline":{"iataCode":"VB","icaoCode":"VIV","name":"VivaAerobus"},"arrival":{"actualRunway":null,"actualTime":null,"baggage":null,"delay":null,"estimatedRunway":null,"estimatedTime":null,"gate":null,"iataCode":"TIJ","icaoCode":"MMTJ","scheduledTime":"2025-11-10T17:40:00.000","terminal":"1"},"codeshared":null,"departure":{"actualRunway":null,"actualTime":null,"baggage":null,"delay":"130","estimatedRunway":null,"estimatedTime":"2025-11-10T18:00:00.000","gate":null,"iataCode":"CUN","icaoCode":"MMUN","scheduledTime":"2025-11-10T15:50:00.000","terminal":"2"},"flight":{"iataNumber":"VB2264","icaoNumber":"VIV2264","number":"2264"},"status":"scheduled","type":"arrival"},{"aircraft":{"icao24":"78105B","icaoCode":"B789","regNumber":"B-1540"},"airline":{"iataCode":"HU","icaoCode":"CHH","name":"Hainan Airlines"},"arrival":{"actualRunway":null,"actualTime":null,"baggage":"6","delay":null,"estimatedRunway":null,"estimatedTime":"2025-11-10T17:23:00.000","gate":null,"iataCode":"TIJ","icaoCode":"MMTJ","scheduledTime":"2025-11-10T17:55:00.000","terminal":"1"},"codeshared":null,"departure":{"actualRunway":"2025-11-10T21:43:00.000","actualTime":"2025-11-10T21:43:00.000","baggage":null,"delay":"8","estimatedRunway":"2025-11-10T21:43:00.000","estimatedTime":"2025-11-10T21:46:00.000","gate":"C09","iataCode":"PEK","icaoCode":"ZBAA","scheduledTime":"2025-11-10T21:35:00.000","terminal":"2"},"flight":{"iataNumber":"HU7925","icaoNumber":"CHH7925","number":"7925"},"status":"active","type":"arrival"},{"aircraft":{"icao24":"","icaoCode":"A321","regNumber":""},"airline":{"iataCode":"VB","icaoCode":"VIV","name":"VivaAerobus"},"arrival":{"actualRunway":null,"actualTime":null,"baggage":null,"delay":null,"estimatedRunway":null,"estimatedTime":null,"gate":null,"iataCode":"TIJ","icaoCode":"MMTJ","scheduledTime":"2025-11-10T18:05:00.000","terminal":"1"},"codeshared":null,"departure":{"actualRunway":null,"actualTime":null,"baggage":null,"delay":"10","estimatedRunway":null,"estimatedTime":"2025-11-10T16:45:00.000","gate":null,"iataCode":"NLU","icaoCode":"MMSM","scheduledTime":"2025-11-10T16:35:00.000","terminal":null},"flight":{"iataNumber":"VB7429","icaoNumber":"VIV7429","number":"7429"},"status":"scheduled","type":"arrival"},{"aircraft":{"icao24":"A708BF","icaoCode":"A20N","regNumber":"N552VL"},"airline":{"iataCode":"Y4","icaoCode":"VOI","name":"Volaris"},"arrival":{"actualRunway":null,"actualTime":null,"baggage":null,"delay":null,"estimatedRunway":null,"estimatedTime":null,"gate":null,"iataCode":"TIJ","icaoCode":"MMTJ","scheduledTime":"2025-11-10T18:05:00.000","terminal":"1"},"codeshared":null,"departure":{"actualRunway":null,"actualTime":null,"baggage":null,"delay":"9","estimatedRunway":null,"estimatedTime":"2025-11-10T16:44:00.000","gate":"14","iataCode":"TLC","icaoCode":"MMTO","scheduledTime":"2025-11-10T16:35:00.000","terminal":null},"flight":{"iataNumber":"Y43323","icaoNumber":"VOI3323","number":"3323"},"status":"scheduled","type":"arrival"},{"aircraft":{"icao24":"0D0EC4","icaoCode":"A21N","regNumber":"XA-VSC"},"airline":{"iataCode":"Y4","icaoCode":"VOI","name":"Volaris"},"arrival":{"actualRunway":null,"actualTime":null,"baggage":null,"delay":null,"estimatedRunway":null,"estimatedTime":null,"gate":null,"iataCode":"TIJ","icaoCode":"MMTJ","scheduledTime":"2025-11-10T18:17:00.000","terminal":"1"},"codeshared":null,"departure":{"actualRunway":null,"actualTime":null,"baggage":null,"delay":"229","estimatedRunway":null,"estimatedTime":"2025-11-10T21:04:00.000","gate":"A5","iataCode":"GDL","icaoCode":"MMGL","scheduledTime":"2025-11-10T17:15:00.000","terminal":"1"},"flight":{"iataNumber":"Y41006","icaoNumber":"VOI1006","number":"1006"},"status":"scheduled","type":"arrival"},{"aircraft":{"icao24":"0D0BBE","icaoCode":"A20N","regNumber":"XA-VRK"},"airline":{"iataCode":"Y4","icaoCode":"VOI","name":"Volaris"},"arrival":{"actualRunway":null,"actualTime":null,"baggage":null,"delay":null,"estimatedRunway":null,"estimatedTime":null,"gate":null,"iataCode":"TIJ","icaoCode":"MMTJ","scheduledTime":"2025-11-10T18:25:00.000","terminal":"1"},"codeshared":null,"departure":{"actualRunway":null,"actualTime":null,"baggage":null,"delay":"29","estimatedRunway":null,"estimatedTime":"2025-11-10T16:53:00.000","gate":"12","iataCode":"OAX","icaoCode":"MMOX","scheduledTime":"2025-11-10T16:24:00.000","terminal":null},"flight":{"iataNumber":"Y45901","icaoNumber":"VOI5901","number":"5901"},"status":"scheduled","type":"arrival"},{"aircraft":{"icao24":"","icaoCode":"A320","regNumber":""},"airline":{"iataCode":"VB","icaoCode":"VIV","name":"VivaAerobus"},"arrival":{"actualRunway":null,"actualTime":null,"baggage":null,"delay":null,"estimatedRunway":null,"estimatedTime":null,"gate":null,"iataCode":"TIJ","icaoCode":"MMTJ","scheduledTime":"2025-11-10T18:50:00.000","terminal":"1"},"codeshared":null,"departure":{"actualRunway":null,"actualTime":null,"baggage":null,"delay":null,"estimatedRunway":null,"estimatedTime":"2025-11-10T17:50:00.000","gate":null,"iataCode":"MTY","icaoCode":"MMMY","scheduledTime":"2025-11-10T17:50:00.000","terminal":"C"},"flight":{"iataNumber":"VB7401","icaoNumber":"VIV7401","number":"7401"},"status":"scheduled","type":"arrival"},{"aircraft":{"icao24":"0D0D41","icaoCode":"A20N","regNumber":"XA-VRW"},"airline":{"iataCode":"Y4","icaoCode":"VOI","name":"Volaris"},"arrival":{"actualRunway":null,"actualTime":null,"baggage":null,"delay":null,"estimatedRunway":null,"estimatedTime":null,"gate":null,"iataCode":"TIJ","icaoCode":"MMTJ","scheduledTime":"2025-11-10T19:15:00.000","terminal":"1"},"codeshared":null,"departure":{"actualRunway":null,"actualTime":null,"baggage":null,"delay":"196","estimatedRunway":null,"estimatedTime":"2025-11-10T21:41:00.000","gate":"5","iataCode":"PVR","icaoCode":"MMPR","scheduledTime":"2025-11-10T18:25:00.000","terminal":null},"flight":{"iataNumber":"Y43125","icaoNumber":"VOI3125","number":"3125"},"status":"scheduled","type":"arrival"},{"aircraft":{"icao24":"0D09BD","icaoCode":"A320","regNumber":"XA-VLS"},"airline":{"iataCode":"Y4","icaoCode":"VOI","name":"Volaris"},"arrival":{"actualRunway":null,"actualTime":null,"baggage":null,"delay":null,"estimatedRunway":null,"estimatedTime":null,"gate":null,"iataCode":"TIJ","icaoCode":"MMTJ","scheduledTime":"2025-11-10T19:15:00.000","terminal":"1"},"codeshared":null,"departure":{"actualRunway":null,"actualTime":null,"baggage":null,"delay":"216","estimatedRunway":null,"estimatedTime":"2025-11-10T22:46:00.000","gate":null,"iataCode":"CUU","icaoCode":"MMCU","scheduledTime":"2025-11-10T19:10:00.000","terminal":null},"flight":{"iataNumber":"Y43293","icaoNumber":"VOI3293","number":"3293"},"status":"scheduled","type":"arrival"},{"aircraft":{"icao24":"A6D00B","icaoCode":"A20N","regNumber":"N538VL"},"airline":{"iataCode":"Y4","icaoCode":"VOI","name":"Volaris"},"arrival":{"actualRunway":null,"actualTime":null,"baggage":null,"delay":null,"estimatedRunway":null,"estimatedTime":null,"gate":null,"iataCode":"TIJ","icaoCode":"MMTJ","scheduledTime":"2025-11-10T19:26:00.000","terminal":"1"},"codeshared":null,"departure":{"actualRunway":null,"actualTime":null,"baggage":null,"delay":null,"estimatedRunway":null,"estimatedTime":"2025-11-10T18:15:00.000","gate":"2","iataCode":"CUL","icaoCode":"MMCL","scheduledTime":"2025-11-10T18:15:00.000","terminal":null},"flight":{"iataNumber":"Y43009","icaoNumber":"VOI3009","number":"3009"},"status":"scheduled","type":"arrival"},{"aircraft":{"icao24":"","icaoCode":"A320","regNumber":""},"airline":{"iataCode":"VB","icaoCode":"VIV","name":"VivaAerobus"},"arrival":{"actualRunway":null,"actualTime":null,"baggage":null,"delay":null,"estimatedRunway":null,"estimatedTime":null,"gate":null,"iataCode":"TIJ","icaoCode":"MMTJ","scheduledTime":"2025-11-10T19:40:00.000","terminal":"1"},"codeshared":null,"departure":{"actualRunway":null,"actualTime":null,"baggage":null,"delay":"10","estimatedRunway":null,"estimatedTime":"2025-11-10T18:50:00.000","gate":null,"iataCode":"GDL","icaoCode":"MMGL","scheduledTime":"2025-11-10T18:40:00.000","terminal":"1"},"flight":{"iataNumber":"VB7433","icaoNumber":"VIV7433","number":"7433"},"status":"scheduled","type":"arrival"},{"aircraft":{"icao24":"","icaoCode":"A321","regNumber":""},"airline":{"iataCode":"VB","icaoCode":"VIV","name":"VivaAerobus"},"arrival":{"actualRunway":null,"actualTime":null,"baggage":null,"delay":null,"estimatedRunway":null,"estimatedTime":null,"gate":null,"iataCode":"TIJ","icaoCode":"MMTJ","scheduledTime":"2025-11-10T19:45:00.000","terminal":"1"},"codeshared":null,"departure":{"actualRunway":null,"actualTime":null,"baggage":null,"delay":"10","estimatedRunway":null,"estimatedTime":"2025-11-10T18:40:00.000","gate":null,"iataCode":"SJD","icaoCode":"MMSD","scheduledTime":"2025-11-10T18:30:00.000","terminal":"1"},"flight":{"iataNumber":"VB7045","icaoNumber":"VIV7045","number":"7045"},"status":"scheduled","type":"arrival"},{"aircraft":{"icao24":"0D0C7C","icaoCode":"B38M","regNumber":"XA-CCM"},"airline":{"iataCode":"LA","icaoCode":"LAN","name":"LATAM Airlines"},"arrival":{"actualRunway":null,"actualTime":null,"baggage":null,"delay":null,"estimatedRunway":null,"estimatedTime":null,"gate":null,"iataCode":"TIJ","icaoCode":"MMTJ","scheduledTime":"2025-11-10T19:50:00.000","terminal":"1"},"codeshared":{"airline":{"iataCode":"am","icaoCode":"amx","name":"aeromexico"},"flight":{"iataNumber":"am180","icaoNumber":"amx180","number":"180"}},"departure":{"actualRunway":null,"actualTime":null,"baggage":null,"delay":"10","estimatedRunway":null,"estimatedTime":"2025-11-10T18:05:00.000","gate":"66","iataCode":"MEX","icaoCode":"MMMX","scheduledTime":"2025-11-10T17:55:00.000","terminal":"2"},"flight":{"iataNumber":"LA7588","icaoNumber":"LAN7588","number":"7588"},"status":"scheduled","type":"arrival"},{"aircraft":{"icao24":"0D0C7C","icaoCode":"B38M","regNumber":"XA-CCM"},"airline":{"iataCode":"WS","icaoCode":"WJA","name":"WestJet"},"arrival":{"actualRunway":null,"actualTime":null,"baggage":null,"delay":null,"estimatedRunway":null,"estimatedTime":null,"gate":null,"iataCode":"TIJ","icaoCode":"MMTJ","scheduledTime":"2025-11-10T19:50:00.000","terminal":"1"},"codeshared":{"airline":{"iataCode":"am","icaoCode":"amx","name":"aeromexico"},"flight":{"iataNumber":"am180","icaoNumber":"amx180","number":"180"}},"departure":{"actualRunway":null,"actualTime":null,"baggage":null,"delay":"10","estimatedRunway":null,"estimatedTime":"2025-11-10T18:05:00.000","gate":"66","iataCode":"MEX","icaoCode":"MMMX","scheduledTime":"2025-11-10T17:55:00.000","terminal":"2"},"flight":{"iataNumber":"WS5785","icaoNumber":"WJA5785","number":"5785"},"status":"scheduled","type":"arrival"},{"aircraft":{"icao24":"0D0C7C","icaoCode":"B38M","regNumber":"XA-CCM"},"airline":{"iataCode":"LA","icaoCode":"LAN","name":"LATAM Airlines"},"arrival":{"actualRunway":null,"actualTime":null,"baggage":null,"delay":null,"estimatedRunway":null,"estimatedTime":null,"gate":null,"iataCode":"TIJ","icaoCode":"MMTJ","scheduledTime":"2025-11-10T19:50:00.000","terminal":"1"},"codeshared":{"airline":{"iataCode":"am","icaoCode":"amx","name":"aeromexico"},"flight":{"iataNumber":"am180","icaoNumber":"amx180","number":"180"}},"departure":{"actualRunway":null,"actualTime":null,"baggage":null,"delay":"10","estimatedRunway":null,"estimatedTime":"2025-11-10T18:05:00.000","gate":"66","iataCode":"MEX","icaoCode":"MMMX","scheduledTime":"2025-11-10T17:55:00.000","terminal":"2"},"flight":{"iataNumber":"LA7540","icaoNumber":"LAN7540","number":"7540"},"status":"scheduled","type":"arrival"},{"aircraft":{"icao24":"0D0C7C","icaoCode":"B38M","regNumber":"XA-CCM"},"airline":{"iataCode":"AM","icaoCode":"AMX","name":"Aeromexico"},"arrival":{"actualRunway":null,"actualTime":null,"baggage":null,"delay":null,"estimatedRunway":null,"estimatedTime":null,"gate":null,"iataCode":"TIJ","icaoCode":"MMTJ","scheduledTime":"2025-11-10T19:50:00.000","terminal":"1"},"codeshared":null,"departure":{"actualRunway":null,"actualTime":null,"baggage":null,"delay":"10","estimatedRunway":null,"estimatedTime":"2025-11-10T18:05:00.000","gate":"66","iataCode":"MEX","icaoCode":"MMMX","scheduledTime":"2025-11-10T17:55:00.000","terminal":"2"},"flight":{"iataNumber":"AM180","icaoNumber":"AMX180","number":"180"},"status":"scheduled","type":"arrival"},{"aircraft":{"icao24":"0D1140","icaoCode":"A21N","regNumber":"XA-VUX"},"airline":{"iataCode":"Y4","icaoCode":"VOI","name":"Volaris"},"arrival":{"actualRunway":null,"actualTime":null,"baggage":null,"delay":null,"estimatedRunway":null,"estimatedTime":null,"gate":null,"iataCode":"TIJ","icaoCode":"MMTJ","scheduledTime":"2025-11-10T20:00:00.000","terminal":"1"},"codeshared":null,"departure":{"actualRunway":null,"actualTime":null,"baggage":null,"delay":"114","estimatedRunway":null,"estimatedTime":"2025-11-10T19:58:00.000","gate":null,"iataCode":"CUN","icaoCode":"MMUN","scheduledTime":"2025-11-10T18:04:00.000","terminal":"2"},"flight":{"iataNumber":"Y43085","icaoNumber":"VOI3085","number":"3085"},"status":"scheduled","type":"arrival"},{"aircraft":{"icao24":"0D0BBE","icaoCode":"A20N","regNumber":"XA-VRK"},"airline":{"iataCode":"Y4","icaoCode":"VOI","name":"Volaris"},"arrival":{"actualRunway":null,"actualTime":null,"baggage":null,"delay":null,"estimatedRunway":null,"estimatedTime":null,"gate":null,"iataCode":"TIJ","icaoCode":"MMTJ","scheduledTime":"2025-11-10T20:05:00.000","terminal":"1"},"codeshared":null,"departure":{"actualRunway":null,"actualTime":null,"baggage":null,"delay":"149","estimatedRunway":null,"estimatedTime":"2025-11-10T22:08:00.000","gate":null,"iataCode":"HMO","icaoCode":"MMHO","scheduledTime":"2025-11-10T19:39:00.000","terminal":null},"flight":{"iataNumber":"Y43185","icaoNumber":"VOI3185","number":"3185"},"status":"scheduled","type":"arrival"},{"aircraft":{"icao24":"0D0D37","icaoCode":"A20N","regNumber":"XA-VRX"},"airline":{"iataCode":"Y4","icaoCode":"VOI","name":"Volaris"},"arrival":{"actualRunway":null,"actualTime":null,"baggage":null,"delay":null,"estimatedRunway":null,"estimatedTime":null,"gate":null,"iataCode":"TIJ","icaoCode":"MMTJ","scheduledTime":"2025-11-10T20:07:00.000","terminal":"1"},"codeshared":null,"departure":{"actualRunway":null,"actualTime":null,"baggage":null,"delay":null,"estimatedRunway":null,"estimatedTime":"2025-11-10T19:05:00.000","gate":"A2","iataCode":"GDL","icaoCode":"MMGL","scheduledTime":"2025-11-10T19:05:00.000","terminal":"1"},"flight":{"iataNumber":"Y41008","icaoNumber":"VOI1008","number":"1008"},"status":"scheduled","type":"arrival"},{"aircraft":{"icao24":"A6598E","icaoCode":"A320","regNumber":"N508VL"},"airline":{"iataCode":"Y4","icaoCode":"VOI","name":"Volaris"},"arrival":{"actualRunway":null,"actualTime":null,"baggage":null,"delay":null,"estimatedRunway":null,"estimatedTime":null,"gate":null,"iataCode":"TIJ","icaoCode":"MMTJ","scheduledTime":"2025-11-10T20:09:00.000","terminal":"1"},"codeshared":null,"departure":{"actualRunway":null,"actualTime":null,"baggage":null,"delay":null,"estimatedRunway":null,"estimatedTime":"2025-11-10T18:56:00.000","gate":null,"iataCode":"UPN","icaoCode":"MMPN","scheduledTime":"2025-11-10T18:56:00.000","terminal":null},"flight":{"iataNumber":"Y43275","icaoNumber":"VOI3275","number":"3275"},"status":"scheduled","type":"arrival"},{"aircraft":{"icao24":"0D0D27","icaoCode":"A20N","regNumber":"XA-VRU"},"airline":{"iataCode":"Y4","icaoCode":"VOI","name":"Volaris"},"arrival":{"actualRunway":null,"actualTime":null,"baggage":null,"delay":null,"estimatedRunway":null,"estimatedTime":null,"gate":null,"iataCode":"TIJ","icaoCode":"MMTJ","scheduledTime":"2025-11-10T20:16:00.000","terminal":"1"},"codeshared":null,"departure":{"actualRunway":null,"actualTime":null,"baggage":null,"delay":null,"estimatedRunway":null,"estimatedTime":"2025-11-10T18:34:00.000","gate":"3","iataCode":"PBC","icaoCode":"MMPB","scheduledTime":"2025-11-10T18:34:00.000","terminal":null},"flight":{"iataNumber":"Y43223","icaoNumber":"VOI3223","number":"3223"},"status":"scheduled","type":"arrival"},{"aircraft":{"icao24":"","icaoCode":"A320","regNumber":""},"airline":{"iataCode":"VB","icaoCode":"VIV","name":"VivaAerobus"},"arrival":{"actualRunway":null,"actualTime":null,"baggage":null,"delay":null,"estimatedRunway":null,"estimatedTime":null,"gate":null,"iataCode":"TIJ","icaoCode":"MMTJ","scheduledTime":"2025-11-10T20:25:00.000","terminal":"1"},"codeshared":null,"departure":{"actualRunway":null,"actualTime":null,"baggage":null,"delay":"10","estimatedRunway":null,"estimatedTime":"2025-11-10T19:35:00.000","gate":null,"iataCode":"GDL","icaoCode":"MMGL","scheduledTime":"2025-11-10T19:25:00.000","terminal":"1"},"flight":{"iataNumber":"VB3104","icaoNumber":"VIV3104","number":"3104"},"status":"scheduled","type":"arrival"},{"aircraft":{"icao24":"","icaoCode":"A320","regNumber":""},"airline":{"iataCode":"VB","icaoCode":"VIV","name":"VivaAerobus"},"arrival":{"actualRunway":null,"actualTime":null,"baggage":null,"delay":null,"estimatedRunway":null,"estimatedTime":null,"gate":null,"iataCode":"TIJ","icaoCode":"MMTJ","scheduledTime":"2025-11-10T20:40:00.000","terminal":"1"},"codeshared":null,"departure":{"actualRunway":null,"actualTime":null,"baggage":null,"delay":"10","estimatedRunway":null,"estimatedTime":"2025-11-10T19:45:00.000","gate":null,"iataCode":"LAP","icaoCode":"MMLP","scheduledTime":"2025-11-10T19:35:00.000","terminal":null},"flight":{"iataNumber":"VB7371","icaoNumber":"VIV7371","number":"7371"},"status":"scheduled","type":"arrival"},{"aircraft":{"icao24":"A65220","icaoCode":"A320","regNumber":"N506VL"},"airline":{"iataCode":"Y4","icaoCode":"VOI","name":"Volaris"},"arrival":{"actualRunway":null,"actualTime":null,"baggage":null,"delay":null,"estimatedRunway":null,"estimatedTime":null,"gate":null,"iataCode":"TIJ","icaoCode":"MMTJ","scheduledTime":"2025-11-10T20:41:00.000","terminal":"1"},"codeshared":null,"departure":{"actualRunway":null,"actualTime":null,"baggage":null,"delay":"10","estimatedRunway":null,"estimatedTime":"2025-11-10T19:47:00.000","gate":"DOS","iataCode":"CLQ","icaoCode":"MMIA","scheduledTime":"2025-11-10T19:37:00.000","terminal":null},"flight":{"iataNumber":"Y43265","icaoNumber":"VOI3265","number":"3265"},"status":"scheduled","type":"arrival"},{"aircraft":{"icao24":"0D09D5","icaoCode":"A321","regNumber":"XA-VLU"},"airline":{"iataCode":"Y4","icaoCode":"VOI","name":"Volaris"},"arrival":{"actualRunway":null,"actualTime":null,"baggage":null,"delay":null,"estimatedRunway":null,"estimatedTime":null,"gate":null,"iataCode":"TIJ","icaoCode":"MMTJ","scheduledTime":"2025-11-10T20:45:00.000","terminal":"1"},"codeshared":null,"departure":{"actualRunway":null,"actualTime":null,"baggage":null,"delay":"90","estimatedRunway":null,"estimatedTime":"2025-11-10T20:30:00.000","gate":"G","iataCode":"MEX","icaoCode":"MMMX","scheduledTime":"2025-11-10T19:00:00.000","terminal":"1"},"flight":{"iataNumber":"Y4184","icaoNumber":"VOI184","number":"184"},"status":"scheduled","type":"arrival"}]}