{"pagination":{"limit":null,"offset":null,"count":91,"total":91},"data":[{"aircraft":{"icao24":"0D0E2C","icaoCode":"B38M","regNumber":"XA-MFN"},"airline":{"iataCode":"UX","icaoCode":"AEA","name":"Air Europa"},"arrival":{"actualRunway":"2025-11-08T09:59:00.000","actualTime":"2025-11-08T09:59:00.000","baggage":null,"delay":null,"estimatedRunway":"2025-11-08T09:59:00.000","estimatedTime":"2025-11-08T09:59:00.000","gate":"1","iataCode":"TIJ","icaoCode":"MMTJ","scheduledTime":"2025-11-08T10:00:00.000","terminal":null},"codeshared":{"airline":{"iataCode":"am","icaoCode":"amx","name":"aeromexico"},"flight":{"iataNumber":"am170","icaoNumber":"amx170","number":"170"}},"departure":{"actualRunway":"2025-11-08T08:47:00.000","actualTime":"2025-11-08T08:47:00.000","baggage":null,"delay":"48","estimatedRunway":"2025-11-08T08:47:00.000","estimatedTime":"2025-11-08T08:10:00.000","gate":"81","iataCode":"MEX","icaoCode":"MMMX","scheduledTime":"2025-11-08T08:00:00.000","terminal":"2"},"flight":{"iataNumber":"UX2513","icaoNumber":"AEA2513","number":"2513"},"status":"landed","type":"arrival"},{"aircraft":{"icao24":"0D0E2C","icaoCode":"B38M","regNumber":"XA-MFN"},"airline":{"iataCode":"AM","icaoCode":"AMX","name":"Aeromexico"},"arrival":{"actualRunway":"2025-11-08T09:59:00.000","actualTime":"2025-11-08T09:59:00.000","baggage":null,"delay":null,"estimatedRunway":"2025-11-08T09:59:00.000","estimatedTime":"2025-11-08T09:59:00.000","gate":"1","iataCode":"TIJ","icaoCode":"MMTJ","scheduledTime":"2025-11-08T10:00:00.000","terminal":null},"codeshared":null,"departure":{"actualRunway":"2025-11-08T08:47:00.000","actualTime":"2025-11-08T08:47:00.000","baggage":null,"delay":"48","estimatedRunway":"2025-11-08T08:47:00.000","estimatedTime":"2025-11-08T08:10:00.000","gate":"81","iataCode":"MEX","icaoCode":"MMMX","scheduledTime":"2025-11-08T08:00:00.000","terminal":"2"},"flight":{"iataNumber":"AM170","icaoNumber":"AMX170","number":"170"},"status":"landed","type":"arrival"},{"aircraft":{"icao24":"0D0F13","icaoCode":"A21N","regNumber":"XA-VUB"},"airline":{"iataCode":"Y4","icaoCode":"VOI","name":"Volaris"},"arrival":{"actualRunway":"2025-11-08T10:38:00.000","actualTime":"2025-11-08T10:38:00.000","baggage":null,"delay":"37","estimatedRunway":"2025-11-08T10:38:00.000","estimatedTime":"2025-11-08T10:38:00.000","gate":null,"iataCode":"TIJ","icaoCode":"MMTJ","scheduledTime":"2025-11-08T10:01:00.000","terminal":null},"codeshared":null,"departure":{"actualRunway":"2025-11-08T10:35:00.000","actualTime":"2025-11-08T10:35:00.000","baggage":null,"delay":"61","estimatedRunway":"2025-11-08T10:35:00.000","estimatedTime":"2025-11-08T09:35:00.000","gate":"7","iataCode":"HMO","icaoCode":"MMHO","scheduledTime":"2025-11-08T09:35:00.000","terminal":null},"flight":{"iataNumber":"Y43181","icaoNumber":"VOI3181","number":"3181"},"status":"landed","type":"arrival"},{"aircraft":{"icao24":"0D0DD3","icaoCode":"A21N","regNumber":"XA-VSK"},"airline":{"iataCode":"Y4","icaoCode":"VOI","name":"Volaris"},"arrival":{"actualRunway":null,"actualTime":null,"baggage":null,"delay":null,"estimatedRunway":null,"estimatedTime":null,"gate":null,"iataCode":"TIJ","icaoCode":"MMTJ","scheduledTime":"2025-11-08T10:52:00.000","terminal":null},"codeshared":null,"departure":{"actualRunway":null,"actualTime":null,"baggage":null,"delay":null,"estimatedRunway":null,"estimatedTime":"2025-11-08T09:41:00.000","gate":null,"iataCode":"CUL","icaoCode":"MMCL","scheduledTime":"2025-11-08T09:41:00.000","terminal":null},"flight":{"iataNumber":"Y43001","icaoNumber":"VOI3001","number":"3001"},"status":"cancelled","type":"arrival"},{"aircraft":{"icao24":"A6A11E","icaoCode":"A320","regNumber":"N526VL"},"airline":{"iataCode":"Y4","icaoCode":"VOI","name":"Volaris"},"arrival":{"actualRunway":"2025-11-08T11:30:00.000","actualTime":"2025-11-08T11:30:00.000","baggage":null,"delay":"36","estimatedRunway":"2025-11-08T11:30:00.000","estimatedTime":"2025-11-08T11:31:00.000","gate":null,"iataCode":"TIJ","icaoCode":"MMTJ","scheduledTime":"2025-11-08T10:55:00.000","terminal":null},"codeshared":null,"departure":{"actualRunway":"2025-11-08T11:51:00.000","actualTime":"2025-11-08T11:51:00.000","baggage":null,"delay":"62","estimatedRunway":"2025-11-08T11:51:00.000","estimatedTime":"2025-11-08T11:22:00.000","gate":"2","iataCode":"CUU","icaoCode":"MMCU","scheduledTime":"2025-11-08T10:50:00.000","terminal":null},"flight":{"iataNumber":"Y43291","icaoNumber":"VOI3291","number":"3291"},"status":"landed","type":"arrival"},{"aircraft":{"icao24":"A69242","icaoCode":"A320","regNumber":"N522VL"},"airline":{"iataCode":"Y4","icaoCode":"VOI","name":"Volaris"},"arrival":{"actualRunway":null,"actualTime":null,"baggage":null,"delay":null,"estimatedRunway":null,"estimatedTime":"2025-11-08T10:44:00.000","gate":null,"iataCode":"TIJ","icaoCode":"MMTJ","scheduledTime":"2025-11-08T10:57:00.000","terminal":null},"codeshared":null,"departure":{"actualRunway":"2025-11-08T10:06:00.000","actualTime":"2025-11-08T10:06:00.000","baggage":null,"delay":"11","estimatedRunway":"2025-11-08T10:06:00.000","estimatedTime":"2025-11-08T10:08:00.000","gate":"10","iataCode":"MTY","icaoCode":"MMMY","scheduledTime":"2025-11-08T09:55:00.000","terminal":"A"},"flight":{"iataNumber":"Y45608","icaoNumber":"VOI5608","number":"5608"},"status":"diverted","type":"arrival"},{"aircraft":{"icao24":"","icaoCode":"320","regNumber":""},"airline":{"iataCode":"VB","icaoCode":"VIV","name":"VivaAerobus"},"arrival":{"actualRunway":null,"actualTime":null,"baggage":null,"delay":null,"estimatedRunway":null,"estimatedTime":null,"gate":null,"iataCode":"TIJ","icaoCode":"MMTJ","scheduledTime":"2025-11-08T11:00:00.000","terminal":null},"codeshared":null,"departure":{"actualRunway":null,"actualTime":null,"baggage":null,"delay":"10","estimatedRunway":null,"estimatedTime":"2025-11-08T10:00:00.000","gate":null,"iataCode":"CUL","icaoCode":"MMCL","scheduledTime":"2025-11-08T09:50:00.000","terminal":null},"flight":{"iataNumber":"VB5003","icaoNumber":"VIV5003","number":"5003"},"status":"unknown","type":"arrival"},{"aircraft":{"icao24":"0D0E46","icaoCode":"A21N","regNumber":"XA-VST"},"airline":{"iataCode":"Y4","icaoCode":"VOI","name":"Volaris"},"arrival":{"actualRunway":null,"actualTime":null,"baggage":null,"delay":null,"estimatedRunway":null,"estimatedTime":null,"gate":null,"iataCode":"TIJ","icaoCode":"MMTJ","scheduledTime":"2025-11-08T11:24:00.000","terminal":null},"codeshared":null,"departure":{"actualRunway":null,"actualTime":null,"baggage":null,"delay":null,"estimatedRunway":null,"estimatedTime":"2025-11-08T09:56:00.000","gate":null,"iataCode":"MZT","icaoCode":"MMMZ","scheduledTime":"2025-11-08T09:56:00.000","terminal":null},"flight":{"iataNumber":"Y43193","icaoNumber":"VOI3193","number":"3193"},"status":"cancelled","type":"arrival"},{"aircraft":{"icao24":"0D0B10","icaoCode":"A20N","regNumber":"XA-VRE"},"airline":{"iataCode":"Y4","icaoCode":"VOI","name":"Volaris"},"arrival":{"actualRunway":"2025-11-08T11:25:00.000","actualTime":"2025-11-08T11:25:00.000","baggage":null,"delay":null,"estimatedRunway":"2025-11-08T11:25:00.000","estimatedTime":"2025-11-08T11:24:00.000","gate":null,"iataCode":"TIJ","icaoCode":"MMTJ","scheduledTime":"2025-11-08T11:26:00.000","terminal":null},"codeshared":null,"departure":{"actualRunway":"2025-11-08T11:17:00.000","actualTime":"2025-11-08T11:17:00.000","baggage":null,"delay":"22","estimatedRunway":"2025-11-08T11:17:00.000","estimatedTime":"2025-11-08T10:56:00.000","gate":"5","iataCode":"TRC","icaoCode":"MMTC","scheduledTime":"2025-11-08T10:56:00.000","terminal":null},"flight":{"iataNumber":"Y43371","icaoNumber":"VOI3371","number":"3371"},"status":"landed","type":"arrival"},{"aircraft":{"icao24":"AA2E36","icaoCode":"CRJ7","regNumber":"N755SK"},"airline":{"iataCode":"AA","icaoCode":"AAL","name":"American Airlines"},"arrival":{"actualRunway":null,"actualTime":null,"baggage":null,"delay":null,"estimatedRunway":null,"estimatedTime":null,"gate":null,"iataCode":"TIJ","icaoCode":"MMTJ","scheduledTime":"2025-11-08T11:34:00.000","terminal":null},"codeshared":null,"departure":{"actualRunway":null,"actualTime":null,"baggage":null,"delay":"23","estimatedRunway":null,"estimatedTime":"2025-11-08T11:27:00.000","gate":"B18","iataCode":"PHX","icaoCode":"KPHX","scheduledTime":"2025-11-08T11:04:00.000","terminal":"4"},"flight":{"iataNumber":"AA6455","icaoNumber":"AAL6455","number":"6455"},"status":"scheduled","type":"arrival"},{"aircraft":{"icao24":"AA2E36","icaoCode":"CRJ7","regNumber":"N755SK"},"airline":{"iataCode":"AA","icaoCode":"AAL","name":"American Airlines"},"arrival":{"actualRunway":"2025-11-08T11:07:00.000","actualTime":"2025-11-08T11:07:00.000","baggage":null,"delay":null,"estimatedRunway":"2025-11-08T11:07:00.000","estimatedTime":"2025-11-08T11:09:00.000","gate":null,"iataCode":"TIJ","icaoCode":"MMTJ","scheduledTime":"2025-11-08T11:34:00.000","terminal":null},"codeshared":null,"departure":{"actualRunway":"2025-11-08T11:19:00.000","actualTime":"2025-11-08T11:19:00.000","baggage":null,"delay":"15","estimatedRunway":"2025-11-08T11:19:00.000","estimatedTime":null,"gate":"B18","iataCode":"PHX","icaoCode":"KPHX","scheduledTime":"2025-11-08T11:04:00.000","terminal":"4"},"flight":{"iataNumber":"AA6455","icaoNumber":"AAL6455","number":"6455"},"status":"landed","type":"arrival"},{"aircraft":{"icao24":"0D0DA4","icaoCode":"A20N","regNumber":"XA-VSG"},"airline":{"iataCode":"Y4","icaoCode":"VOI","name":"Volaris"},"arrival":{"actualRunway":"2025-11-08T11:20:00.000","actualTime":"2025-11-08T11:20:00.000","baggage":null,"delay":null,"estimatedRunway":"2025-11-08T11:20:00.000","estimatedTime":"2025-11-08T11:22:00.000","gate":null,"iataCode":"TIJ","icaoCode":"MMTJ","scheduledTime":"2025-11-08T11:45:00.000","terminal":null},"codeshared":null,"departure":{"actualRunway":"2025-11-08T09:56:00.000","actualTime":"2025-11-08T09:56:00.000","baggage":null,"delay":null,"estimatedRunway":"2025-11-08T09:56:00.000","estimatedTime":"2025-11-08T10:00:00.000","gate":"2","iataCode":"ACA","icaoCode":"MMAA","scheduledTime":"2025-11-08T10:00:00.000","terminal":null},"flight":{"iataNumber":"Y43269","icaoNumber":"VOI3269","number":"3269"},"status":"landed","type":"arrival"},{"aircraft":{"icao24":"0D0760","icaoCode":"B738","regNumber":"XA-AMC"},"airline":{"iataCode":"AM","icaoCode":"AMX","name":"Aeromexico"},"arrival":{"actualRunway":"2025-11-08T12:03:00.000","actualTime":"2025-11-08T12:03:00.000","baggage":null,"delay":null,"estimatedRunway":"2025-11-08T12:03:00.000","estimatedTime":"2025-11-08T12:02:00.000","gate":null,"iataCode":"TIJ","icaoCode":"MMTJ","scheduledTime":"2025-11-08T12:26:00.000","terminal":null},"codeshared":null,"departure":{"actualRunway":"2025-11-08T10:47:00.000","actualTime":"2025-11-08T10:47:00.000","baggage":null,"delay":"18","estimatedRunway":"2025-11-08T10:47:00.000","estimatedTime":"2025-11-08T10:25:00.000","gate":"71","iataCode":"MEX","icaoCode":"MMMX","scheduledTime":"2025-11-08T10:30:00.000","terminal":"2"},"flight":{"iataNumber":"AM172","icaoNumber":"AMX172","number":"172"},"status":"landed","type":"arrival"},{"aircraft":{"icao24":"0D0D6D","icaoCode":"A20N","regNumber":"XA-VSA"},"airline":{"iataCode":"Y4","icaoCode":"VOI","name":"Volaris"},"arrival":{"actualRunway":"2025-11-08T12:25:00.000","actualTime":"2025-11-08T12:25:00.000","baggage":null,"delay":null,"estimatedRunway":"2025-11-08T12:25:00.000","estimatedTime":"2025-11-08T12:25:00.000","gate":null,"iataCode":"TIJ","icaoCode":"MMTJ","scheduledTime":"2025-11-08T12:33:00.000","terminal":null},"codeshared":null,"departure":{"actualRunway":"2025-11-08T11:45:00.000","actualTime":"2025-11-08T11:45:00.000","baggage":null,"delay":"15","estimatedRunway":"2025-11-08T11:45:00.000","estimatedTime":"2025-11-08T11:31:00.000","gate":"A5","iataCode":"GDL","icaoCode":"MMGL","scheduledTime":"2025-11-08T11:31:00.000","terminal":"1"},"flight":{"iataNumber":"Y41012","icaoNumber":"VOI1012","number":"1012"},"status":"landed","type":"arrival"},{"aircraft":{"icao24":"0D09BD","icaoCode":"A320","regNumber":"XA-VLS"},"airline":{"iataCode":"Y4","icaoCode":"VOI","name":"Volaris"},"arrival":{"actualRunway":null,"actualTime":null,"baggage":null,"delay":null,"estimatedRunway":null,"estimatedTime":null,"gate":null,"iataCode":"TIJ","icaoCode":"MMTJ","scheduledTime":"2025-11-08T12:50:00.000","terminal":null},"codeshared":null,"departure":{"actualRunway":null,"actualTime":null,"baggage":null,"delay":"332","estimatedRunway":null,"estimatedTime":"2025-11-08T17:18:00.000","gate":"DOS","iataCode":"CLQ","icaoCode":"MMIA","scheduledTime":"2025-11-08T11:46:00.000","terminal":null},"flight":{"iataNumber":"Y43263","icaoNumber":"VOI3263","number":"3263"},"status":"unknown","type":"arrival"},{"aircraft":{"icao24":"0D09A3","icaoCode":"A320","regNumber":"XA-VLQ"},"airline":{"iataCode":"Y4","icaoCode":"VOI","name":"Volaris"},"arrival":{"actualRunway":"2025-11-08T13:11:00.000","actualTime":"2025-11-08T13:11:00.000","baggage":null,"delay":"4","estimatedRunway":"2025-11-08T13:11:00.000","estimatedTime":"2025-11-08T13:10:00.000","gate":null,"iataCode":"TIJ","icaoCode":"MMTJ","scheduledTime":"2025-11-08T13:07:00.000","terminal":null},"codeshared":null,"departure":{"actualRunway":"2025-11-08T12:37:00.000","actualTime":"2025-11-08T12:37:00.000","baggage":null,"delay":"22","estimatedRunway":"2025-11-08T12:37:00.000","estimatedTime":"2025-11-08T12:15:00.000","gate":null,"iataCode":"ZCL","icaoCode":"MMZC","scheduledTime":"2025-11-08T12:15:00.000","terminal":null},"flight":{"iataNumber":"Y43213","icaoNumber":"VOI3213","number":"3213"},"status":"landed","type":"arrival"},{"aircraft":{"icao24":"0D118C","icaoCode":"A320","regNumber":"XA-VDJ"},"airline":{"iataCode":"VB","icaoCode":"VIV","name":"VivaAerobus"},"arrival":{"actualRunway":"2025-11-08T13:58:00.000","actualTime":"2025-11-08T13:58:00.000","baggage":null,"delay":"34","estimatedRunway":"2025-11-08T13:58:00.000","estimatedTime":"2025-11-08T13:57:00.000","gate":null,"iataCode":"TIJ","icaoCode":"MMTJ","scheduledTime":"2025-11-08T13:25:00.000","terminal":null},"codeshared":null,"departure":{"actualRunway":"2025-11-08T13:17:00.000","actualTime":"2025-11-08T13:17:00.000","baggage":null,"delay":"52","estimatedRunway":"2025-11-08T13:17:00.000","estimatedTime":"2025-11-08T12:35:00.000","gate":null,"iataCode":"GDL","icaoCode":"MMGL","scheduledTime":"2025-11-08T12:25:00.000","terminal":"1"},"flight":{"iataNumber":"VB3110","icaoNumber":"VIV3110","number":"3110"},"status":"landed","type":"arrival"},{"aircraft":{"icao24":"0D1140","icaoCode":"A21N","regNumber":"XA-VUX"},"airline":{"iataCode":"Y4","icaoCode":"VOI","name":"Volaris"},"arrival":{"actualRunway":"2025-11-08T14:14:00.000","actualTime":"2025-11-08T14:14:00.000","baggage":null,"delay":"35","estimatedRunway":"2025-11-08T14:14:00.000","estimatedTime":"2025-11-08T14:17:00.000","gate":null,"iataCode":"TIJ","icaoCode":"MMTJ","scheduledTime":"2025-11-08T13:39:00.000","terminal":null},"codeshared":null,"departure":{"actualRunway":"2025-11-08T13:33:00.000","actualTime":"2025-11-08T13:33:00.000","baggage":null,"delay":"53","estimatedRunway":"2025-11-08T13:33:00.000","estimatedTime":"2025-11-08T13:28:00.000","gate":"5","iataCode":"LAP","icaoCode":"MMLP","scheduledTime":"2025-11-08T12:40:00.000","terminal":null},"flight":{"iataNumber":"Y43233","icaoNumber":"VOI3233","number":"3233"},"status":"landed","type":"arrival"},{"aircraft":{"icao24":"0D111A","icaoCode":"A21N","regNumber":"XA-VUV"},"airline":{"iataCode":"Y4","icaoCode":"VOI","name":"Volaris"},"arrival":{"actualRunway":"2025-11-08T14:01:00.000","actualTime":"2025-11-08T14:01:00.000","baggage":null,"delay":"14","estimatedRunway":"2025-11-08T14:01:00.000","estimatedTime":"2025-11-08T14:01:00.000","gate":null,"iataCode":"TIJ","icaoCode":"MMTJ","scheduledTime":"2025-11-08T13:47:00.000","terminal":null},"codeshared":null,"departure":{"actualRunway":"2025-11-08T13:59:00.000","actualTime":"2025-11-08T13:59:00.000","baggage":null,"delay":"39","estimatedRunway":"2025-11-08T13:59:00.000","estimatedTime":"2025-11-08T13:52:00.000","gate":"4","iataCode":"HMO","icaoCode":"MMHO","scheduledTime":"2025-11-08T13:21:00.000","terminal":null},"flight":{"iataNumber":"Y43183","icaoNumber":"VOI3183","number":"3183"},"status":"landed","type":"arrival"},{"aircraft":{"icao24":"0D0FFD","icaoCode":"A320","regNumber":"XA-VVA"},"airline":{"iataCode":"Y4","icaoCode":"VOI","name":"Volaris"},"arrival":{"actualRunway":"2025-11-08T14:35:00.000","actualTime":"2025-11-08T14:35:00.000","baggage":null,"delay":"25","estimatedRunway":"2025-11-08T14:35:00.000","estimatedTime":"2025-11-08T14:34:00.000","gate":null,"iataCode":"TIJ","icaoCode":"MMTJ","scheduledTime":"2025-11-08T14:10:00.000","terminal":null},"codeshared":null,"departure":{"actualRunway":"2025-11-08T13:48:00.000","actualTime":"2025-11-08T13:48:00.000","baggage":null,"delay":"49","estimatedRunway":"2025-11-08T13:48:00.000","estimatedTime":"2025-11-08T13:45:00.000","gate":"2","iataCode":"SJD","icaoCode":"MMSD","scheduledTime":"2025-11-08T12:59:00.000","terminal":"1"},"flight":{"iataNumber":"Y43101","icaoNumber":"VOI3101","number":"3101"},"status":"landed","type":"arrival"},{"aircraft":{"icao24":"0D09BE","icaoCode":"A321","regNumber":"XA-VLT"},"airline":{"iataCode":"Y4","icaoCode":"VOI","name":"Volaris"},"arrival":{"actualRunway":null,"actualTime":null,"baggage":null,"delay":null,"estimatedRunway":null,"estimatedTime":null,"gate":null,"iataCode":"TIJ","icaoCode":"MMTJ","scheduledTime":"2025-11-08T14:14:00.000","terminal":null},"codeshared":null,"departure":{"actualRunway":null,"actualTime":null,"baggage":null,"delay":"328","estimatedRunway":null,"estimatedTime":"2025-11-08T18:40:00.000","gate":"D41","iataCode":"GDL","icaoCode":"MMGL","scheduledTime":"2025-11-08T13:12:00.000","terminal":"1"},"flight":{"iataNumber":"Y41014","icaoNumber":"VOI1014","number":"1014"},"status":"unknown","type":"arrival"},{"aircraft":{"icao24":"4D23A1","icaoCode":"A320","regNumber":"9H-MLR"},"airline":{"iataCode":"VB","icaoCode":"VIV","name":"VivaAerobus"},"arrival":{"actualRunway":"2025-11-08T14:24:00.000","actualTime":"2025-11-08T14:24:00.000","baggage":null,"delay":null,"estimatedRunway":"2025-11-08T14:24:00.000","estimatedTime":"2025-11-08T14:25:00.000","gate":null,"iataCode":"TIJ","icaoCode":"MMTJ","scheduledTime":"2025-11-08T14:40:00.000","terminal":null},"codeshared":null,"departure":{"actualRunway":"2025-11-08T13:54:00.000","actualTime":"2025-11-08T13:54:00.000","baggage":null,"delay":"15","estimatedRunway":"2025-11-08T13:54:00.000","estimatedTime":"2025-11-08T13:40:00.000","gate":null,"iataCode":"MTY","icaoCode":"MMMY","scheduledTime":"2025-11-08T13:40:00.000","terminal":"A"},"flight":{"iataNumber":"VB4084","icaoNumber":"VIV4084","number":"4084"},"status":"landed","type":"arrival"},{"aircraft":{"icao24":"0D111B","icaoCode":"A21N","regNumber":"XA-VUT"},"airline":{"iataCode":"Y4","icaoCode":"VOI","name":"Volaris"},"arrival":{"actualRunway":"2025-11-08T14:44:00.000","actualTime":"2025-11-08T14:44:00.000","baggage":null,"delay":null,"estimatedRunway":"2025-11-08T14:44:00.000","estimatedTime":"2025-11-08T14:44:00.000","gate":null,"iataCode":"TIJ","icaoCode":"MMTJ","scheduledTime":"2025-11-08T14:50:00.000","terminal":null},"codeshared":null,"departure":{"actualRunway":"2025-11-08T13:29:00.000","actualTime":"2025-11-08T13:29:00.000","baggage":null,"delay":"24","estimatedRunway":"2025-11-08T13:29:00.000","estimatedTime":"2025-11-08T13:31:00.000","gate":"21","iataCode":"MEX","icaoCode":"MMMX","scheduledTime":"2025-11-08T13:05:00.000","terminal":"1"},"flight":{"iataNumber":"Y4182","icaoNumber":"VOI182","number":"182"},"status":"landed","type":"arrival"},{"aircraft":{"icao24":"0D0F14","icaoCode":"A21N","regNumber":"XA-VUA"},"airline":{"iataCode":"Y4","icaoCode":"VOI","name":"Volaris"},"arrival":{"actualRunway":null,"actualTime":null,"baggage":null,"delay":null,"estimatedRunway":null,"estimatedTime":null,"gate":null,"iataCode":"TIJ","icaoCode":"MMTJ","scheduledTime":"2025-11-08T14:51:00.000","terminal":null},"codeshared":null,"departure":{"actualRunway":null,"actualTime":null,"baggage":null,"delay":"240","estimatedRunway":null,"estimatedTime":"2025-11-08T18:01:00.000","gate":"4","iataCode":"PVR","icaoCode":"MMPR","scheduledTime":"2025-11-08T14:01:00.000","terminal":null},"flight":{"iataNumber":"Y43121","icaoNumber":"VOI3121","number":"3121"},"status":"unknown","type":"arrival"},{"aircraft":{"icao24":"0D0804","icaoCode":"B738","regNumber":"XA-AML"},"airline":{"iataCode":"AM","icaoCode":"AMX","name":"Aeromexico"},"arrival":{"actualRunway":"2025-11-08T14:48:00.000","actualTime":"2025-11-08T14:48:00.000","baggage":null,"delay":null,"estimatedRunway":"2025-11-08T14:48:00.000","estimatedTime":"2025-11-08T14:48:00.000","gate":null,"iataCode":"TIJ","icaoCode":"MMTJ","scheduledTime":"2025-11-08T15:06:00.000","terminal":null},"codeshared":null,"departure":{"actualRunway":"2025-11-08T13:32:00.000","actualTime":"2025-11-08T13:32:00.000","baggage":null,"delay":"22","estimatedRunway":"2025-11-08T13:32:00.000","estimatedTime":"2025-11-08T13:06:00.000","gate":"78","iataCode":"MEX","icaoCode":"MMMX","scheduledTime":"2025-11-08T13:10:00.000","terminal":"2"},"flight":{"iataNumber":"AM174","icaoNumber":"AMX174","number":"174"},"status":"landed","type":"arrival"},{"aircraft":{"icao24":"0D0CCE","icaoCode":"A20N","regNumber":"XA-VRO"},"airline":{"iataCode":"Y4","icaoCode":"VOI","name":"Volaris"},"arrival":{"actualRunway":null,"actualTime":null,"baggage":null,"delay":"100","estimatedRunway":null,"estimatedTime":"2025-11-08T16:57:00.000","gate":null,"iataCode":"TIJ","icaoCode":"MMTJ","scheduledTime":"2025-11-08T15:18:00.000","terminal":null},"codeshared":null,"departure":{"actualRunway":"2025-11-08T15:50:00.000","actualTime":"2025-11-08T15:50:00.000","baggage":null,"delay":"122","estimatedRunway":"2025-11-08T15:50:00.000","estimatedTime":"2025-11-08T15:26:00.000","gate":"2","iataCode":"ZIH","icaoCode":"MMZH","scheduledTime":"2025-11-08T13:49:00.000","terminal":null},"flight":{"iataNumber":"Y43365","icaoNumber":"VOI3365","number":"3365"},"status":"scheduled","type":"arrival"},{"aircraft":{"icao24":"0D0E46","icaoCode":"A21N","regNumber":"XA-VST"},"airline":{"iataCode":"Y4","icaoCode":"VOI","name":"Volaris"},"arrival":{"actualRunway":null,"actualTime":null,"baggage":null,"delay":"152","estimatedRunway":null,"estimatedTime":"2025-11-08T17:50:00.000","gate":null,"iataCode":"TIJ","icaoCode":"MMTJ","scheduledTime":"2025-11-08T15:19:00.000","terminal":null},"codeshared":null,"departure":{"actualRunway":"2025-11-08T16:49:00.000","actualTime":"2025-11-08T16:49:00.000","baggage":null,"delay":"179","estimatedRunway":"2025-11-08T16:49:00.000","estimatedTime":"2025-11-08T16:33:00.000","gate":"8","iataCode":"MZT","icaoCode":"MMMZ","scheduledTime":"2025-11-08T13:51:00.000","terminal":null},"flight":{"iataNumber":"Y43191","icaoNumber":"VOI3191","number":"3191"},"status":"scheduled","type":"arrival"},{"aircraft":{"icao24":"0D1154","icaoCode":"A20N","regNumber":"XA-VUU"},"airline":{"iataCode":"Y4","icaoCode":"VOI","name":"Volaris"},"arrival":{"actualRunway":null,"actualTime":null,"baggage":null,"delay":null,"estimatedRunway":null,"estimatedTime":null,"gate":null,"iataCode":"TIJ","icaoCode":"MMTJ","scheduledTime":"2025-11-08T15:37:00.000","terminal":null},"codeshared":null,"departure":{"actualRunway":null,"actualTime":null,"baggage":null,"delay":null,"estimatedRunway":null,"estimatedTime":null,"gate":null,"iataCode":"SJD","icaoCode":"MMSD","scheduledTime":"2025-11-08T14:26:00.000","terminal":"1"},"flight":{"iataNumber":"Y45931","icaoNumber":"VOI5931","number":"5931"},"status":"cancelled","type":"arrival"},{"aircraft":{"icao24":"A66355","icaoCode":"A320","regNumber":"N510VL"},"airline":{"iataCode":"Y4","icaoCode":"VOI","name":"Volaris"},"arrival":{"actualRunway":null,"actualTime":null,"baggage":null,"delay":"91","estimatedRunway":null,"estimatedTime":"2025-11-08T17:14:00.000","gate":null,"iataCode":"TIJ","icaoCode":"MMTJ","scheduledTime":"2025-11-08T15:44:00.000","terminal":null},"codeshared":null,"departure":{"actualRunway":"2025-11-08T15:54:00.000","actualTime":"2025-11-08T15:54:00.000","baggage":null,"delay":"112","estimatedRunway":"2025-11-08T15:54:00.000","estimatedTime":"2025-11-08T15:45:00.000","gate":null,"iataCode":"PBC","icaoCode":"MMPB","scheduledTime":"2025-11-08T14:02:00.000","terminal":null},"flight":{"iataNumber":"Y43221","icaoNumber":"VOI3221","number":"3221"},"status":"scheduled","type":"arrival"},{"aircraft":{"icao24":"A67231","icaoCode":"A320","regNumber":"N514VL"},"airline":{"iataCode":"Y4","icaoCode":"VOI","name":"Volaris"},"arrival":{"actualRunway":"2025-11-08T16:34:00.000","actualTime":"2025-11-08T16:34:00.000","baggage":null,"delay":"50","estimatedRunway":"2025-11-08T16:34:00.000","estimatedTime":"2025-11-08T16:43:00.000","gate":null,"iataCode":"TIJ","icaoCode":"MMTJ","scheduledTime":"2025-11-08T15:45:00.000","terminal":null},"codeshared":null,"departure":{"actualRunway":"2025-11-08T15:55:00.000","actualTime":"2025-11-08T15:55:00.000","baggage":null,"delay":"81","estimatedRunway":"2025-11-08T15:55:00.000","estimatedTime":"2025-11-08T15:53:00.000","gate":"4","iataCode":"BJX","icaoCode":"MMLO","scheduledTime":"2025-11-08T14:35:00.000","terminal":null},"flight":{"iataNumber":"Y43043","icaoNumber":"VOI3043","number":"3043"},"status":"landed","type":"arrival"},{"aircraft":{"icao24":"A6A11E","icaoCode":"A320","regNumber":"N526VL"},"airline":{"iataCode":"Y4","icaoCode":"VOI","name":"Volaris"},"arrival":{"actualRunway":null,"actualTime":null,"baggage":null,"delay":"57","estimatedRunway":null,"estimatedTime":"2025-11-08T16:54:00.000","gate":null,"iataCode":"TIJ","icaoCode":"MMTJ","scheduledTime":"2025-11-08T15:57:00.000","terminal":null},"codeshared":null,"departure":{"actualRunway":"2025-11-08T16:17:00.000","actualTime":"2025-11-08T16:17:00.000","baggage":null,"delay":"76","estimatedRunway":"2025-11-08T16:17:00.000","estimatedTime":"2025-11-08T15:59:00.000","gate":"3","iataCode":"LMM","icaoCode":"MMLM","scheduledTime":"2025-11-08T15:02:00.000","terminal":null},"flight":{"iataNumber":"Y43257","icaoNumber":"VOI3257","number":"3257"},"status":"scheduled","type":"arrival"},{"aircraft":{"icao24":"0D09BF","icaoCode":"A320","regNumber":"XA-VLR"},"airline":{"iataCode":"Y4","icaoCode":"VOI","name":"Volaris"},"arrival":{"actualRunway":null,"actualTime":null,"baggage":null,"delay":"194","estimatedRunway":null,"estimatedTime":"2025-11-08T19:22:00.000","gate":null,"iataCode":"TIJ","icaoCode":"MMTJ","scheduledTime":"2025-11-08T16:09:00.000","terminal":null},"codeshared":null,"departure":{"actualRunway":"2025-11-08T18:31:00.000","actualTime":"2025-11-08T18:31:00.000","baggage":null,"delay":"222","estimatedRunway":"2025-11-08T18:31:00.000","estimatedTime":"2025-11-08T17:55:00.000","gate":null,"iataCode":"MLM","icaoCode":"MMMM","scheduledTime":"2025-11-08T14:50:00.000","terminal":null},"flight":{"iataNumber":"Y43061","icaoNumber":"VOI3061","number":"3061"},"status":"scheduled","type":"arrival"},{"aircraft":{"icao24":"0D0D40","icaoCode":"A20N","regNumber":"XA-VRV"},"airline":{"iataCode":"Y4","icaoCode":"VOI","name":"Volaris"},"arrival":{"actualRunway":null,"actualTime":null,"baggage":null,"delay":"203","estimatedRunway":null,"estimatedTime":"2025-11-08T19:39:00.000","gate":null,"iataCode":"TIJ","icaoCode":"MMTJ","scheduledTime":"2025-11-08T16:17:00.000","terminal":null},"codeshared":null,"departure":{"actualRunway":"2025-11-08T18:43:00.000","actualTime":"2025-11-08T18:43:00.000","baggage":null,"delay":"229","estimatedRunway":"2025-11-08T18:43:00.000","estimatedTime":"2025-11-08T18:14:00.000","gate":"B1","iataCode":"QRO","icaoCode":"MMQT","scheduledTime":"2025-11-08T14:55:00.000","terminal":null},"flight":{"iataNumber":"Y43355","icaoNumber":"VOI3355","number":"3355"},"status":"scheduled","type":"arrival"},{"aircraft":{"icao24":"0D0DD3","icaoCode":"A21N","regNumber":"XA-VSK"},"airline":{"iataCode":"Y4","icaoCode":"VOI","name":"Volaris"},"arrival":{"actualRunway":null,"actualTime":null,"baggage":null,"delay":"86","estimatedRunway":null,"estimatedTime":"2025-11-08T18:01:00.000","gate":null,"iataCode":"TIJ","icaoCode":"MMTJ","scheduledTime":"2025-11-08T16:36:00.000","terminal":null},"codeshared":null,"departure":{"actualRunway":"2025-11-08T17:09:00.000","actualTime":"2025-11-08T17:09:00.000","baggage":null,"delay":"105","estimatedRunway":"2025-11-08T17:09:00.000","estimatedTime":"2025-11-08T16:47:00.000","gate":"1","iataCode":"CUL","icaoCode":"MMCL","scheduledTime":"2025-11-08T15:25:00.000","terminal":null},"flight":{"iataNumber":"Y43005","icaoNumber":"VOI3005","number":"3005"},"status":"scheduled","type":"arrival"},{"aircraft":{"icao24":"0D0B10","icaoCode":"A20N","regNumber":"XA-VRE"},"airline":{"iataCode":"Y4","icaoCode":"VOI","name":"Volaris"},"arrival":{"actualRunway":"2025-11-08T16:59:00.000","actualTime":"2025-11-08T16:59:00.000","baggage":null,"delay":"11","estimatedRunway":"2025-11-08T16:59:00.000","estimatedTime":"2025-11-08T16:58:00.000","gate":null,"iataCode":"TIJ","icaoCode":"MMTJ","scheduledTime":"2025-11-08T16:48:00.000","terminal":null},"codeshared":null,"departure":{"actualRunway":"2025-11-08T16:18:00.000","actualTime":"2025-11-08T16:18:00.000","baggage":null,"delay":"29","estimatedRunway":"2025-11-08T16:18:00.000","estimatedTime":"2025-11-08T16:13:00.000","gate":"5","iataCode":"LAP","icaoCode":"MMLP","scheduledTime":"2025-11-08T15:49:00.000","terminal":null},"flight":{"iataNumber":"Y43235","icaoNumber":"VOI3235","number":"3235"},"status":"landed","type":"arrival"},{"aircraft":{"icao24":"A6E140","icaoCode":"A21N","regNumber":"N542VL"},"airline":{"iataCode":"Y4","icaoCode":"VOI","name":"Volaris"},"arrival":{"actualRunway":null,"actualTime":null,"baggage":null,"delay":"96","estimatedRunway":null,"estimatedTime":"2025-11-08T18:42:00.000","gate":null,"iataCode":"TIJ","icaoCode":"MMTJ","scheduledTime":"2025-11-08T17:06:00.000","terminal":null},"codeshared":null,"departure":{"actualRunway":"2025-11-08T17:09:00.000","actualTime":"2025-11-08T17:09:00.000","baggage":null,"delay":"119","estimatedRunway":"2025-11-08T17:09:00.000","estimatedTime":"2025-11-08T16:13:00.000","gate":"A1","iataCode":"CUN","icaoCode":"MMUN","scheduledTime":"2025-11-08T15:10:00.000","terminal":"2"},"flight":{"iataNumber":"Y43081","icaoNumber":"VOI3081","number":"3081"},"status":"scheduled","type":"arrival"},{"aircraft":{"icao24":"0D0F13","icaoCode":"A21N","regNumber":"XA-VUB"},"airline":{"iataCode":"Y4","icaoCode":"VOI","name":"Volaris"},"arrival":{"actualRunway":null,"actualTime":null,"baggage":null,"delay":null,"estimatedRunway":null,"estimatedTime":null,"gate":null,"iataCode":"TIJ","icaoCode":"MMTJ","scheduledTime":"2025-11-08T17:10:00.000","terminal":null},"codeshared":null,"departure":{"actualRunway":null,"actualTime":null,"baggage":null,"delay":"378","estimatedRunway":null,"estimatedTime":"2025-11-08T22:17:00.000","gate":null,"iataCode":"SJD","icaoCode":"MMSD","scheduledTime":"2025-11-08T15:59:00.000","terminal":"1"},"flight":{"iataNumber":"Y43103","icaoNumber":"VOI3103","number":"3103"},"status":"scheduled","type":"arrival"},{"aircraft":{"icao24":"","icaoCode":"321","regNumber":""},"airline":{"iataCode":"VB","icaoCode":"VIV","name":"VivaAerobus"},"arrival":{"actualRunway":null,"actualTime":null,"baggage":null,"delay":null,"estimatedRunway":null,"estimatedTime":null,"gate":null,"iataCode":"TIJ","icaoCode":"MMTJ","scheduledTime":"2025-11-08T17:15:00.000","terminal":null},"codeshared":null,"departure":{"actualRunway":null,"actualTime":null,"baggage":null,"delay":null,"estimatedRunway":null,"estimatedTime":"2025-11-08T15:40:00.000","gate":"G","iataCode":"MEX","icaoCode":"MMMX","scheduledTime":"2025-11-08T15:40:00.000","terminal":"1"},"flight":{"iataNumber":"VB1254","icaoNumber":"VIV1254","number":"1254"},"status":"scheduled","type":"arrival"},{"aircraft":{"icao24":"0D0E15","icaoCode":"B38M","regNumber":"XA-DAJ"},"airline":{"iataCode":"AM","icaoCode":"AMX","name":"Aeromexico"},"arrival":{"actualRunway":"2025-11-08T16:51:00.000","actualTime":"2025-11-08T16:51:00.000","baggage":null,"delay":null,"estimatedRunway":"2025-11-08T16:51:00.000","estimatedTime":"2025-11-08T16:52:00.000","gate":null,"iataCode":"TIJ","icaoCode":"MMTJ","scheduledTime":"2025-11-08T17:20:00.000","terminal":null},"codeshared":null,"departure":{"actualRunway":"2025-11-08T15:40:00.000","actualTime":"2025-11-08T15:40:00.000","baggage":null,"delay":"15","estimatedRunway":"2025-11-08T15:40:00.000","estimatedTime":"2025-11-08T15:20:00.000","gate":"81","iataCode":"MEX","icaoCode":"MMMX","scheduledTime":"2025-11-08T15:25:00.000","terminal":"2"},"flight":{"iataNumber":"AM178","icaoNumber":"AMX178","number":"178"},"status":"landed","type":"arrival"},{"aircraft":{"icao24":"0D0E5A","icaoCode":"A21N","regNumber":"XA-VXE"},"airline":{"iataCode":"VB","icaoCode":"VIV","name":"VivaAerobus"},"arrival":{"actualRunway":null,"actualTime":null,"baggage":null,"delay":"67","estimatedRunway":null,"estimatedTime":"2025-11-08T18:27:00.000","gate":null,"iataCode":"TIJ","icaoCode":"MMTJ","scheduledTime":"2025-11-08T17:20:00.000","terminal":null},"codeshared":null,"departure":{"actualRunway":"2025-11-08T18:03:00.000","actualTime":"2025-11-08T18:03:00.000","baggage":null,"delay":"93","estimatedRunway":"2025-11-08T18:03:00.000","estimatedTime":"2025-11-08T16:40:00.000","gate":null,"iataCode":"PVR","icaoCode":"MMPR","scheduledTime":"2025-11-08T16:30:00.000","terminal":null},"flight":{"iataNumber":"VB5085","icaoNumber":"VIV5085","number":"5085"},"status":"scheduled","type":"arrival"},{"aircraft":{"icao24":"0D0F13","icaoCode":"A21N","regNumber":"XA-VUB"},"airline":{"iataCode":"Y4","icaoCode":"VOI","name":"Volaris"},"arrival":{"actualRunway":null,"actualTime":null,"baggage":null,"delay":"47","estimatedRunway":null,"estimatedTime":"2025-11-08T18:13:00.000","gate":null,"iataCode":"TIJ","icaoCode":"MMTJ","scheduledTime":"2025-11-08T17:26:00.000","terminal":null},"codeshared":null,"departure":{"actualRunway":"2025-11-08T17:45:00.000","actualTime":"2025-11-08T17:45:00.000","baggage":null,"delay":"69","estimatedRunway":"2025-11-08T17:45:00.000","estimatedTime":"2025-11-08T17:45:00.000","gate":"1","iataCode":"PVR","icaoCode":"MMPR","scheduledTime":"2025-11-08T16:36:00.000","terminal":null},"flight":{"iataNumber":"Y43123","icaoNumber":"VOI3123","number":"3123"},"status":"scheduled","type":"arrival"},{"aircraft":{"icao24":"0D099A","icaoCode":"A320","regNumber":"XA-VAR"},"airline":{"iataCode":"VB","icaoCode":"VIV","name":"VivaAerobus"},"arrival":{"actualRunway":null,"actualTime":null,"baggage":null,"delay":"224","estimatedRunway":null,"estimatedTime":"2025-11-08T21:24:00.000","gate":null,"iataCode":"TIJ","icaoCode":"MMTJ","scheduledTime":"2025-11-08T17:40:00.000","terminal":null},"codeshared":null,"departure":{"actualRunway":"2025-11-08T20:02:00.000","actualTime":"2025-11-08T20:02:00.000","baggage":null,"delay":"253","estimatedRunway":"2025-11-08T20:02:00.000","estimatedTime":"2025-11-08T19:30:00.000","gate":null,"iataCode":"CUN","icaoCode":"MMUN","scheduledTime":"2025-11-08T15:50:00.000","terminal":"2"},"flight":{"iataNumber":"VB2264","icaoNumber":"VIV2264","number":"2264"},"status":"scheduled","type":"arrival"},{"aircraft":{"icao24":"781003","icaoCode":"B789","regNumber":"B-7839"},"airline":{"iataCode":"HU","icaoCode":"CHH","name":"Hainan Airlines"},"arrival":{"actualRunway":"2025-11-08T17:38:00.000","actualTime":"2025-11-08T17:38:00.000","baggage":"6","delay":null,"estimatedRunway":"2025-11-08T17:38:00.000","estimatedTime":"2025-11-08T17:39:00.000","gate":null,"iataCode":"TIJ","icaoCode":"MMTJ","scheduledTime":"2025-11-08T17:55:00.000","terminal":null},"codeshared":null,"departure":{"actualRunway":"2025-11-08T21:45:00.000","actualTime":"2025-11-08T21:45:00.000","baggage":null,"delay":"11","estimatedRunway":"2025-11-08T21:45:00.000","estimatedTime":"2025-11-08T21:47:00.000","gate":"C09","iataCode":"PEK","icaoCode":"ZBAA","scheduledTime":"2025-11-08T21:35:00.000","terminal":"2"},"flight":{"iataNumber":"HU7925","icaoNumber":"CHH7925","number":"7925"},"status":"landed","type":"arrival"},{"aircraft":{"icao24":"0D0F49","icaoCode":"A21N","regNumber":"XA-VXO"},"airline":{"iataCode":"VB","icaoCode":"VIV","name":"VivaAerobus"},"arrival":{"actualRunway":null,"actualTime":null,"baggage":null,"delay":null,"estimatedRunway":null,"estimatedTime":null,"gate":null,"iataCode":"TIJ","icaoCode":"MMTJ","scheduledTime":"2025-11-08T18:05:00.000","terminal":null},"codeshared":null,"departure":{"actualRunway":null,"actualTime":null,"baggage":null,"delay":"10","estimatedRunway":null,"estimatedTime":"2025-11-08T16:45:00.000","gate":null,"iataCode":"NLU","icaoCode":"MMSM","scheduledTime":"2025-11-08T16:35:00.000","terminal":null},"flight":{"iataNumber":"VB7429","icaoNumber":"VIV7429","number":"7429"},"status":"scheduled","type":"arrival"},{"aircraft":{"icao24":"0D07A8","icaoCode":"A320","regNumber":"XA-VOY"},"airline":{"iataCode":"Y4","icaoCode":"VOI","name":"Volaris"},"arrival":{"actualRunway":null,"actualTime":null,"baggage":null,"delay":"41","estimatedRunway":null,"estimatedTime":"2025-11-08T18:46:00.000","gate":null,"iataCode":"TIJ","icaoCode":"MMTJ","scheduledTime":"2025-11-08T18:05:00.000","terminal":null},"codeshared":null,"departure":{"actualRunway":"2025-11-08T17:39:00.000","actualTime":"2025-11-08T17:39:00.000","baggage":null,"delay":"65","estimatedRunway":"2025-11-08T17:39:00.000","estimatedTime":"2025-11-08T17:44:00.000","gate":"16","iataCode":"TLC","icaoCode":"MMTO","scheduledTime":"2025-11-08T16:35:00.000","terminal":null},"flight":{"iataNumber":"Y43323","icaoNumber":"VOI3323","number":"3323"},"status":"scheduled","type":"arrival"},{"aircraft":{"icao24":"0D111A","icaoCode":"A21N","regNumber":"XA-VUV"},"airline":{"iataCode":"Y4","icaoCode":"VOI","name":"Volaris"},"arrival":{"actualRunway":null,"actualTime":null,"baggage":null,"delay":null,"estimatedRunway":null,"estimatedTime":null,"gate":null,"iataCode":"TIJ","icaoCode":"MMTJ","scheduledTime":"2025-11-08T18:17:00.000","terminal":null},"codeshared":null,"departure":{"actualRunway":null,"actualTime":null,"baggage":null,"delay":"196","estimatedRunway":null,"estimatedTime":"2025-11-08T20:31:00.000","gate":"C32","iataCode":"GDL","icaoCode":"MMGL","scheduledTime":"2025-11-08T17:15:00.000","terminal":"1"},"flight":{"iataNumber":"Y41006","icaoNumber":"VOI1006","number":"1006"},"status":"scheduled","type":"arrival"},{"aircraft":{"icao24":"0D0D6D","icaoCode":"A20N","regNumber":"XA-VSA"},"airline":{"iataCode":"Y4","icaoCode":"VOI","name":"Volaris"},"arrival":{"actualRunway":null,"actualTime":null,"baggage":null,"delay":"21","estimatedRunway":null,"estimatedTime":"2025-11-08T18:40:00.000","gate":null,"iataCode":"TIJ","icaoCode":"MMTJ","scheduledTime":"2025-11-08T18:19:00.000","terminal":null},"codeshared":null,"departure":{"actualRunway":"2025-11-08T17:35:00.000","actualTime":"2025-11-08T17:35:00.000","baggage":null,"delay":"45","estimatedRunway":"2025-11-08T17:35:00.000","estimatedTime":"2025-11-08T17:18:00.000","gate":"6","iataCode":"MZT","icaoCode":"MMMZ","scheduledTime":"2025-11-08T16:51:00.000","terminal":null},"flight":{"iataNumber":"Y43195","icaoNumber":"VOI3195","number":"3195"},"status":"scheduled","type":"arrival"},{"aircraft":{"icao24":"0D0B91","icaoCode":"A20N","regNumber":"XA-VRJ"},"airline":{"iataCode":"Y4","icaoCode":"VOI","name":"Volaris"},"arrival":{"actualRunway":null,"actualTime":null,"baggage":null,"delay":"43","estimatedRunway":null,"estimatedTime":"2025-11-08T19:07:00.000","gate":null,"iataCode":"TIJ","icaoCode":"MMTJ","scheduledTime":"2025-11-08T18:25:00.000","terminal":null},"codeshared":null,"departure":{"actualRunway":"2025-11-08T17:29:00.000","actualTime":"2025-11-08T17:29:00.000","baggage":null,"delay":"65","estimatedRunway":"2025-11-08T17:29:00.000","estimatedTime":"2025-11-08T17:08:00.000","gate":"12","iataCode":"OAX","icaoCode":"MMOX","scheduledTime":"2025-11-08T16:24:00.000","terminal":null},"flight":{"iataNumber":"Y43143","icaoNumber":"VOI3143","number":"3143"},"status":"scheduled","type":"arrival"},{"aircraft":{"icao24":"0D0A26","icaoCode":"A320","regNumber":"XA-VRA"},"airline":{"iataCode":"Y4","icaoCode":"VOI","name":"Volaris"},"arrival":{"actualRunway":null,"actualTime":null,"baggage":null,"delay":null,"estimatedRunway":null,"estimatedTime":"2025-11-08T19:01:00.000","gate":null,"iataCode":"TIJ","icaoCode":"MMTJ","scheduledTime":"2025-11-08T19:19:00.000","terminal":null},"codeshared":null,"departure":{"actualRunway":"2025-11-08T18:01:00.000","actualTime":"2025-11-08T18:01:00.000","baggage":null,"delay":"2","estimatedRunway":"2025-11-08T18:01:00.000","estimatedTime":"2025-11-08T18:00:00.000","gate":null,"iataCode":"MLM","icaoCode":"MMMM","scheduledTime":"2025-11-08T17:59:00.000","terminal":null},"flight":{"iataNumber":"Y45909","icaoNumber":"VOI5909","number":"5909"},"status":"active","type":"arrival"},{"aircraft":{"icao24":"0D0E46","icaoCode":"A21N","regNumber":"XA-VST"},"airline":{"iataCode":"Y4","icaoCode":"VOI","name":"Volaris"},"arrival":{"actualRunway":null,"actualTime":null,"baggage":null,"delay":null,"estimatedRunway":null,"estimatedTime":null,"gate":null,"iataCode":"TIJ","icaoCode":"MMTJ","scheduledTime":"2025-11-08T19:26:00.000","terminal":null},"codeshared":null,"departure":{"actualRunway":null,"actualTime":null,"baggage":null,"delay":"244","estimatedRunway":null,"estimatedTime":"2025-11-08T22:19:00.000","gate":"2","iataCode":"CUL","icaoCode":"MMCL","scheduledTime":"2025-11-08T18:15:00.000","terminal":null},"flight":{"iataNumber":"Y43009","icaoNumber":"VOI3009","number":"3009"},"status":"scheduled","type":"arrival"},{"aircraft":{"icao24":"","icaoCode":"A320","regNumber":""},"airline":{"iataCode":"VB","icaoCode":"VIV","name":"VivaAerobus"},"arrival":{"actualRunway":null,"actualTime":null,"baggage":null,"delay":null,"estimatedRunway":null,"estimatedTime":null,"gate":null,"iataCode":"TIJ","icaoCode":"MMTJ","scheduledTime":"2025-11-08T19:30:00.000","terminal":null},"codeshared":null,"departure":{"actualRunway":null,"actualTime":null,"baggage":null,"delay":"10","estimatedRunway":null,"estimatedTime":"2025-11-08T17:55:00.000","gate":null,"iataCode":"PBC","icaoCode":"MMPB","scheduledTime":"2025-11-08T17:45:00.000","terminal":null},"flight":{"iataNumber":"VB5119","icaoNumber":"VIV5119","number":"5119"},"status":"scheduled","type":"arrival"},{"aircraft":{"icao24":"0D0B92","icaoCode":"A20N","regNumber":"XA-VIQ"},"airline":{"iataCode":"VB","icaoCode":"VIV","name":"VivaAerobus"},"arrival":{"actualRunway":null,"actualTime":null,"baggage":null,"delay":"38","estimatedRunway":null,"estimatedTime":"2025-11-08T20:18:00.000","gate":null,"iataCode":"TIJ","icaoCode":"MMTJ","scheduledTime":"2025-11-08T19:40:00.000","terminal":null},"codeshared":null,"departure":{"actualRunway":"2025-11-08T19:42:00.000","actualTime":"2025-11-08T19:42:00.000","baggage":null,"delay":"62","estimatedRunway":"2025-11-08T19:42:00.000","estimatedTime":"2025-11-08T18:50:00.000","gate":null,"iataCode":"GDL","icaoCode":"MMGL","scheduledTime":"2025-11-08T18:40:00.000","terminal":"1"},"flight":{"iataNumber":"VB7433","icaoNumber":"VIV7433","number":"7433"},"status":"scheduled","type":"arrival"},{"aircraft":{"icao24":"0D113A","icaoCode":"B38M","regNumber":"XA-AMH"},"airline":{"iataCode":"LA","icaoCode":"LAN","name":"LATAM Airlines"},"arrival":{"actualRunway":null,"actualTime":null,"baggage":null,"delay":null,"estimatedRunway":null,"estimatedTime":"2025-11-08T19:26:00.000","gate":null,"iataCode":"TIJ","icaoCode":"MMTJ","scheduledTime":"2025-11-08T19:50:00.000","terminal":null},"codeshared":{"airline":{"iataCode":"am","icaoCode":"amx","name":"aeromexico"},"flight":{"iataNumber":"am180","icaoNumber":"amx180","number":"180"}},"departure":{"actualRunway":"2025-11-08T18:14:00.000","actualTime":"2025-11-08T18:14:00.000","baggage":null,"delay":"20","estimatedRunway":"2025-11-08T18:14:00.000","estimatedTime":"2025-11-08T17:50:00.000","gate":"80","iataCode":"MEX","icaoCode":"MMMX","scheduledTime":"2025-11-08T17:55:00.000","terminal":"2"},"flight":{"iataNumber":"LA7540","icaoNumber":"LAN7540","number":"7540"},"status":"active","type":"arrival"},{"aircraft":{"icao24":"0D113A","icaoCode":"B38M","regNumber":"XA-AMH"},"airline":{"iataCode":"WS","icaoCode":"WJA","name":"WestJet"},"arrival":{"actualRunway":null,"actualTime":null,"baggage":null,"delay":null,"estimatedRunway":null,"estimatedTime":"2025-11-08T19:26:00.000","gate":null,"iataCode":"TIJ","icaoCode":"MMTJ","scheduledTime":"2025-11-08T19:50:00.000","terminal":null},"codeshared":{"airline":{"iataCode":"am","icaoCode":"amx","name":"aeromexico"},"flight":{"iataNumber":"am180","icaoNumber":"amx180","number":"180"}},"departure":{"actualRunway":"2025-11-08T18:14:00.000","actualTime":"2025-11-08T18:14:00.000","baggage":null,"delay":"20","estimatedRunway":"2025-11-08T18:14:00.000","estimatedTime":"2025-11-08T17:50:00.000","gate":"80","iataCode":"MEX","icaoCode":"MMMX","scheduledTime":"2025-11-08T17:55:00.000","terminal":"2"},"flight":{"iataNumber":"WS5785","icaoNumber":"WJA5785","number":"5785"},"status":"active","type":"arrival"},{"aircraft":{"icao24":"0D113A","icaoCode":"B38M","regNumber":"XA-AMH"},"airline":{"iataCode":"LA","icaoCode":"LAN","name":"LATAM Airlines"},"arrival":{"actualRunway":null,"actualTime":null,"baggage":null,"delay":null,"estimatedRunway":null,"estimatedTime":"2025-11-08T19:26:00.000","gate":null,"iataCode":"TIJ","icaoCode":"MMTJ","scheduledTime":"2025-11-08T19:50:00.000","terminal":null},"codeshared":{"airline":{"iataCode":"am","icaoCode":"amx","name":"aeromexico"},"flight":{"iataNumber":"am180","icaoNumber":"amx180","number":"180"}},"departure":{"actualRunway":"2025-11-08T18:14:00.000","actualTime":"2025-11-08T18:14:00.000","baggage":null,"delay":"20","estimatedRunway":"2025-11-08T18:14:00.000","estimatedTime":"2025-11-08T17:50:00.000","gate":"80","iataCode":"MEX","icaoCode":"MMMX","scheduledTime":"2025-11-08T17:55:00.000","terminal":"2"},"flight":{"iataNumber":"LA7588","icaoNumber":"LAN7588","number":"7588"},"status":"active","type":"arrival"},{"aircraft":{"icao24":"0D113A","icaoCode":"B38M","regNumber":"XA-AMH"},"airline":{"iataCode":"AM","icaoCode":"AMX","name":"Aeromexico"},"arrival":{"actualRunway":null,"actualTime":null,"baggage":null,"delay":null,"estimatedRunway":null,"estimatedTime":"2025-11-08T19:26:00.000","gate":null,"iataCode":"TIJ","icaoCode":"MMTJ","scheduledTime":"2025-11-08T19:50:00.000","terminal":null},"codeshared":null,"departure":{"actualRunway":"2025-11-08T18:14:00.000","actualTime":"2025-11-08T18:14:00.000","baggage":null,"delay":"20","estimatedRunway":"2025-11-08T18:14:00.000","estimatedTime":"2025-11-08T17:50:00.000","gate":"80","iataCode":"MEX","icaoCode":"MMMX","scheduledTime":"2025-11-08T17:55:00.000","terminal":"2"},"flight":{"iataNumber":"AM180","icaoNumber":"AMX180","number":"180"},"status":"active","type":"arrival"},{"aircraft":{"icao24":"0D09BD","icaoCode":"A320","regNumber":"XA-VLS"},"airline":{"iataCode":"Y4","icaoCode":"VOI","name":"Volaris"},"arrival":{"actualRunway":null,"actualTime":null,"baggage":null,"delay":null,"estimatedRunway":null,"estimatedTime":null,"gate":null,"iataCode":"TIJ","icaoCode":"MMTJ","scheduledTime":"2025-11-08T19:58:00.000","terminal":null},"codeshared":null,"departure":{"actualRunway":null,"actualTime":null,"baggage":null,"delay":"262","estimatedRunway":null,"estimatedTime":"2025-11-08T23:09:00.000","gate":null,"iataCode":"SJD","icaoCode":"MMSD","scheduledTime":"2025-11-08T18:47:00.000","terminal":"1"},"flight":{"iataNumber":"Y43105","icaoNumber":"VOI3105","number":"3105"},"status":"scheduled","type":"arrival"},{"aircraft":{"icao24":"0D11CC","icaoCode":"A320","regNumber":"XA-VDP"},"airline":{"iataCode":"VB","icaoCode":"VIV","name":"VivaAerobus"},"arrival":{"actualRunway":null,"actualTime":null,"baggage":null,"delay":null,"estimatedRunway":null,"estimatedTime":"2025-11-08T19:56:00.000","gate":null,"iataCode":"TIJ","icaoCode":"MMTJ","scheduledTime":"2025-11-08T20:00:00.000","terminal":null},"codeshared":null,"departure":{"actualRunway":"2025-11-08T19:15:00.000","actualTime":"2025-11-08T19:15:00.000","baggage":null,"delay":"16","estimatedRunway":"2025-11-08T19:15:00.000","estimatedTime":"2025-11-08T19:10:00.000","gate":null,"iataCode":"GDL","icaoCode":"MMGL","scheduledTime":"2025-11-08T19:00:00.000","terminal":"1"},"flight":{"iataNumber":"VB7027","icaoNumber":"VIV7027","number":"7027"},"status":"active","type":"arrival"},{"aircraft":{"icao24":"A69242","icaoCode":"A320","regNumber":"N522VL"},"airline":{"iataCode":"Y4","icaoCode":"VOI","name":"Volaris"},"arrival":{"actualRunway":null,"actualTime":null,"baggage":null,"delay":null,"estimatedRunway":null,"estimatedTime":null,"gate":null,"iataCode":"TIJ","icaoCode":"MMTJ","scheduledTime":"2025-11-08T20:05:00.000","terminal":null},"codeshared":null,"departure":{"actualRunway":null,"actualTime":null,"baggage":null,"delay":null,"estimatedRunway":null,"estimatedTime":null,"gate":null,"iataCode":"HMO","icaoCode":"MMHO","scheduledTime":"2025-11-08T19:39:00.000","terminal":null},"flight":{"iataNumber":"Y43185","icaoNumber":"VOI3185","number":"3185"},"status":"cancelled","type":"arrival"},{"aircraft":{"icao24":"0D1049","icaoCode":"A21N","regNumber":"XA-VUM"},"airline":{"iataCode":"Y4","icaoCode":"VOI","name":"Volaris"},"arrival":{"actualRunway":null,"actualTime":null,"baggage":null,"delay":"7","estimatedRunway":null,"estimatedTime":"2025-11-08T20:13:00.000","gate":null,"iataCode":"TIJ","icaoCode":"MMTJ","scheduledTime":"2025-11-08T20:07:00.000","terminal":null},"codeshared":null,"departure":{"actualRunway":"2025-11-08T19:38:00.000","actualTime":"2025-11-08T19:38:00.000","baggage":null,"delay":"34","estimatedRunway":"2025-11-08T19:38:00.000","estimatedTime":"2025-11-08T19:32:00.000","gate":"A5","iataCode":"GDL","icaoCode":"MMGL","scheduledTime":"2025-11-08T19:05:00.000","terminal":"1"},"flight":{"iataNumber":"Y41008","icaoNumber":"VOI1008","number":"1008"},"status":"active","type":"arrival"},{"aircraft":{"icao24":"0D0FF8","icaoCode":"A320","regNumber":"XA-VVB"},"airline":{"iataCode":"Y4","icaoCode":"VOI","name":"Volaris"},"arrival":{"actualRunway":null,"actualTime":null,"baggage":null,"delay":null,"estimatedRunway":null,"estimatedTime":"2025-11-08T19:54:00.000","gate":null,"iataCode":"TIJ","icaoCode":"MMTJ","scheduledTime":"2025-11-08T20:09:00.000","terminal":null},"codeshared":null,"departure":{"actualRunway":"2025-11-08T19:04:00.000","actualTime":"2025-11-08T19:04:00.000","baggage":null,"delay":"9","estimatedRunway":"2025-11-08T19:04:00.000","estimatedTime":"2025-11-08T18:56:00.000","gate":"2","iataCode":"UPN","icaoCode":"MMPN","scheduledTime":"2025-11-08T18:56:00.000","terminal":null},"flight":{"iataNumber":"Y43275","icaoNumber":"VOI3275","number":"3275"},"status":"active","type":"arrival"},{"aircraft":{"icao24":"","icaoCode":"A320","regNumber":""},"airline":{"iataCode":"VB","icaoCode":"VIV","name":"VivaAerobus"},"arrival":{"actualRunway":null,"actualTime":null,"baggage":null,"delay":null,"estimatedRunway":null,"estimatedTime":null,"gate":null,"iataCode":"TIJ","icaoCode":"MMTJ","scheduledTime":"2025-11-08T20:40:00.000","terminal":null},"codeshared":null,"departure":{"actualRunway":null,"actualTime":null,"baggage":null,"delay":"10","estimatedRunway":null,"estimatedTime":"2025-11-08T19:45:00.000","gate":null,"iataCode":"LAP","icaoCode":"MMLP","scheduledTime":"2025-11-08T19:35:00.000","terminal":null},"flight":{"iataNumber":"VB7371","icaoNumber":"VIV7371","number":"7371"},"status":"scheduled","type":"arrival"},{"aircraft":{"icao24":"0D09EF","icaoCode":"A20N","regNumber":"XA-VIV"},"airline":{"iataCode":"VB","icaoCode":"VIV","name":"VivaAerobus"},"arrival":{"actualRunway":null,"actualTime":null,"baggage":null,"delay":null,"estimatedRunway":null,"estimatedTime":null,"gate":null,"iataCode":"TIJ","icaoCode":"MMTJ","scheduledTime":"2025-11-08T20:45:00.000","terminal":null},"codeshared":null,"departure":{"actualRunway":null,"actualTime":null,"baggage":null,"delay":null,"estimatedRunway":null,"estimatedTime":"2025-11-08T18:22:00.000","gate":null,"iataCode":"SJD","icaoCode":"MMSD","scheduledTime":"2025-11-08T18:30:00.000","terminal":"1"},"flight":{"iataNumber":"VB7065","icaoNumber":"VIV7065","number":"7065"},"status":"scheduled","type":"arrival"},{"aircraft":{"icao24":"0D10E4","icaoCode":"A21N","regNumber":"XA-VUQ"},"airline":{"iataCode":"Y4","icaoCode":"VOI","name":"Volaris"},"arrival":{"actualRunway":null,"actualTime":null,"baggage":null,"delay":null,"estimatedRunway":null,"estimatedTime":"2025-11-08T20:28:00.000","gate":null,"iataCode":"TIJ","icaoCode":"MMTJ","scheduledTime":"2025-11-08T20:45:00.000","terminal":null},"codeshared":null,"departure":{"actualRunway":"2025-11-08T19:19:00.000","actualTime":"2025-11-08T19:19:00.000","baggage":null,"delay":"19","estimatedRunway":"2025-11-08T19:19:00.000","estimatedTime":"2025-11-08T19:16:00.000","gate":"15","iataCode":"MEX","icaoCode":"MMMX","scheduledTime":"2025-11-08T19:00:00.000","terminal":"1"},"flight":{"iataNumber":"Y4184","icaoNumber":"VOI184","number":"184"},"status":"active","type":"arrival"},{"aircraft":{"icao24":"","icaoCode":"738","regNumber":""},"airline":{"iataCode":"XN","icaoCode":"MXA","name":"Mexicana"},"arrival":{"actualRunway":null,"actualTime":null,"baggage":null,"delay":null,"estimatedRunway":null,"estimatedTime":null,"gate":null,"iataCode":"TIJ","icaoCode":"MMTJ","scheduledTime":"2025-11-08T21:10:00.000","terminal":null},"codeshared":null,"departure":{"actualRunway":null,"actualTime":null,"baggage":null,"delay":null,"estimatedRunway":null,"estimatedTime":null,"gate":null,"iataCode":"NLU","icaoCode":"MMSM","scheduledTime":"2025-11-08T19:40:00.000","terminal":null},"flight":{"iataNumber":"XN1204","icaoNumber":"MXA1204","number":"1204"},"status":"scheduled","type":"arrival"},{"aircraft":{"icao24":"A6598E","icaoCode":"A320","regNumber":"N508VL"},"airline":{"iataCode":"Y4","icaoCode":"VOI","name":"Volaris"},"arrival":{"actualRunway":null,"actualTime":null,"baggage":null,"delay":null,"estimatedRunway":null,"estimatedTime":null,"gate":null,"iataCode":"TIJ","icaoCode":"MMTJ","scheduledTime":"2025-11-08T21:28:00.000","terminal":null},"codeshared":null,"departure":{"actualRunway":null,"actualTime":null,"baggage":null,"delay":"88","estimatedRunway":null,"estimatedTime":"2025-11-08T22:30:00.000","gate":"4","iataCode":"HMO","icaoCode":"MMHO","scheduledTime":"2025-11-08T21:02:00.000","terminal":null},"flight":{"iataNumber":"Y43187","icaoNumber":"VOI3187","number":"3187"},"status":"scheduled","type":"arrival"},{"aircraft":{"icao24":"0D0CCE","icaoCode":"A20N","regNumber":"XA-VRO"},"airline":{"iataCode":"Y4","icaoCode":"VOI","name":"Volaris"},"arrival":{"actualRunway":null,"actualTime":null,"baggage":null,"delay":null,"estimatedRunway":null,"estimatedTime":null,"gate":null,"iataCode":"TIJ","icaoCode":"MMTJ","scheduledTime":"2025-11-08T21:53:00.000","terminal":null},"codeshared":null,"departure":{"actualRunway":null,"actualTime":null,"baggage":null,"delay":"93","estimatedRunway":null,"estimatedTime":"2025-11-08T21:40:00.000","gate":"A1","iataCode":"TPQ","icaoCode":"MMEP","scheduledTime":"2025-11-08T20:07:00.000","terminal":null},"flight":{"iataNumber":"Y43241","icaoNumber":"VOI3241","number":"3241"},"status":"scheduled","type":"arrival"},{"aircraft":{"icao24":"0D08EF","icaoCode":"B738","regNumber":"XA-AMV"},"airline":{"iataCode":"AF","icaoCode":"AFR","name":"Air France"},"arrival":{"actualRunway":null,"actualTime":null,"baggage":null,"delay":null,"estimatedRunway":null,"estimatedTime":null,"gate":"4","iataCode":"TIJ","icaoCode":"MMTJ","scheduledTime":"2025-11-08T21:55:00.000","terminal":null},"codeshared":{"airline":{"iataCode":"am","icaoCode":"amx","name":"aeromexico"},"flight":{"iataNumber":"am184","icaoNumber":"amx184","number":"184"}},"departure":{"actualRunway":null,"actualTime":null,"baggage":null,"delay":"10","estimatedRunway":null,"estimatedTime":"2025-11-08T20:00:00.000","gate":"79","iataCode":"MEX","icaoCode":"MMMX","scheduledTime":"2025-11-08T19:50:00.000","terminal":"2"},"flight":{"iataNumber":"AF8156","icaoNumber":"AFR8156","number":"8156"},"status":"scheduled","type":"arrival"},{"aircraft":{"icao24":"0D08EF","icaoCode":"B738","regNumber":"XA-AMV"},"airline":{"iataCode":"G3","icaoCode":"GLO","name":"Gol"},"arrival":{"actualRunway":null,"actualTime":null,"baggage":null,"delay":null,"estimatedRunway":null,"estimatedTime":null,"gate":"4","iataCode":"TIJ","icaoCode":"MMTJ","scheduledTime":"2025-11-08T21:55:00.000","terminal":null},"codeshared":{"airline":{"iataCode":"am","icaoCode":"amx","name":"aeromexico"},"flight":{"iataNumber":"am184","icaoNumber":"amx184","number":"184"}},"departure":{"actualRunway":null,"actualTime":null,"baggage":null,"delay":"10","estimatedRunway":null,"estimatedTime":"2025-11-08T20:00:00.000","gate":"79","iataCode":"MEX","icaoCode":"MMMX","scheduledTime":"2025-11-08T19:50:00.000","terminal":"2"},"flight":{"iataNumber":"G33836","icaoNumber":"GLO3836","number":"3836"},"status":"scheduled","type":"arrival"},{"aircraft":{"icao24":"0D08EF","icaoCode":"B738","regNumber":"XA-AMV"},"airline":{"iataCode":"LA","icaoCode":"LAN","name":"LATAM Airlines"},"arrival":{"actualRunway":null,"actualTime":null,"baggage":null,"delay":null,"estimatedRunway":null,"estimatedTime":null,"gate":"4","iataCode":"TIJ","icaoCode":"MMTJ","scheduledTime":"2025-11-08T21:55:00.000","terminal":null},"codeshared":{"airline":{"iataCode":"am","icaoCode":"amx","name":"aeromexico"},"flight":{"iataNumber":"am184","icaoNumber":"amx184","number":"184"}},"departure":{"actualRunway":null,"actualTime":null,"baggage":null,"delay":"10","estimatedRunway":null,"estimatedTime":"2025-11-08T20:00:00.000","gate":"79","iataCode":"MEX","icaoCode":"MMMX","scheduledTime":"2025-11-08T19:50:00.000","terminal":"2"},"flight":{"iataNumber":"LA7534","icaoNumber":"LAN7534","number":"7534"},"status":"scheduled","type":"arrival"},{"aircraft":{"icao24":"0D08EF","icaoCode":"B738","regNumber":"XA-AMV"},"airline":{"iataCode":"LA","icaoCode":"LAN","name":"LATAM Airlines"},"arrival":{"actualRunway":null,"actualTime":null,"baggage":null,"delay":null,"estimatedRunway":null,"estimatedTime":null,"gate":"4","iataCode":"TIJ","icaoCode":"MMTJ","scheduledTime":"2025-11-08T21:55:00.000","terminal":null},"codeshared":{"airline":{"iataCode":"am","icaoCode":"amx","name":"aeromexico"},"flight":{"iataNumber":"am184","icaoNumber":"amx184","number":"184"}},"departure":{"actualRunway":null,"actualTime":null,"baggage":null,"delay":"10","estimatedRunway":null,"estimatedTime":"2025-11-08T20:00:00.000","gate":"79","iataCode":"MEX","icaoCode":"MMMX","scheduledTime":"2025-11-08T19:50:00.000","terminal":"2"},"flight":{"iataNumber":"LA7730","icaoNumber":"LAN7730","number":"7730"},"status":"scheduled","type":"arrival"},{"aircraft":{"icao24":"0D08EF","icaoCode":"B738","regNumber":"XA-AMV"},"airline":{"iataCode":"AM","icaoCode":"AMX","name":"Aeromexico"},"arrival":{"actualRunway":null,"actualTime":null,"baggage":null,"delay":null,"estimatedRunway":null,"estimatedTime":null,"gate":"4","iataCode":"TIJ","icaoCode":"MMTJ","scheduledTime":"2025-11-08T21:55:00.000","terminal":null},"codeshared":null,"departure":{"actualRunway":null,"actualTime":null,"baggage":null,"delay":"10","estimatedRunway":null,"estimatedTime":"2025-11-08T20:00:00.000","gate":"79","iataCode":"MEX","icaoCode":"MMMX","scheduledTime":"2025-11-08T19:50:00.000","terminal":"2"},"flight":{"iataNumber":"AM184","icaoNumber":"AMX184","number":"184"},"status":"scheduled","type":"arrival"},{"aircraft":{"icao24":"0D07A8","icaoCode":"A320","regNumber":"XA-VOY"},"airline":{"iataCode":"Y4","icaoCode":"VOI","name":"Volaris"},"arrival":{"actualRunway":null,"actualTime":null,"baggage":null,"delay":null,"estimatedRunway":null,"estimatedTime":null,"gate":null,"iataCode":"TIJ","icaoCode":"MMTJ","scheduledTime":"2025-11-08T21:55:00.000","terminal":null},"codeshared":null,"departure":{"actualRunway":null,"actualTime":null,"baggage":null,"delay":"107","estimatedRunway":null,"estimatedTime":"2025-11-08T22:47:00.000","gate":"3","iataCode":"LMM","icaoCode":"MMLM","scheduledTime":"2025-11-08T21:00:00.000","terminal":null},"flight":{"iataNumber":"Y43259","icaoNumber":"VOI3259","number":"3259"},"status":"scheduled","type":"arrival"},{"aircraft":{"icao24":"0D0F00","icaoCode":"A21N","regNumber":"XA-VSX"},"airline":{"iataCode":"Y4","icaoCode":"VOI","name":"Volaris"},"arrival":{"actualRunway":null,"actualTime":null,"baggage":null,"delay":null,"estimatedRunway":null,"estimatedTime":null,"gate":null,"iataCode":"TIJ","icaoCode":"MMTJ","scheduledTime":"2025-11-08T21:57:00.000","terminal":null},"codeshared":null,"departure":{"actualRunway":null,"actualTime":null,"baggage":null,"delay":null,"estimatedRunway":null,"estimatedTime":"2025-11-08T21:19:00.000","gate":"3","iataCode":"CEN","icaoCode":"MMCN","scheduledTime":"2025-11-08T21:19:00.000","terminal":null},"flight":{"iataNumber":"Y43317","icaoNumber":"VOI3317","number":"3317"},"status":"scheduled","type":"arrival"},{"aircraft":{"icao24":"0D1140","icaoCode":"A21N","regNumber":"XA-VUX"},"airline":{"iataCode":"Y4","icaoCode":"VOI","name":"Volaris"},"arrival":{"actualRunway":null,"actualTime":null,"baggage":null,"delay":null,"estimatedRunway":null,"estimatedTime":null,"gate":null,"iataCode":"TIJ","icaoCode":"MMTJ","scheduledTime":"2025-11-08T21:59:00.000","terminal":null},"codeshared":null,"departure":{"actualRunway":null,"actualTime":null,"baggage":null,"delay":null,"estimatedRunway":null,"estimatedTime":"2025-11-08T20:57:00.000","gate":"C33","iataCode":"GDL","icaoCode":"MMGL","scheduledTime":"2025-11-08T20:57:00.000","terminal":"1"},"flight":{"iataNumber":"Y41016","icaoNumber":"VOI1016","number":"1016"},"status":"scheduled","type":"arrival"},{"aircraft":{"icao24":"0D10FD","icaoCode":"A20N","regNumber":"XA-VUS"},"airline":{"iataCode":"Y4","icaoCode":"VOI","name":"Volaris"},"arrival":{"actualRunway":null,"actualTime":null,"baggage":null,"delay":null,"estimatedRunway":null,"estimatedTime":null,"gate":null,"iataCode":"TIJ","icaoCode":"MMTJ","scheduledTime":"2025-11-08T22:05:00.000","terminal":null},"codeshared":null,"departure":{"actualRunway":null,"actualTime":null,"baggage":null,"delay":null,"estimatedRunway":null,"estimatedTime":"2025-11-08T21:34:00.000","gate":"2","iataCode":"DGO","icaoCode":"MMDO","scheduledTime":"2025-11-08T21:34:00.000","terminal":null},"flight":{"iataNumber":"Y43253","icaoNumber":"VOI3253","number":"3253"},"status":"scheduled","type":"arrival"},{"aircraft":{"icao24":"0D0A26","icaoCode":"A320","regNumber":"XA-VRA"},"airline":{"iataCode":"Y4","icaoCode":"VOI","name":"Volaris"},"arrival":{"actualRunway":null,"actualTime":null,"baggage":null,"delay":null,"estimatedRunway":null,"estimatedTime":null,"gate":null,"iataCode":"TIJ","icaoCode":"MMTJ","scheduledTime":"2025-11-08T22:33:00.000","terminal":null},"codeshared":null,"departure":{"actualRunway":null,"actualTime":null,"baggage":null,"delay":"81","estimatedRunway":null,"estimatedTime":"2025-11-08T23:55:00.000","gate":"7","iataCode":"CJS","icaoCode":"MMCS","scheduledTime":"2025-11-08T22:34:00.000","terminal":null},"flight":{"iataNumber":"Y43283","icaoNumber":"VOI3283","number":"3283"},"status":"scheduled","type":"arrival"},{"aircraft":{"icao24":"A695F9","icaoCode":"A320","regNumber":"N523VL"},"airline":{"iataCode":"Y4","icaoCode":"VOI","name":"Volaris"},"arrival":{"actualRunway":null,"actualTime":null,"baggage":null,"delay":null,"estimatedRunway":null,"estimatedTime":null,"gate":null,"iataCode":"TIJ","icaoCode":"MMTJ","scheduledTime":"2025-11-08T22:34:00.000","terminal":null},"codeshared":null,"departure":{"actualRunway":null,"actualTime":null,"baggage":null,"delay":"29","estimatedRunway":null,"estimatedTime":"2025-11-08T21:59:00.000","gate":"DOS","iataCode":"CLQ","icaoCode":"MMIA","scheduledTime":"2025-11-08T21:30:00.000","terminal":null},"flight":{"iataNumber":"Y43265","icaoNumber":"VOI3265","number":"3265"},"status":"scheduled","type":"arrival"},{"aircraft":{"icao24":"","icaoCode":"A321","regNumber":""},"airline":{"iataCode":"IB","icaoCode":"IBE","name":"Iberia"},"arrival":{"actualRunway":null,"actualTime":null,"baggage":null,"delay":null,"estimatedRunway":null,"estimatedTime":null,"gate":null,"iataCode":"TIJ","icaoCode":"MMTJ","scheduledTime":"2025-11-08T22:40:00.000","terminal":null},"codeshared":{"airline":{"iataCode":"vb","icaoCode":"viv","name":"vivaaerobus"},"flight":{"iataNumber":"vb1250","icaoNumber":"viv1250","number":"1250"}},"departure":{"actualRunway":null,"actualTime":null,"baggage":null,"delay":null,"estimatedRunway":null,"estimatedTime":"2025-11-08T21:05:00.000","gate":"25","iataCode":"MEX","icaoCode":"MMMX","scheduledTime":"2025-11-08T21:05:00.000","terminal":"1"},"flight":{"iataNumber":"IB7501","icaoNumber":"IBE7501","number":"7501"},"status":"scheduled","type":"arrival"},{"aircraft":{"icao24":"","icaoCode":"A321","regNumber":""},"airline":{"iataCode":"VB","icaoCode":"VIV","name":"VivaAerobus"},"arrival":{"actualRunway":null,"actualTime":null,"baggage":null,"delay":null,"estimatedRunway":null,"estimatedTime":null,"gate":null,"iataCode":"TIJ","icaoCode":"MMTJ","scheduledTime":"2025-11-08T22:40:00.000","terminal":null},"codeshared":null,"departure":{"actualRunway":null,"actualTime":null,"baggage":null,"delay":null,"estimatedRunway":null,"estimatedTime":"2025-11-08T21:05:00.000","gate":"25","iataCode":"MEX","icaoCode":"MMMX","scheduledTime":"2025-11-08T21:05:00.000","terminal":"1"},"flight":{"iataNumber":"VB1250","icaoNumber":"VIV1250","number":"1250"},"status":"scheduled","type":"arrival"},{"aircraft":{"icao24":"","icaoCode":"A321","regNumber":""},"airline":{"iataCode":"VB","icaoCode":"VIV","name":"VivaAerobus"},"arrival":{"actualRunway":null,"actualTime":null,"baggage":null,"delay":null,"estimatedRunway":null,"estimatedTime":null,"gate":null,"iataCode":"TIJ","icaoCode":"MMTJ","scheduledTime":"2025-11-08T22:55:00.000","terminal":null},"codeshared":null,"departure":{"actualRunway":null,"actualTime":null,"baggage":null,"delay":"10","estimatedRunway":null,"estimatedTime":"2025-11-08T21:55:00.000","gate":null,"iataCode":"CUL","icaoCode":"MMCL","scheduledTime":"2025-11-08T21:45:00.000","terminal":null},"flight":{"iataNumber":"VB5009","icaoNumber":"VIV5009","number":"5009"},"status":"scheduled","type":"arrival"},{"aircraft":{"icao24":"A66355","icaoCode":"A320","regNumber":"N510VL"},"airline":{"iataCode":"Y4","icaoCode":"VOI","name":"Volaris"},"arrival":{"actualRunway":null,"actualTime":null,"baggage":null,"delay":null,"estimatedRunway":null,"estimatedTime":null,"gate":null,"iataCode":"TIJ","icaoCode":"MMTJ","scheduledTime":"2025-11-08T22:58:00.000","terminal":null},"codeshared":null,"departure":{"actualRunway":null,"actualTime":null,"baggage":null,"delay":"68","estimatedRunway":null,"estimatedTime":"2025-11-08T23:04:00.000","gate":"3","iataCode":"MTY","icaoCode":"MMMY","scheduledTime":"2025-11-08T21:56:00.000","terminal":"A"},"flight":{"iataNumber":"Y45610","icaoNumber":"VOI5610","number":"5610"},"status":"scheduled","type":"arrival"},{"aircraft":{"icao24":"","icaoCode":"321","regNumber":""},"airline":{"iataCode":"VB","icaoCode":"VIV","name":"VivaAerobus"},"arrival":{"actualRunway":null,"actualTime":null,"baggage":null,"delay":null,"estimatedRunway":null,"estimatedTime":null,"gate":null,"iataCode":"TIJ","icaoCode":"MMTJ","scheduledTime":"2025-11-08T23:00:00.000","terminal":null},"codeshared":null,"departure":{"actualRunway":null,"actualTime":null,"baggage":null,"delay":null,"estimatedRunway":null,"estimatedTime":null,"gate":null,"iataCode":"NLU","icaoCode":"MMSM","scheduledTime":"2025-11-08T21:30:00.000","terminal":null},"flight":{"iataNumber":"VB5067","icaoNumber":"VIV5067","number":"5067"},"status":"scheduled","type":"arrival"},{"aircraft":{"icao24":"","icaoCode":"A320","regNumber":""},"airline":{"iataCode":"VB","icaoCode":"VIV","name":"VivaAerobus"},"arrival":{"actualRunway":null,"actualTime":null,"baggage":null,"delay":null,"estimatedRunway":null,"estimatedTime":null,"gate":null,"iataCode":"TIJ","icaoCode":"MMTJ","scheduledTime":"2025-11-08T23:05:00.000","terminal":null},"codeshared":null,"departure":{"actualRunway":null,"actualTime":null,"baggage":null,"delay":"10","estimatedRunway":null,"estimatedTime":"2025-11-08T22:10:00.000","gate":null,"iataCode":"GDL","icaoCode":"MMGL","scheduledTime":"2025-11-08T22:00:00.000","terminal":"1"},"flight":{"iataNumber":"VB3108","icaoNumber":"VIV3108","number":"3108"},"status":"scheduled","type":"arrival"},{"aircraft":{"icao24":"","icaoCode":"A320","regNumber":""},"airline":{"iataCode":"Y4","icaoCode":"VOI","name":"Volaris"},"arrival":{"actualRunway":null,"actualTime":null,"baggage":null,"delay":null,"estimatedRunway":null,"estimatedTime":null,"gate":null,"iataCode":"TIJ","icaoCode":"MMTJ","scheduledTime":"2025-11-08T23:05:00.000","terminal":null},"codeshared":null,"departure":{"actualRunway":null,"actualTime":null,"baggage":null,"delay":"290","estimatedRunway":null,"estimatedTime":"2025-11-09T02:02:00.000","gate":null,"iataCode":"VER","icaoCode":"MMVR","scheduledTime":"2025-11-08T21:12:00.000","terminal":null},"flight":{"iataNumber":"Y43383","icaoNumber":"VOI3383","number":"3383"},"status":"scheduled","type":"arrival"},{"aircraft":{"icao24":"","icaoCode":"A321","regNumber":""},"airline":{"iataCode":"IB","icaoCode":"IBE","name":"Iberia"},"arrival":{"actualRunway":null,"actualTime":null,"baggage":null,"delay":null,"estimatedRunway":null,"estimatedTime":null,"gate":null,"iataCode":"TIJ","icaoCode":"MMTJ","scheduledTime":"2025-11-08T23:20:00.000","terminal":null},"codeshared":{"airline":{"iataCode":"vb","icaoCode":"viv","name":"vivaaerobus"},"flight":{"iataNumber":"vb1248","icaoNumber":"viv1248","number":"1248"}},"departure":{"actualRunway":null,"actualTime":null,"baggage":null,"delay":null,"estimatedRunway":null,"estimatedTime":"2025-11-08T21:45:00.000","gate":"G","iataCode":"MEX","icaoCode":"MMMX","scheduledTime":"2025-11-08T21:45:00.000","terminal":"1"},"flight":{"iataNumber":"IB7500","icaoNumber":"IBE7500","number":"7500"},"status":"scheduled","type":"arrival"},{"aircraft":{"icao24":"","icaoCode":"A321","regNumber":""},"airline":{"iataCode":"VB","icaoCode":"VIV","name":"VivaAerobus"},"arrival":{"actualRunway":null,"actualTime":null,"baggage":null,"delay":null,"estimatedRunway":null,"estimatedTime":null,"gate":null,"iataCode":"TIJ","icaoCode":"MMTJ","scheduledTime":"2025-11-08T23:20:00.000","terminal":null},"codeshared":null,"departure":{"actualRunway":null,"actualTime":null,"baggage":null,"delay":null,"estimatedRunway":null,"estimatedTime":"2025-11-08T21:45:00.000","gate":"G","iataCode":"MEX","icaoCode":"MMMX","scheduledTime":"2025-11-08T21:45:00.000","terminal":"1"},"flight":{"iataNumber":"VB1248","icaoNumber":"VIV1248","number":"1248"},"status":"scheduled","type":"arrival"},{"aircraft":{"icao24":"0D1154","icaoCode":"A20N","regNumber":"XA-VUU"},"airline":{"iataCode":"Y4","icaoCode":"VOI","name":"Volaris"},"arrival":{"actualRunway":null,"actualTime":null,"baggage":null,"delay":null,"estimatedRunway":null,"estimatedTime":null,"gate":null,"iataCode":"TIJ","icaoCode":"MMTJ","scheduledTime":"2025-11-08T23:28:00.000","terminal":null},"codeshared":null,"departure":{"actualRunway":null,"actualTime":null,"baggage":null,"delay":"20","estimatedRunway":null,"estimatedTime":"2025-11-08T22:50:00.000","gate":"4","iataCode":"AGU","icaoCode":"MMAS","scheduledTime":"2025-11-08T22:30:00.000","terminal":null},"flight":{"iataNumber":"Y43203","icaoNumber":"VOI3203","number":"3203"},"status":"scheduled","type":"arrival"},{"aircraft":{"icao24":"0D0BBE","icaoCode":"A20N","regNumber":"XA-VRK"},"airline":{"iataCode":"Y4","icaoCode":"VOI","name":"Volaris"},"arrival":{"actualRunway":null,"actualTime":null,"baggage":null,"delay":null,"estimatedRunway":null,"estimatedTime":null,"gate":null,"iataCode":"TIJ","icaoCode":"MMTJ","scheduledTime":"2025-11-08T23:38:00.000","terminal":null},"codeshared":null,"departure":{"actualRunway":null,"actualTime":null,"baggage":null,"delay":null,"estimatedRunway":null,"estimatedTime":"2025-11-08T22:28:00.000","gate":"5","iataCode":"BJX","icaoCode":"MMLO","scheduledTime":"2025-11-08T22:28:00.000","terminal":null},"flight":{"iataNumber":"Y43047","icaoNumber":"VOI3047","number":"3047"},"status":"scheduled","type":"arrival"},{"aircraft":{"icao24":"","icaoCode":"A320","regNumber":""},"airline":{"iataCode":"VB","icaoCode":"VIV","name":"VivaAerobus"},"arrival":{"actualRunway":null,"actualTime":null,"baggage":null,"delay":null,"estimatedRunway":null,"estimatedTime":null,"gate":null,"iataCode":"TIJ","icaoCode":"MMTJ","scheduledTime":"2025-11-08T23:40:00.000","terminal":null},"codeshared":null,"departure":{"actualRunway":null,"actualTime":null,"baggage":null,"delay":"10","estimatedRunway":null,"estimatedTime":"2025-11-08T22:40:00.000","gate":null,"iataCode":"BJX","icaoCode":"MMLO","scheduledTime":"2025-11-08T22:30:00.000","terminal":null},"flight":{"iataNumber":"VB5029","icaoNumber":"VIV5029","number":"5029"},"status":"scheduled","type":"arrival"},{"aircraft":{"icao24":"A6CC54","icaoCode":"A21N","regNumber":"N537VL"},"airline":{"iataCode":"Y4","icaoCode":"VOI","name":"Volaris"},"arrival":{"actualRunway":null,"actualTime":null,"baggage":null,"delay":null,"estimatedRunway":null,"estimatedTime":null,"gate":null,"iataCode":"TIJ","icaoCode":"MMTJ","scheduledTime":"2025-11-08T23:45:00.000","terminal":null},"codeshared":null,"departure":{"actualRunway":null,"actualTime":null,"baggage":null,"delay":null,"estimatedRunway":null,"estimatedTime":"2025-11-08T22:00:00.000","gate":"G","iataCode":"MEX","icaoCode":"MMMX","scheduledTime":"2025-11-08T22:00:00.000","terminal":"1"},"flight":{"iataNumber":"Y4186","icaoNumber":"VOI186","number":"186"},"status":"scheduled","type":"arrival"}]}