{"pagination":{"limit":null,"offset":null,"count":63,"total":63},"data":[{"aircraft":{"icao24":"0D0E38","icaoCode":"A21N","regNumber":"XA-VBZ"},"airline":{"iataCode":"VB","icaoCode":"VIV","name":"VivaAerobus"},"arrival":{"actualRunway":"2025-11-10T23:42:00.000","actualTime":"2025-11-10T23:42:00.000","baggage":null,"delay":"43","estimatedRunway":"2025-11-10T23:42:00.000","estimatedTime":"2025-11-10T23:46:00.000","gate":null,"iataCode":"TIJ","icaoCode":"MMTJ","scheduledTime":"2025-11-10T23:00:00.000","terminal":null},"codeshared":null,"departure":{"actualRunway":"2025-11-10T22:39:00.000","actualTime":"2025-11-10T22:39:00.000","baggage":null,"delay":"69","estimatedRunway":"2025-11-10T22:39:00.000","estimatedTime":"2025-11-10T21:40:00.000","gate":null,"iataCode":"NLU","icaoCode":"MMSM","scheduledTime":"2025-11-10T21:30:00.000","terminal":null},"flight":{"iataNumber":"VB5067","icaoNumber":"VIV5067","number":"5067"},"status":"landed","type":"arrival"},{"aircraft":{"icao24":"0D118C","icaoCode":"A320","regNumber":"XA-VDJ"},"airline":{"iataCode":"VB","icaoCode":"VIV","name":"VivaAerobus"},"arrival":{"actualRunway":"2025-11-10T23:17:00.000","actualTime":"2025-11-10T23:17:00.000","baggage":null,"delay":"12","estimatedRunway":"2025-11-10T23:17:00.000","estimatedTime":"2025-11-10T23:13:00.000","gate":null,"iataCode":"TIJ","icaoCode":"MMTJ","scheduledTime":"2025-11-10T23:05:00.000","terminal":null},"codeshared":null,"departure":{"actualRunway":"2025-11-10T22:38:00.000","actualTime":"2025-11-10T22:38:00.000","baggage":null,"delay":"39","estimatedRunway":"2025-11-10T22:38:00.000","estimatedTime":"2025-11-10T22:10:00.000","gate":null,"iataCode":"GDL","icaoCode":"MMGL","scheduledTime":"2025-11-10T22:00:00.000","terminal":"1"},"flight":{"iataNumber":"VB3108","icaoNumber":"VIV3108","number":"3108"},"status":"landed","type":"arrival"},{"aircraft":{"icao24":"0D0CCE","icaoCode":"A20N","regNumber":"XA-VRO"},"airline":{"iataCode":"Y4","icaoCode":"VOI","name":"Volaris"},"arrival":{"actualRunway":null,"actualTime":null,"baggage":null,"delay":null,"estimatedRunway":null,"estimatedTime":null,"gate":null,"iataCode":"TIJ","icaoCode":"MMTJ","scheduledTime":"2025-11-10T23:05:00.000","terminal":null},"codeshared":null,"departure":{"actualRunway":null,"actualTime":null,"baggage":null,"delay":null,"estimatedRunway":null,"estimatedTime":"2025-11-10T21:12:00.000","gate":"B7","iataCode":"VER","icaoCode":"MMVR","scheduledTime":"2025-11-10T21:12:00.000","terminal":null},"flight":{"iataNumber":"Y43383","icaoNumber":"VOI3383","number":"3383"},"status":"cancelled","type":"arrival"},{"aircraft":{"icao24":"0D0C93","icaoCode":"A21N","regNumber":"XA-VBA"},"airline":{"iataCode":"IB","icaoCode":"IBE","name":"Iberia"},"arrival":{"actualRunway":"2025-11-10T23:20:00.000","actualTime":"2025-11-10T23:20:00.000","baggage":null,"delay":"1","estimatedRunway":"2025-11-10T23:20:00.000","estimatedTime":"2025-11-10T23:18:00.000","gate":null,"iataCode":"TIJ","icaoCode":"MMTJ","scheduledTime":"2025-11-10T23:20:00.000","terminal":null},"codeshared":{"airline":{"iataCode":"vb","icaoCode":"viv","name":"vivaaerobus"},"flight":{"iataNumber":"vb1248","icaoNumber":"viv1248","number":"1248"}},"departure":{"actualRunway":"2025-11-10T22:14:00.000","actualTime":"2025-11-10T22:14:00.000","baggage":null,"delay":"30","estimatedRunway":"2025-11-10T22:14:00.000","estimatedTime":"2025-11-10T21:35:00.000","gate":"15","iataCode":"MEX","icaoCode":"MMMX","scheduledTime":"2025-11-10T21:45:00.000","terminal":"1"},"flight":{"iataNumber":"IB7500","icaoNumber":"IBE7500","number":"7500"},"status":"landed","type":"arrival"},{"aircraft":{"icao24":"0D0C93","icaoCode":"A21N","regNumber":"XA-VBA"},"airline":{"iataCode":"VB","icaoCode":"VIV","name":"VivaAerobus"},"arrival":{"actualRunway":"2025-11-10T23:20:00.000","actualTime":"2025-11-10T23:20:00.000","baggage":null,"delay":"1","estimatedRunway":"2025-11-10T23:20:00.000","estimatedTime":"2025-11-10T23:18:00.000","gate":null,"iataCode":"TIJ","icaoCode":"MMTJ","scheduledTime":"2025-11-10T23:20:00.000","terminal":null},"codeshared":null,"departure":{"actualRunway":"2025-11-10T22:14:00.000","actualTime":"2025-11-10T22:14:00.000","baggage":null,"delay":"30","estimatedRunway":"2025-11-10T22:14:00.000","estimatedTime":"2025-11-10T21:35:00.000","gate":"15","iataCode":"MEX","icaoCode":"MMMX","scheduledTime":"2025-11-10T21:45:00.000","terminal":"1"},"flight":{"iataNumber":"VB1248","icaoNumber":"VIV1248","number":"1248"},"status":"landed","type":"arrival"},{"aircraft":{"icao24":"0D0CB1","icaoCode":"A20N","regNumber":"XA-VRQ"},"airline":{"iataCode":"Y4","icaoCode":"VOI","name":"Volaris"},"arrival":{"actualRunway":"2025-11-10T23:35:00.000","actualTime":"2025-11-10T23:35:00.000","baggage":null,"delay":"8","estimatedRunway":"2025-11-10T23:35:00.000","estimatedTime":"2025-11-10T23:34:00.000","gate":null,"iataCode":"TIJ","icaoCode":"MMTJ","scheduledTime":"2025-11-10T23:28:00.000","terminal":null},"codeshared":null,"departure":{"actualRunway":"2025-11-10T23:01:00.000","actualTime":"2025-11-10T23:01:00.000","baggage":null,"delay":"31","estimatedRunway":"2025-11-10T23:01:00.000","estimatedTime":"2025-11-10T23:02:00.000","gate":"1","iataCode":"AGU","icaoCode":"MMAS","scheduledTime":"2025-11-10T22:30:00.000","terminal":null},"flight":{"iataNumber":"Y43203","icaoNumber":"VOI3203","number":"3203"},"status":"landed","type":"arrival"},{"aircraft":{"icao24":"A708BF","icaoCode":"A20N","regNumber":"N552VL"},"airline":{"iataCode":"Y4","icaoCode":"VOI","name":"Volaris"},"arrival":{"actualRunway":null,"actualTime":null,"baggage":null,"delay":null,"estimatedRunway":null,"estimatedTime":null,"gate":null,"iataCode":"TIJ","icaoCode":"MMTJ","scheduledTime":"2025-11-10T23:38:00.000","terminal":null},"codeshared":null,"departure":{"actualRunway":null,"actualTime":null,"baggage":null,"delay":null,"estimatedRunway":null,"estimatedTime":"2025-11-10T22:28:00.000","gate":"6","iataCode":"BJX","icaoCode":"MMLO","scheduledTime":"2025-11-10T22:28:00.000","terminal":null},"flight":{"iataNumber":"Y43047","icaoNumber":"VOI3047","number":"3047"},"status":"cancelled","type":"arrival"},{"aircraft":{"icao24":"0D0924","icaoCode":"A320","regNumber":"XA-VAJ"},"airline":{"iataCode":"VB","icaoCode":"VIV","name":"VivaAerobus"},"arrival":{"actualRunway":"2025-11-10T23:25:00.000","actualTime":"2025-11-10T23:25:00.000","baggage":null,"delay":null,"estimatedRunway":"2025-11-10T23:25:00.000","estimatedTime":"2025-11-10T23:25:00.000","gate":null,"iataCode":"TIJ","icaoCode":"MMTJ","scheduledTime":"2025-11-10T23:40:00.000","terminal":null},"codeshared":null,"departure":{"actualRunway":"2025-11-10T22:44:00.000","actualTime":"2025-11-10T22:44:00.000","baggage":null,"delay":"14","estimatedRunway":"2025-11-10T22:44:00.000","estimatedTime":"2025-11-10T22:40:00.000","gate":null,"iataCode":"BJX","icaoCode":"MMLO","scheduledTime":"2025-11-10T22:30:00.000","terminal":null},"flight":{"iataNumber":"VB5029","icaoNumber":"VIV5029","number":"5029"},"status":"landed","type":"arrival"},{"aircraft":{"icao24":"0D0A0D","icaoCode":"A321","regNumber":"XA-VRB"},"airline":{"iataCode":"Y4","icaoCode":"VOI","name":"Volaris"},"arrival":{"actualRunway":null,"actualTime":null,"baggage":null,"delay":null,"estimatedRunway":null,"estimatedTime":null,"gate":null,"iataCode":"TIJ","icaoCode":"MMTJ","scheduledTime":"2025-11-10T23:45:00.000","terminal":null},"codeshared":null,"departure":{"actualRunway":null,"actualTime":null,"baggage":null,"delay":"577","estimatedRunway":null,"estimatedTime":"2025-11-11T07:37:00.000","gate":"G","iataCode":"MEX","icaoCode":"MMMX","scheduledTime":"2025-11-10T22:00:00.000","terminal":"1"},"flight":{"iataNumber":"Y4186","icaoNumber":"VOI186","number":"186"},"status":"unknown","type":"arrival"},{"aircraft":{"icao24":"0D09EF","icaoCode":"A20N","regNumber":"XA-VIV"},"airline":{"iataCode":"VB","icaoCode":"VIV","name":"VivaAerobus"},"arrival":{"actualRunway":null,"actualTime":null,"baggage":null,"delay":null,"estimatedRunway":null,"estimatedTime":"2025-11-10T23:49:00.000","gate":null,"iataCode":"TIJ","icaoCode":"MMTJ","scheduledTime":"2025-11-11T00:05:00.000","terminal":null},"codeshared":null,"departure":{"actualRunway":null,"actualTime":null,"baggage":null,"delay":"10","estimatedRunway":null,"estimatedTime":"2025-11-10T22:30:00.000","gate":null,"iataCode":"PBC","icaoCode":"MMPB","scheduledTime":"2025-11-10T22:20:00.000","terminal":null},"flight":{"iataNumber":"VB5117","icaoNumber":"VIV5117","number":"5117"},"status":"unknown","type":"arrival"},{"aircraft":{"icao24":"0D0E5E","icaoCode":"A21N","regNumber":"XA-VXF"},"airline":{"iataCode":"VB","icaoCode":"VIV","name":"VivaAerobus"},"arrival":{"actualRunway":"2025-11-11T01:09:00.000","actualTime":"2025-11-11T01:09:00.000","baggage":null,"delay":"39","estimatedRunway":"2025-11-11T01:09:00.000","estimatedTime":"2025-11-11T01:12:00.000","gate":null,"iataCode":"TIJ","icaoCode":"MMTJ","scheduledTime":"2025-11-11T00:30:00.000","terminal":null},"codeshared":null,"departure":{"actualRunway":"2025-11-11T00:05:00.000","actualTime":"2025-11-11T00:05:00.000","baggage":null,"delay":"66","estimatedRunway":"2025-11-11T00:05:00.000","estimatedTime":"2025-11-10T23:00:00.000","gate":null,"iataCode":"MZT","icaoCode":"MMMZ","scheduledTime":"2025-11-10T23:00:00.000","terminal":null},"flight":{"iataNumber":"VB5043","icaoNumber":"VIV5043","number":"5043"},"status":"landed","type":"arrival"},{"aircraft":{"icao24":"0D0E1E","icaoCode":"B39M","regNumber":"XA-MKJ"},"airline":{"iataCode":"KL","icaoCode":"KLM","name":"KLM"},"arrival":{"actualRunway":"2025-11-11T01:15:00.000","actualTime":"2025-11-11T01:15:00.000","baggage":null,"delay":"40","estimatedRunway":"2025-11-11T01:15:00.000","estimatedTime":"2025-11-11T01:15:00.000","gate":null,"iataCode":"TIJ","icaoCode":"MMTJ","scheduledTime":"2025-11-11T00:35:00.000","terminal":null},"codeshared":{"airline":{"iataCode":"am","icaoCode":"amx","name":"aeromexico"},"flight":{"iataNumber":"am192","icaoNumber":"amx192","number":"192"}},"departure":{"actualRunway":"2025-11-11T00:10:00.000","actualTime":"2025-11-11T00:10:00.000","baggage":null,"delay":"85","estimatedRunway":"2025-11-11T00:10:00.000","estimatedTime":"2025-11-10T23:17:00.000","gate":"R2","iataCode":"MEX","icaoCode":"MMMX","scheduledTime":"2025-11-10T22:45:00.000","terminal":"2"},"flight":{"iataNumber":"KL8942","icaoNumber":"KLM8942","number":"8942"},"status":"landed","type":"arrival"},{"aircraft":{"icao24":"0D0E1E","icaoCode":"B39M","regNumber":"XA-MKJ"},"airline":{"iataCode":"WS","icaoCode":"WJA","name":"WestJet"},"arrival":{"actualRunway":"2025-11-11T01:15:00.000","actualTime":"2025-11-11T01:15:00.000","baggage":null,"delay":"40","estimatedRunway":"2025-11-11T01:15:00.000","estimatedTime":"2025-11-11T01:15:00.000","gate":null,"iataCode":"TIJ","icaoCode":"MMTJ","scheduledTime":"2025-11-11T00:35:00.000","terminal":null},"codeshared":{"airline":{"iataCode":"am","icaoCode":"amx","name":"aeromexico"},"flight":{"iataNumber":"am192","icaoNumber":"amx192","number":"192"}},"departure":{"actualRunway":"2025-11-11T00:10:00.000","actualTime":"2025-11-11T00:10:00.000","baggage":null,"delay":"85","estimatedRunway":"2025-11-11T00:10:00.000","estimatedTime":"2025-11-10T23:17:00.000","gate":"R2","iataCode":"MEX","icaoCode":"MMMX","scheduledTime":"2025-11-10T22:45:00.000","terminal":"2"},"flight":{"iataNumber":"WS5780","icaoNumber":"WJA5780","number":"5780"},"status":"landed","type":"arrival"},{"aircraft":{"icao24":"0D0E1E","icaoCode":"B39M","regNumber":"XA-MKJ"},"airline":{"iataCode":"AM","icaoCode":"AMX","name":"Aeromexico"},"arrival":{"actualRunway":"2025-11-11T01:15:00.000","actualTime":"2025-11-11T01:15:00.000","baggage":null,"delay":"40","estimatedRunway":"2025-11-11T01:15:00.000","estimatedTime":"2025-11-11T01:15:00.000","gate":null,"iataCode":"TIJ","icaoCode":"MMTJ","scheduledTime":"2025-11-11T00:35:00.000","terminal":null},"codeshared":null,"departure":{"actualRunway":"2025-11-11T00:10:00.000","actualTime":"2025-11-11T00:10:00.000","baggage":null,"delay":"85","estimatedRunway":"2025-11-11T00:10:00.000","estimatedTime":"2025-11-10T23:17:00.000","gate":"R2","iataCode":"MEX","icaoCode":"MMMX","scheduledTime":"2025-11-10T22:45:00.000","terminal":"2"},"flight":{"iataNumber":"AM192","icaoNumber":"AMX192","number":"192"},"status":"landed","type":"arrival"},{"aircraft":{"icao24":"0D0F00","icaoCode":"A21N","regNumber":"XA-VSX"},"airline":{"iataCode":"Y4","icaoCode":"VOI","name":"Volaris"},"arrival":{"actualRunway":null,"actualTime":null,"baggage":null,"delay":null,"estimatedRunway":null,"estimatedTime":null,"gate":null,"iataCode":"TIJ","icaoCode":"MMTJ","scheduledTime":"2025-11-11T00:48:00.000","terminal":null},"codeshared":null,"departure":{"actualRunway":null,"actualTime":null,"baggage":null,"delay":null,"estimatedRunway":null,"estimatedTime":"2025-11-10T23:46:00.000","gate":"C36","iataCode":"GDL","icaoCode":"MMGL","scheduledTime":"2025-11-10T23:46:00.000","terminal":"1"},"flight":{"iataNumber":"Y41010","icaoNumber":"VOI1010","number":"1010"},"status":"cancelled","type":"arrival"},{"aircraft":{"icao24":"0D0F14","icaoCode":"A21N","regNumber":"XA-VUA"},"airline":{"iataCode":"Y4","icaoCode":"VOI","name":"Volaris"},"arrival":{"actualRunway":null,"actualTime":null,"baggage":null,"delay":null,"estimatedRunway":null,"estimatedTime":null,"gate":null,"iataCode":"TIJ","icaoCode":"MMTJ","scheduledTime":"2025-11-11T00:51:00.000","terminal":null},"codeshared":null,"departure":{"actualRunway":null,"actualTime":null,"baggage":null,"delay":null,"estimatedRunway":null,"estimatedTime":"2025-11-10T23:19:00.000","gate":"110A","iataCode":"NLU","icaoCode":"MMSM","scheduledTime":"2025-11-10T23:19:00.000","terminal":null},"flight":{"iataNumber":"Y43297","icaoNumber":"VOI3297","number":"3297"},"status":"cancelled","type":"arrival"},{"aircraft":{"icao24":"0D11E6","icaoCode":"A21N","regNumber":"XA-VXX"},"airline":{"iataCode":"VB","icaoCode":"VIV","name":"VivaAerobus"},"arrival":{"actualRunway":null,"actualTime":null,"baggage":null,"delay":"146","estimatedRunway":null,"estimatedTime":"2025-11-11T03:46:00.000","gate":null,"iataCode":"TIJ","icaoCode":"MMTJ","scheduledTime":"2025-11-11T01:20:00.000","terminal":null},"codeshared":null,"departure":{"actualRunway":"2025-11-11T03:08:00.000","actualTime":"2025-11-11T03:08:00.000","baggage":null,"delay":"168","estimatedRunway":"2025-11-11T03:08:00.000","estimatedTime":"2025-11-11T00:30:00.000","gate":null,"iataCode":"GDL","icaoCode":"MMGL","scheduledTime":"2025-11-11T00:20:00.000","terminal":"1"},"flight":{"iataNumber":"VB3118","icaoNumber":"VIV3118","number":"3118"},"status":"scheduled","type":"arrival"},{"aircraft":{"icao24":"0D0DA8","icaoCode":"A20N","regNumber":"XA-VSF"},"airline":{"iataCode":"Y4","icaoCode":"VOI","name":"Volaris"},"arrival":{"actualRunway":null,"actualTime":null,"baggage":null,"delay":null,"estimatedRunway":null,"estimatedTime":null,"gate":null,"iataCode":"TIJ","icaoCode":"MMTJ","scheduledTime":"2025-11-11T06:29:00.000","terminal":null},"codeshared":null,"departure":{"actualRunway":null,"actualTime":null,"baggage":null,"delay":"192","estimatedRunway":null,"estimatedTime":"2025-11-11T08:39:00.000","gate":"D44","iataCode":"GDL","icaoCode":"MMGL","scheduledTime":"2025-11-11T05:27:00.000","terminal":"1"},"flight":{"iataNumber":"Y41002","icaoNumber":"VOI1002","number":"1002"},"status":"scheduled","type":"arrival"},{"aircraft":{"icao24":"78105B","icaoCode":"B789","regNumber":"B-1540"},"airline":{"iataCode":"HU","icaoCode":"CHH","name":"Hainan Airlines"},"arrival":{"actualRunway":null,"actualTime":null,"baggage":null,"delay":"90","estimatedRunway":null,"estimatedTime":"2025-11-11T08:00:00.000","gate":null,"iataCode":"TIJ","icaoCode":"MMTJ","scheduledTime":"2025-11-11T06:30:00.000","terminal":null},"codeshared":null,"departure":{"actualRunway":"2025-11-11T07:03:00.000","actualTime":"2025-11-11T07:03:00.000","baggage":null,"delay":"109","estimatedRunway":"2025-11-11T07:03:00.000","estimatedTime":"2025-11-11T06:45:00.000","gate":"F1","iataCode":"MEX","icaoCode":"MMMX","scheduledTime":"2025-11-11T05:15:00.000","terminal":"1"},"flight":{"iataNumber":"HU7926","icaoNumber":"CHH7926","number":"7926"},"status":"scheduled","type":"arrival"},{"aircraft":{"icao24":"0D09B1","icaoCode":"A320","regNumber":"XA-VAV"},"airline":{"iataCode":"IB","icaoCode":"IBE","name":"Iberia"},"arrival":{"actualRunway":"2025-11-11T06:28:00.000","actualTime":"2025-11-11T06:28:00.000","baggage":null,"delay":null,"estimatedRunway":"2025-11-11T06:28:00.000","estimatedTime":"2025-11-11T06:28:00.000","gate":null,"iataCode":"TIJ","icaoCode":"MMTJ","scheduledTime":"2025-11-11T06:35:00.000","terminal":null},"codeshared":{"airline":{"iataCode":"vb","icaoCode":"viv","name":"vivaaerobus"},"flight":{"iataNumber":"vb1232","icaoNumber":"viv1232","number":"1232"}},"departure":{"actualRunway":"2025-11-11T05:18:00.000","actualTime":"2025-11-11T05:18:00.000","baggage":null,"delay":"19","estimatedRunway":"2025-11-11T05:18:00.000","estimatedTime":"2025-11-11T05:00:00.000","gate":"19","iataCode":"MEX","icaoCode":"MMMX","scheduledTime":"2025-11-11T05:00:00.000","terminal":"1"},"flight":{"iataNumber":"IB7499","icaoNumber":"IBE7499","number":"7499"},"status":"landed","type":"arrival"},{"aircraft":{"icao24":"0D09B1","icaoCode":"A320","regNumber":"XA-VAV"},"airline":{"iataCode":"VB","icaoCode":"VIV","name":"VivaAerobus"},"arrival":{"actualRunway":"2025-11-11T06:28:00.000","actualTime":"2025-11-11T06:28:00.000","baggage":null,"delay":null,"estimatedRunway":"2025-11-11T06:28:00.000","estimatedTime":"2025-11-11T06:28:00.000","gate":null,"iataCode":"TIJ","icaoCode":"MMTJ","scheduledTime":"2025-11-11T06:35:00.000","terminal":null},"codeshared":null,"departure":{"actualRunway":"2025-11-11T05:18:00.000","actualTime":"2025-11-11T05:18:00.000","baggage":null,"delay":"19","estimatedRunway":"2025-11-11T05:18:00.000","estimatedTime":"2025-11-11T05:00:00.000","gate":"19","iataCode":"MEX","icaoCode":"MMMX","scheduledTime":"2025-11-11T05:00:00.000","terminal":"1"},"flight":{"iataNumber":"VB1232","icaoNumber":"VIV1232","number":"1232"},"status":"landed","type":"arrival"},{"aircraft":{"icao24":"0D0AC8","icaoCode":"A320","regNumber":"XA-VAY"},"airline":{"iataCode":"VB","icaoCode":"VIV","name":"VivaAerobus"},"arrival":{"actualRunway":null,"actualTime":null,"baggage":null,"delay":"42","estimatedRunway":null,"estimatedTime":"2025-11-11T07:47:00.000","gate":null,"iataCode":"TIJ","icaoCode":"MMTJ","scheduledTime":"2025-11-11T07:05:00.000","terminal":null},"codeshared":null,"departure":{"actualRunway":"2025-11-11T07:08:00.000","actualTime":"2025-11-11T07:08:00.000","baggage":null,"delay":"68","estimatedRunway":"2025-11-11T07:08:00.000","estimatedTime":"2025-11-11T06:10:00.000","gate":null,"iataCode":"GDL","icaoCode":"MMGL","scheduledTime":"2025-11-11T06:00:00.000","terminal":"1"},"flight":{"iataNumber":"VB3114","icaoNumber":"VIV3114","number":"3114"},"status":"scheduled","type":"arrival"},{"aircraft":{"icao24":"0D0A18","icaoCode":"A321","regNumber":"XA-VRC"},"airline":{"iataCode":"Y4","icaoCode":"VOI","name":"Volaris"},"arrival":{"actualRunway":null,"actualTime":null,"baggage":null,"delay":"111","estimatedRunway":null,"estimatedTime":"2025-11-11T09:06:00.000","gate":null,"iataCode":"TIJ","icaoCode":"MMTJ","scheduledTime":"2025-11-11T07:15:00.000","terminal":null},"codeshared":null,"departure":{"actualRunway":"2025-11-11T07:59:00.000","actualTime":"2025-11-11T07:59:00.000","baggage":null,"delay":"150","estimatedRunway":"2025-11-11T07:59:00.000","estimatedTime":"2025-11-11T07:30:00.000","gate":"12","iataCode":"MEX","icaoCode":"MMMX","scheduledTime":"2025-11-11T05:30:00.000","terminal":"1"},"flight":{"iataNumber":"Y4180","icaoNumber":"VOI180","number":"180"},"status":"scheduled","type":"arrival"},{"aircraft":{"icao24":"E80046","icaoCode":"A20N","regNumber":"CC-DBL"},"airline":{"iataCode":"H2","icaoCode":"SKU","name":"Sky Airline"},"arrival":{"actualRunway":null,"actualTime":null,"baggage":null,"delay":"7","estimatedRunway":null,"estimatedTime":"2025-11-11T07:36:00.000","gate":null,"iataCode":"TIJ","icaoCode":"MMTJ","scheduledTime":"2025-11-11T07:30:00.000","terminal":null},"codeshared":null,"departure":{"actualRunway":"2025-11-11T07:11:00.000","actualTime":"2025-11-11T07:11:00.000","baggage":null,"delay":"41","estimatedRunway":"2025-11-11T07:11:00.000","estimatedTime":"2025-11-11T07:00:00.000","gate":null,"iataCode":"MTY","icaoCode":"MMMY","scheduledTime":"2025-11-11T06:30:00.000","terminal":"C"},"flight":{"iataNumber":"H24080","icaoNumber":"SKU4080","number":"4080"},"status":"active","type":"arrival"},{"aircraft":{"icao24":"A6A4D5","icaoCode":"A320","regNumber":"N527VL"},"airline":{"iataCode":"Y4","icaoCode":"VOI","name":"Volaris"},"arrival":{"actualRunway":null,"actualTime":null,"baggage":null,"delay":"100","estimatedRunway":null,"estimatedTime":"2025-11-11T09:10:00.000","gate":null,"iataCode":"TIJ","icaoCode":"MMTJ","scheduledTime":"2025-11-11T07:30:00.000","terminal":null},"codeshared":null,"departure":{"actualRunway":"2025-11-11T08:32:00.000","actualTime":"2025-11-11T08:32:00.000","baggage":null,"delay":"125","estimatedRunway":"2025-11-11T08:32:00.000","estimatedTime":"2025-11-11T08:34:00.000","gate":"D41","iataCode":"GDL","icaoCode":"MMGL","scheduledTime":"2025-11-11T06:28:00.000","terminal":"1"},"flight":{"iataNumber":"Y41004","icaoNumber":"VOI1004","number":"1004"},"status":"scheduled","type":"arrival"},{"aircraft":{"icao24":"0D08FD","icaoCode":"A320","regNumber":"XA-VLK"},"airline":{"iataCode":"Y4","icaoCode":"VOI","name":"Volaris"},"arrival":{"actualRunway":null,"actualTime":null,"baggage":null,"delay":"93","estimatedRunway":null,"estimatedTime":"2025-11-11T09:12:00.000","gate":null,"iataCode":"TIJ","icaoCode":"MMTJ","scheduledTime":"2025-11-11T07:40:00.000","terminal":null},"codeshared":null,"departure":{"actualRunway":"2025-11-11T08:13:00.000","actualTime":"2025-11-11T08:13:00.000","baggage":null,"delay":"115","estimatedRunway":"2025-11-11T08:13:00.000","estimatedTime":"2025-11-11T08:04:00.000","gate":"A5","iataCode":"QRO","icaoCode":"MMQT","scheduledTime":"2025-11-11T06:18:00.000","terminal":null},"flight":{"iataNumber":"Y43352","icaoNumber":"VOI3352","number":"3352"},"status":"scheduled","type":"arrival"},{"aircraft":{"icao24":"0D0DF1","icaoCode":"A321","regNumber":"XA-VBV"},"airline":{"iataCode":"VB","icaoCode":"VIV","name":"VivaAerobus"},"arrival":{"actualRunway":null,"actualTime":null,"baggage":null,"delay":"32","estimatedRunway":null,"estimatedTime":"2025-11-11T08:17:00.000","gate":null,"iataCode":"TIJ","icaoCode":"MMTJ","scheduledTime":"2025-11-11T07:45:00.000","terminal":null},"codeshared":null,"departure":{"actualRunway":"2025-11-11T07:13:00.000","actualTime":"2025-11-11T07:13:00.000","baggage":null,"delay":"59","estimatedRunway":"2025-11-11T07:13:00.000","estimatedTime":"2025-11-11T06:25:00.000","gate":null,"iataCode":"NLU","icaoCode":"MMSM","scheduledTime":"2025-11-11T06:15:00.000","terminal":null},"flight":{"iataNumber":"VB5069","icaoNumber":"VIV5069","number":"5069"},"status":"scheduled","type":"arrival"},{"aircraft":{"icao24":"0D1140","icaoCode":"A21N","regNumber":"XA-VUX"},"airline":{"iataCode":"Y4","icaoCode":"VOI","name":"Volaris"},"arrival":{"actualRunway":null,"actualTime":null,"baggage":null,"delay":"43","estimatedRunway":null,"estimatedTime":"2025-11-11T08:40:00.000","gate":null,"iataCode":"TIJ","icaoCode":"MMTJ","scheduledTime":"2025-11-11T07:58:00.000","terminal":null},"codeshared":null,"departure":{"actualRunway":"2025-11-11T08:07:00.000","actualTime":"2025-11-11T08:07:00.000","baggage":null,"delay":"68","estimatedRunway":"2025-11-11T08:07:00.000","estimatedTime":"2025-11-11T08:05:00.000","gate":"1","iataCode":"AGU","icaoCode":"MMAS","scheduledTime":"2025-11-11T07:00:00.000","terminal":null},"flight":{"iataNumber":"Y43201","icaoNumber":"VOI3201","number":"3201"},"status":"scheduled","type":"arrival"},{"aircraft":{"icao24":"0D0924","icaoCode":"A320","regNumber":"XA-VAJ"},"airline":{"iataCode":"VB","icaoCode":"VIV","name":"VivaAerobus"},"arrival":{"actualRunway":null,"actualTime":null,"baggage":null,"delay":null,"estimatedRunway":null,"estimatedTime":"2025-11-11T07:49:00.000","gate":null,"iataCode":"TIJ","icaoCode":"MMTJ","scheduledTime":"2025-11-11T08:00:00.000","terminal":null},"codeshared":null,"departure":{"actualRunway":"2025-11-11T07:05:00.000","actualTime":"2025-11-11T07:05:00.000","baggage":null,"delay":"16","estimatedRunway":"2025-11-11T07:05:00.000","estimatedTime":"2025-11-11T07:00:00.000","gate":null,"iataCode":"BJX","icaoCode":"MMLO","scheduledTime":"2025-11-11T06:50:00.000","terminal":null},"flight":{"iataNumber":"VB5025","icaoNumber":"VIV5025","number":"5025"},"status":"active","type":"arrival"},{"aircraft":{"icao24":"A6598E","icaoCode":"A320","regNumber":"N508VL"},"airline":{"iataCode":"Y4","icaoCode":"VOI","name":"Volaris"},"arrival":{"actualRunway":null,"actualTime":null,"baggage":null,"delay":null,"estimatedRunway":null,"estimatedTime":null,"gate":null,"iataCode":"TIJ","icaoCode":"MMTJ","scheduledTime":"2025-11-11T08:08:00.000","terminal":null},"codeshared":null,"departure":{"actualRunway":null,"actualTime":null,"baggage":null,"delay":"61","estimatedRunway":null,"estimatedTime":"2025-11-11T08:38:00.000","gate":"2","iataCode":"DGO","icaoCode":"MMDO","scheduledTime":"2025-11-11T07:37:00.000","terminal":null},"flight":{"iataNumber":"Y43251","icaoNumber":"VOI3251","number":"3251"},"status":"scheduled","type":"arrival"},{"aircraft":{"icao24":"A695F9","icaoCode":"A320","regNumber":"N523VL"},"airline":{"iataCode":"Y4","icaoCode":"VOI","name":"Volaris"},"arrival":{"actualRunway":null,"actualTime":null,"baggage":null,"delay":"35","estimatedRunway":null,"estimatedTime":"2025-11-11T08:44:00.000","gate":null,"iataCode":"TIJ","icaoCode":"MMTJ","scheduledTime":"2025-11-11T08:10:00.000","terminal":null},"codeshared":null,"departure":{"actualRunway":"2025-11-11T08:03:00.000","actualTime":"2025-11-11T08:03:00.000","baggage":null,"delay":"63","estimatedRunway":"2025-11-11T08:03:00.000","estimatedTime":"2025-11-11T08:05:00.000","gate":"5","iataCode":"BJX","icaoCode":"MMLO","scheduledTime":"2025-11-11T07:00:00.000","terminal":null},"flight":{"iataNumber":"Y43045","icaoNumber":"VOI3045","number":"3045"},"status":"scheduled","type":"arrival"},{"aircraft":{"icao24":"0D1079","icaoCode":"A21N","regNumber":"XA-VUN"},"airline":{"iataCode":"Y4","icaoCode":"VOI","name":"Volaris"},"arrival":{"actualRunway":null,"actualTime":null,"baggage":null,"delay":"46","estimatedRunway":null,"estimatedTime":"2025-11-11T08:57:00.000","gate":null,"iataCode":"TIJ","icaoCode":"MMTJ","scheduledTime":"2025-11-11T08:12:00.000","terminal":null},"codeshared":null,"departure":{"actualRunway":"2025-11-11T08:31:00.000","actualTime":"2025-11-11T08:31:00.000","baggage":null,"delay":"72","estimatedRunway":"2025-11-11T08:31:00.000","estimatedTime":"2025-11-11T08:33:00.000","gate":"3","iataCode":"ZCL","icaoCode":"MMZC","scheduledTime":"2025-11-11T07:20:00.000","terminal":null},"flight":{"iataNumber":"Y43211","icaoNumber":"VOI3211","number":"3211"},"status":"scheduled","type":"arrival"},{"aircraft":{"icao24":"","icaoCode":"CVLT","regNumber":""},"airline":{"iataCode":"","icaoCode":"","name":"empty"},"arrival":{"actualRunway":null,"actualTime":null,"baggage":null,"delay":null,"estimatedRunway":null,"estimatedTime":null,"gate":null,"iataCode":"TIJ","icaoCode":"MMTJ","scheduledTime":"2025-11-11T08:17:00.000","terminal":null},"codeshared":null,"departure":{"actualRunway":null,"actualTime":null,"baggage":null,"delay":"21","estimatedRunway":null,"estimatedTime":"2025-11-11T07:51:00.000","gate":null,"iataCode":"ONT","icaoCode":"KONT","scheduledTime":"2025-11-11T07:30:00.000","terminal":null},"flight":{"iataNumber":"","icaoNumber":"","number":null},"status":"scheduled","type":"arrival"},{"aircraft":{"icao24":"0D0E5A","icaoCode":"A21N","regNumber":"XA-VXE"},"airline":{"iataCode":"VB","icaoCode":"VIV","name":"VivaAerobus"},"arrival":{"actualRunway":null,"actualTime":null,"baggage":null,"delay":null,"estimatedRunway":null,"estimatedTime":"2025-11-11T08:19:00.000","gate":null,"iataCode":"TIJ","icaoCode":"MMTJ","scheduledTime":"2025-11-11T08:20:00.000","terminal":null},"codeshared":null,"departure":{"actualRunway":"2025-11-11T07:28:00.000","actualTime":"2025-11-11T07:28:00.000","baggage":null,"delay":"24","estimatedRunway":"2025-11-11T07:28:00.000","estimatedTime":"2025-11-11T07:15:00.000","gate":null,"iataCode":"MLM","icaoCode":"MMMM","scheduledTime":"2025-11-11T07:05:00.000","terminal":null},"flight":{"iataNumber":"VB5019","icaoNumber":"VIV5019","number":"5019"},"status":"active","type":"arrival"},{"aircraft":{"icao24":"0D0D36","icaoCode":"A20N","regNumber":"XA-VRY"},"airline":{"iataCode":"Y4","icaoCode":"VOI","name":"Volaris"},"arrival":{"actualRunway":null,"actualTime":null,"baggage":null,"delay":"54","estimatedRunway":null,"estimatedTime":"2025-11-11T09:14:00.000","gate":null,"iataCode":"TIJ","icaoCode":"MMTJ","scheduledTime":"2025-11-11T08:21:00.000","terminal":null},"codeshared":null,"departure":{"actualRunway":"2025-11-11T08:21:00.000","actualTime":"2025-11-11T08:21:00.000","baggage":null,"delay":"79","estimatedRunway":"2025-11-11T08:21:00.000","estimatedTime":"2025-11-11T08:02:00.000","gate":"3","iataCode":"MLM","icaoCode":"MMMM","scheduledTime":"2025-11-11T07:02:00.000","terminal":null},"flight":{"iataNumber":"Y43063","icaoNumber":"VOI3063","number":"3063"},"status":"scheduled","type":"arrival"},{"aircraft":{"icao24":"","icaoCode":"AT76","regNumber":""},"airline":{"iataCode":"IF","icaoCode":"TSU","name":"Gulf and Caribbean Cargo"},"arrival":{"actualRunway":null,"actualTime":null,"baggage":null,"delay":null,"estimatedRunway":null,"estimatedTime":null,"gate":null,"iataCode":"TIJ","icaoCode":"MMTJ","scheduledTime":"2025-11-11T08:26:00.000","terminal":null},"codeshared":null,"departure":{"actualRunway":null,"actualTime":null,"baggage":null,"delay":"14","estimatedRunway":null,"estimatedTime":"2025-11-11T08:14:00.000","gate":null,"iataCode":"SAN","icaoCode":"KSAN","scheduledTime":"2025-11-11T08:00:00.000","terminal":null},"flight":{"iataNumber":"IF8122","icaoNumber":"TSU8122","number":"8122"},"status":"scheduled","type":"arrival"},{"aircraft":{"icao24":"A6CC54","icaoCode":"A21N","regNumber":"N537VL"},"airline":{"iataCode":"Y4","icaoCode":"VOI","name":"Volaris"},"arrival":{"actualRunway":null,"actualTime":null,"baggage":null,"delay":null,"estimatedRunway":null,"estimatedTime":null,"gate":null,"iataCode":"TIJ","icaoCode":"MMTJ","scheduledTime":"2025-11-11T08:32:00.000","terminal":null},"codeshared":null,"departure":{"actualRunway":null,"actualTime":null,"baggage":null,"delay":"60","estimatedRunway":null,"estimatedTime":"2025-11-11T08:30:00.000","gate":"D46","iataCode":"GDL","icaoCode":"MMGL","scheduledTime":"2025-11-11T07:30:00.000","terminal":"1"},"flight":{"iataNumber":"Y41000","icaoNumber":"VOI1000","number":"1000"},"status":"scheduled","type":"arrival"},{"aircraft":{"icao24":"0D0710","icaoCode":"B738","regNumber":"XA-AMJ"},"airline":{"iataCode":"AF","icaoCode":"AFR","name":"Air France"},"arrival":{"actualRunway":null,"actualTime":null,"baggage":null,"delay":null,"estimatedRunway":null,"estimatedTime":"2025-11-11T08:14:00.000","gate":"3","iataCode":"TIJ","icaoCode":"MMTJ","scheduledTime":"2025-11-11T08:33:00.000","terminal":null},"codeshared":{"airline":{"iataCode":"am","icaoCode":"amx","name":"aeromexico"},"flight":{"iataNumber":"am110","icaoNumber":"amx110","number":"110"}},"departure":{"actualRunway":"2025-11-11T07:08:00.000","actualTime":"2025-11-11T07:08:00.000","baggage":null,"delay":"39","estimatedRunway":"2025-11-11T07:08:00.000","estimatedTime":"2025-11-11T06:34:00.000","gate":"R2","iataCode":"MEX","icaoCode":"MMMX","scheduledTime":"2025-11-11T06:30:00.000","terminal":"2"},"flight":{"iataNumber":"AF8149","icaoNumber":"AFR8149","number":"8149"},"status":"active","type":"arrival"},{"aircraft":{"icao24":"0D0710","icaoCode":"B738","regNumber":"XA-AMJ"},"airline":{"iataCode":"KL","icaoCode":"KLM","name":"KLM"},"arrival":{"actualRunway":null,"actualTime":null,"baggage":null,"delay":null,"estimatedRunway":null,"estimatedTime":"2025-11-11T08:14:00.000","gate":"3","iataCode":"TIJ","icaoCode":"MMTJ","scheduledTime":"2025-11-11T08:33:00.000","terminal":null},"codeshared":{"airline":{"iataCode":"am","icaoCode":"amx","name":"aeromexico"},"flight":{"iataNumber":"am110","icaoNumber":"amx110","number":"110"}},"departure":{"actualRunway":"2025-11-11T07:08:00.000","actualTime":"2025-11-11T07:08:00.000","baggage":null,"delay":"39","estimatedRunway":"2025-11-11T07:08:00.000","estimatedTime":"2025-11-11T06:34:00.000","gate":"R2","iataCode":"MEX","icaoCode":"MMMX","scheduledTime":"2025-11-11T06:30:00.000","terminal":"2"},"flight":{"iataNumber":"KL8940","icaoNumber":"KLM8940","number":"8940"},"status":"active","type":"arrival"},{"aircraft":{"icao24":"0D0710","icaoCode":"B738","regNumber":"XA-AMJ"},"airline":{"iataCode":"WS","icaoCode":"WJA","name":"WestJet"},"arrival":{"actualRunway":null,"actualTime":null,"baggage":null,"delay":null,"estimatedRunway":null,"estimatedTime":"2025-11-11T08:14:00.000","gate":"3","iataCode":"TIJ","icaoCode":"MMTJ","scheduledTime":"2025-11-11T08:33:00.000","terminal":null},"codeshared":{"airline":{"iataCode":"am","icaoCode":"amx","name":"aeromexico"},"flight":{"iataNumber":"am110","icaoNumber":"amx110","number":"110"}},"departure":{"actualRunway":"2025-11-11T07:08:00.000","actualTime":"2025-11-11T07:08:00.000","baggage":null,"delay":"39","estimatedRunway":"2025-11-11T07:08:00.000","estimatedTime":"2025-11-11T06:34:00.000","gate":"R2","iataCode":"MEX","icaoCode":"MMMX","scheduledTime":"2025-11-11T06:30:00.000","terminal":"2"},"flight":{"iataNumber":"WS5789","icaoNumber":"WJA5789","number":"5789"},"status":"active","type":"arrival"},{"aircraft":{"icao24":"0D0710","icaoCode":"B738","regNumber":"XA-AMJ"},"airline":{"iataCode":"AM","icaoCode":"AMX","name":"Aeromexico"},"arrival":{"actualRunway":null,"actualTime":null,"baggage":null,"delay":null,"estimatedRunway":null,"estimatedTime":"2025-11-11T08:14:00.000","gate":"3","iataCode":"TIJ","icaoCode":"MMTJ","scheduledTime":"2025-11-11T08:33:00.000","terminal":null},"codeshared":null,"departure":{"actualRunway":"2025-11-11T07:08:00.000","actualTime":"2025-11-11T07:08:00.000","baggage":null,"delay":"39","estimatedRunway":"2025-11-11T07:08:00.000","estimatedTime":"2025-11-11T06:34:00.000","gate":"R2","iataCode":"MEX","icaoCode":"MMMX","scheduledTime":"2025-11-11T06:30:00.000","terminal":"2"},"flight":{"iataNumber":"AM110","icaoNumber":"AMX110","number":"110"},"status":"active","type":"arrival"},{"aircraft":{"icao24":"0D09BD","icaoCode":"A320","regNumber":"XA-VLS"},"airline":{"iataCode":"Y4","icaoCode":"VOI","name":"Volaris"},"arrival":{"actualRunway":null,"actualTime":null,"baggage":null,"delay":null,"estimatedRunway":null,"estimatedTime":null,"gate":null,"iataCode":"TIJ","icaoCode":"MMTJ","scheduledTime":"2025-11-11T09:01:00.000","terminal":null},"codeshared":null,"departure":{"actualRunway":null,"actualTime":null,"baggage":null,"delay":"96","estimatedRunway":null,"estimatedTime":"2025-11-11T08:36:00.000","gate":"12","iataCode":"OAX","icaoCode":"MMOX","scheduledTime":"2025-11-11T07:00:00.000","terminal":null},"flight":{"iataNumber":"Y43141","icaoNumber":"VOI3141","number":"3141"},"status":"scheduled","type":"arrival"},{"aircraft":{"icao24":"0D0CB1","icaoCode":"A20N","regNumber":"XA-VRQ"},"airline":{"iataCode":"Y4","icaoCode":"VOI","name":"Volaris"},"arrival":{"actualRunway":null,"actualTime":null,"baggage":null,"delay":null,"estimatedRunway":null,"estimatedTime":"2025-11-11T08:53:00.000","gate":null,"iataCode":"TIJ","icaoCode":"MMTJ","scheduledTime":"2025-11-11T09:19:00.000","terminal":null},"codeshared":null,"departure":{"actualRunway":"2025-11-11T07:58:00.000","actualTime":"2025-11-11T07:58:00.000","baggage":null,"delay":null,"estimatedRunway":"2025-11-11T07:58:00.000","estimatedTime":"2025-11-11T08:00:00.000","gate":"2","iataCode":"MLM","icaoCode":"MMMM","scheduledTime":"2025-11-11T08:00:00.000","terminal":null},"flight":{"iataNumber":"Y45907","icaoNumber":"VOI5907","number":"5907"},"status":"active","type":"arrival"},{"aircraft":{"icao24":"","icaoCode":"A320","regNumber":""},"airline":{"iataCode":"Y4","icaoCode":"VOI","name":"Volaris"},"arrival":{"actualRunway":null,"actualTime":null,"baggage":null,"delay":null,"estimatedRunway":null,"estimatedTime":null,"gate":null,"iataCode":"TIJ","icaoCode":"MMTJ","scheduledTime":"2025-11-11T09:22:00.000","terminal":null},"codeshared":null,"departure":{"actualRunway":null,"actualTime":null,"baggage":null,"delay":"10","estimatedRunway":null,"estimatedTime":"2025-11-11T09:33:00.000","gate":null,"iataCode":"CJS","icaoCode":"MMCS","scheduledTime":"2025-11-11T09:23:00.000","terminal":null},"flight":{"iataNumber":"Y43281","icaoNumber":"VOI3281","number":"3281"},"status":"cancelled","type":"arrival"},{"aircraft":{"icao24":"0D0F5F","icaoCode":"A320","regNumber":"XA-VYF"},"airline":{"iataCode":"VB","icaoCode":"VIV","name":"VivaAerobus"},"arrival":{"actualRunway":null,"actualTime":null,"baggage":null,"delay":null,"estimatedRunway":null,"estimatedTime":null,"gate":null,"iataCode":"TIJ","icaoCode":"MMTJ","scheduledTime":"2025-11-11T09:30:00.000","terminal":null},"codeshared":null,"departure":{"actualRunway":null,"actualTime":null,"baggage":null,"delay":"10","estimatedRunway":null,"estimatedTime":"2025-11-11T08:35:00.000","gate":null,"iataCode":"GDL","icaoCode":"MMGL","scheduledTime":"2025-11-11T08:25:00.000","terminal":"1"},"flight":{"iataNumber":"VB3120","icaoNumber":"VIV3120","number":"3120"},"status":"scheduled","type":"arrival"},{"aircraft":{"icao24":"0D118C","icaoCode":"A320","regNumber":"XA-VDJ"},"airline":{"iataCode":"VB","icaoCode":"VIV","name":"VivaAerobus"},"arrival":{"actualRunway":null,"actualTime":null,"baggage":null,"delay":null,"estimatedRunway":null,"estimatedTime":"2025-11-11T09:04:00.000","gate":null,"iataCode":"TIJ","icaoCode":"MMTJ","scheduledTime":"2025-11-11T09:30:00.000","terminal":null},"codeshared":null,"departure":{"actualRunway":"2025-11-11T07:35:00.000","actualTime":"2025-11-11T07:35:00.000","baggage":null,"delay":"6","estimatedRunway":"2025-11-11T07:35:00.000","estimatedTime":"2025-11-11T07:40:00.000","gate":null,"iataCode":"OAX","icaoCode":"MMOX","scheduledTime":"2025-11-11T07:30:00.000","terminal":null},"flight":{"iataNumber":"VB5075","icaoNumber":"VIV5075","number":"5075"},"status":"active","type":"arrival"},{"aircraft":{"icao24":"0D08EB","icaoCode":"A321","regNumber":"XA-VLH"},"airline":{"iataCode":"Y4","icaoCode":"VOI","name":"Volaris"},"arrival":{"actualRunway":null,"actualTime":null,"baggage":null,"delay":null,"estimatedRunway":null,"estimatedTime":null,"gate":null,"iataCode":"TIJ","icaoCode":"MMTJ","scheduledTime":"2025-11-11T09:31:00.000","terminal":null},"codeshared":null,"departure":{"actualRunway":null,"actualTime":null,"baggage":null,"delay":null,"estimatedRunway":null,"estimatedTime":"2025-11-11T08:32:00.000","gate":"5","iataCode":"LAP","icaoCode":"MMLP","scheduledTime":"2025-11-11T08:32:00.000","terminal":null},"flight":{"iataNumber":"Y43231","icaoNumber":"VOI3231","number":"3231"},"status":"scheduled","type":"arrival"},{"aircraft":{"icao24":"0D0E5E","icaoCode":"A21N","regNumber":"XA-VXF"},"airline":{"iataCode":"VB","icaoCode":"VIV","name":"VivaAerobus"},"arrival":{"actualRunway":null,"actualTime":null,"baggage":null,"delay":null,"estimatedRunway":null,"estimatedTime":"2025-11-11T09:38:00.000","gate":null,"iataCode":"TIJ","icaoCode":"MMTJ","scheduledTime":"2025-11-11T09:45:00.000","terminal":null},"codeshared":null,"departure":{"actualRunway":"2025-11-11T08:39:00.000","actualTime":"2025-11-11T08:39:00.000","baggage":null,"delay":"39","estimatedRunway":"2025-11-11T08:39:00.000","estimatedTime":"2025-11-11T08:10:00.000","gate":null,"iataCode":"VER","icaoCode":"MMVR","scheduledTime":"2025-11-11T08:00:00.000","terminal":null},"flight":{"iataNumber":"VB5141","icaoNumber":"VIV5141","number":"5141"},"status":"active","type":"arrival"},{"aircraft":{"icao24":"0D1140","icaoCode":"A21N","regNumber":"XA-VUX"},"airline":{"iataCode":"Y4","icaoCode":"VOI","name":"Volaris"},"arrival":{"actualRunway":null,"actualTime":null,"baggage":null,"delay":null,"estimatedRunway":null,"estimatedTime":null,"gate":null,"iataCode":"TIJ","icaoCode":"MMTJ","scheduledTime":"2025-11-11T10:01:00.000","terminal":null},"codeshared":null,"departure":{"actualRunway":null,"actualTime":null,"baggage":null,"delay":"183","estimatedRunway":null,"estimatedTime":"2025-11-11T12:38:00.000","gate":"6","iataCode":"HMO","icaoCode":"MMHO","scheduledTime":"2025-11-11T09:35:00.000","terminal":null},"flight":{"iataNumber":"Y43181","icaoNumber":"VOI3181","number":"3181"},"status":"scheduled","type":"arrival"},{"aircraft":{"icao24":"0D0AF7","icaoCode":"B38M","regNumber":"XA-MAO"},"airline":{"iataCode":"AF","icaoCode":"AFR","name":"Air France"},"arrival":{"actualRunway":null,"actualTime":null,"baggage":null,"delay":null,"estimatedRunway":null,"estimatedTime":null,"gate":"1","iataCode":"TIJ","icaoCode":"MMTJ","scheduledTime":"2025-11-11T10:05:00.000","terminal":null},"codeshared":{"airline":{"iataCode":"am","icaoCode":"amx","name":"aeromexico"},"flight":{"iataNumber":"am170","icaoNumber":"amx170","number":"170"}},"departure":{"actualRunway":null,"actualTime":null,"baggage":null,"delay":"2","estimatedRunway":null,"estimatedTime":"2025-11-11T08:07:00.000","gate":"S6","iataCode":"MEX","icaoCode":"MMMX","scheduledTime":"2025-11-11T08:05:00.000","terminal":"2"},"flight":{"iataNumber":"AF9961","icaoNumber":"AFR9961","number":"9961"},"status":"scheduled","type":"arrival"},{"aircraft":{"icao24":"0D0AF7","icaoCode":"B38M","regNumber":"XA-MAO"},"airline":{"iataCode":"AZ","icaoCode":"AZA","name":"Alitalia"},"arrival":{"actualRunway":null,"actualTime":null,"baggage":null,"delay":null,"estimatedRunway":null,"estimatedTime":null,"gate":"1","iataCode":"TIJ","icaoCode":"MMTJ","scheduledTime":"2025-11-11T10:05:00.000","terminal":null},"codeshared":{"airline":{"iataCode":"am","icaoCode":"amx","name":"aeromexico"},"flight":{"iataNumber":"am170","icaoNumber":"amx170","number":"170"}},"departure":{"actualRunway":null,"actualTime":null,"baggage":null,"delay":"2","estimatedRunway":null,"estimatedTime":"2025-11-11T08:07:00.000","gate":"S6","iataCode":"MEX","icaoCode":"MMMX","scheduledTime":"2025-11-11T08:05:00.000","terminal":"2"},"flight":{"iataNumber":"AZ6705","icaoNumber":"AZA6705","number":"6705"},"status":"scheduled","type":"arrival"},{"aircraft":{"icao24":"0D0AF7","icaoCode":"B38M","regNumber":"XA-MAO"},"airline":{"iataCode":"UX","icaoCode":"AEA","name":"Air Europa"},"arrival":{"actualRunway":null,"actualTime":null,"baggage":null,"delay":null,"estimatedRunway":null,"estimatedTime":null,"gate":"1","iataCode":"TIJ","icaoCode":"MMTJ","scheduledTime":"2025-11-11T10:05:00.000","terminal":null},"codeshared":{"airline":{"iataCode":"am","icaoCode":"amx","name":"aeromexico"},"flight":{"iataNumber":"am170","icaoNumber":"amx170","number":"170"}},"departure":{"actualRunway":null,"actualTime":null,"baggage":null,"delay":"2","estimatedRunway":null,"estimatedTime":"2025-11-11T08:07:00.000","gate":"S6","iataCode":"MEX","icaoCode":"MMMX","scheduledTime":"2025-11-11T08:05:00.000","terminal":"2"},"flight":{"iataNumber":"UX2513","icaoNumber":"AEA2513","number":"2513"},"status":"scheduled","type":"arrival"},{"aircraft":{"icao24":"0D0AF7","icaoCode":"B38M","regNumber":"XA-MAO"},"airline":{"iataCode":"AM","icaoCode":"AMX","name":"Aeromexico"},"arrival":{"actualRunway":null,"actualTime":null,"baggage":null,"delay":null,"estimatedRunway":null,"estimatedTime":null,"gate":"1","iataCode":"TIJ","icaoCode":"MMTJ","scheduledTime":"2025-11-11T10:05:00.000","terminal":null},"codeshared":null,"departure":{"actualRunway":null,"actualTime":null,"baggage":null,"delay":"2","estimatedRunway":null,"estimatedTime":"2025-11-11T08:07:00.000","gate":"S6","iataCode":"MEX","icaoCode":"MMMX","scheduledTime":"2025-11-11T08:05:00.000","terminal":"2"},"flight":{"iataNumber":"AM170","icaoNumber":"AMX170","number":"170"},"status":"scheduled","type":"arrival"},{"aircraft":{"icao24":"0D08FD","icaoCode":"A320","regNumber":"XA-VLK"},"airline":{"iataCode":"Y4","icaoCode":"VOI","name":"Volaris"},"arrival":{"actualRunway":null,"actualTime":null,"baggage":null,"delay":null,"estimatedRunway":null,"estimatedTime":null,"gate":null,"iataCode":"TIJ","icaoCode":"MMTJ","scheduledTime":"2025-11-11T10:52:00.000","terminal":null},"codeshared":null,"departure":{"actualRunway":null,"actualTime":null,"baggage":null,"delay":"210","estimatedRunway":null,"estimatedTime":"2025-11-11T13:11:00.000","gate":null,"iataCode":"CUL","icaoCode":"MMCL","scheduledTime":"2025-11-11T09:41:00.000","terminal":null},"flight":{"iataNumber":"Y43001","icaoNumber":"VOI3001","number":"3001"},"status":"scheduled","type":"arrival"},{"aircraft":{"icao24":"","icaoCode":"A20N","regNumber":""},"airline":{"iataCode":"Y4","icaoCode":"VOI","name":"Volaris"},"arrival":{"actualRunway":null,"actualTime":null,"baggage":null,"delay":null,"estimatedRunway":null,"estimatedTime":null,"gate":null,"iataCode":"TIJ","icaoCode":"MMTJ","scheduledTime":"2025-11-11T10:55:00.000","terminal":null},"codeshared":null,"departure":{"actualRunway":null,"actualTime":null,"baggage":null,"delay":"179","estimatedRunway":null,"estimatedTime":"2025-11-11T13:49:00.000","gate":"2","iataCode":"CUU","icaoCode":"MMCU","scheduledTime":"2025-11-11T10:50:00.000","terminal":null},"flight":{"iataNumber":"Y43291","icaoNumber":"VOI3291","number":"3291"},"status":"scheduled","type":"arrival"},{"aircraft":{"icao24":"0D0984","icaoCode":"A320","regNumber":"XA-VLM"},"airline":{"iataCode":"Y4","icaoCode":"VOI","name":"Volaris"},"arrival":{"actualRunway":null,"actualTime":null,"baggage":null,"delay":null,"estimatedRunway":null,"estimatedTime":null,"gate":null,"iataCode":"TIJ","icaoCode":"MMTJ","scheduledTime":"2025-11-11T10:57:00.000","terminal":null},"codeshared":null,"departure":{"actualRunway":null,"actualTime":null,"baggage":null,"delay":null,"estimatedRunway":null,"estimatedTime":"2025-11-11T09:55:00.000","gate":"3","iataCode":"MTY","icaoCode":"MMMY","scheduledTime":"2025-11-11T09:55:00.000","terminal":"A"},"flight":{"iataNumber":"Y45608","icaoNumber":"VOI5608","number":"5608"},"status":"scheduled","type":"arrival"},{"aircraft":{"icao24":"","icaoCode":"A320","regNumber":""},"airline":{"iataCode":"VB","icaoCode":"VIV","name":"VivaAerobus"},"arrival":{"actualRunway":null,"actualTime":null,"baggage":null,"delay":null,"estimatedRunway":null,"estimatedTime":null,"gate":null,"iataCode":"TIJ","icaoCode":"MMTJ","scheduledTime":"2025-11-11T11:00:00.000","terminal":null},"codeshared":null,"departure":{"actualRunway":null,"actualTime":null,"baggage":null,"delay":"10","estimatedRunway":null,"estimatedTime":"2025-11-11T10:00:00.000","gate":null,"iataCode":"CUL","icaoCode":"MMCL","scheduledTime":"2025-11-11T09:50:00.000","terminal":null},"flight":{"iataNumber":"VB5003","icaoNumber":"VIV5003","number":"5003"},"status":"scheduled","type":"arrival"},{"aircraft":{"icao24":"0D0EC4","icaoCode":"A21N","regNumber":"XA-VSC"},"airline":{"iataCode":"Y4","icaoCode":"VOI","name":"Volaris"},"arrival":{"actualRunway":null,"actualTime":null,"baggage":null,"delay":null,"estimatedRunway":null,"estimatedTime":null,"gate":null,"iataCode":"TIJ","icaoCode":"MMTJ","scheduledTime":"2025-11-11T11:24:00.000","terminal":null},"codeshared":null,"departure":{"actualRunway":null,"actualTime":null,"baggage":null,"delay":null,"estimatedRunway":null,"estimatedTime":"2025-11-11T09:56:00.000","gate":null,"iataCode":"MZT","icaoCode":"MMMZ","scheduledTime":"2025-11-11T09:56:00.000","terminal":null},"flight":{"iataNumber":"Y43193","icaoNumber":"VOI3193","number":"3193"},"status":"scheduled","type":"arrival"},{"aircraft":{"icao24":"0D0984","icaoCode":"A320","regNumber":"XA-VLM"},"airline":{"iataCode":"Y4","icaoCode":"VOI","name":"Volaris"},"arrival":{"actualRunway":null,"actualTime":null,"baggage":null,"delay":null,"estimatedRunway":null,"estimatedTime":null,"gate":null,"iataCode":"TIJ","icaoCode":"MMTJ","scheduledTime":"2025-11-11T11:26:00.000","terminal":null},"codeshared":null,"departure":{"actualRunway":null,"actualTime":null,"baggage":null,"delay":"325","estimatedRunway":null,"estimatedTime":"2025-11-11T16:21:00.000","gate":"5","iataCode":"TRC","icaoCode":"MMTC","scheduledTime":"2025-11-11T10:56:00.000","terminal":null},"flight":{"iataNumber":"Y43371","icaoNumber":"VOI3371","number":"3371"},"status":"scheduled","type":"arrival"},{"aircraft":{"icao24":"0D1049","icaoCode":"A21N","regNumber":"XA-VUM"},"airline":{"iataCode":"Y4","icaoCode":"VOI","name":"Volaris"},"arrival":{"actualRunway":null,"actualTime":null,"baggage":null,"delay":null,"estimatedRunway":null,"estimatedTime":null,"gate":null,"iataCode":"TIJ","icaoCode":"MMTJ","scheduledTime":"2025-11-11T11:45:00.000","terminal":null},"codeshared":null,"departure":{"actualRunway":null,"actualTime":null,"baggage":null,"delay":null,"estimatedRunway":null,"estimatedTime":"2025-11-11T10:00:00.000","gate":"2","iataCode":"ACA","icaoCode":"MMAA","scheduledTime":"2025-11-11T10:00:00.000","terminal":null},"flight":{"iataNumber":"Y43269","icaoNumber":"VOI3269","number":"3269"},"status":"scheduled","type":"arrival"},{"aircraft":{"icao24":"0D0ABD","icaoCode":"B38M","regNumber":"XA-MAG"},"airline":{"iataCode":"AM","icaoCode":"AMX","name":"Aeromexico"},"arrival":{"actualRunway":null,"actualTime":null,"baggage":null,"delay":null,"estimatedRunway":null,"estimatedTime":null,"gate":null,"iataCode":"TIJ","icaoCode":"MMTJ","scheduledTime":"2025-11-11T12:06:00.000","terminal":null},"codeshared":null,"departure":{"actualRunway":null,"actualTime":null,"baggage":null,"delay":"10","estimatedRunway":null,"estimatedTime":"2025-11-11T10:20:00.000","gate":"61","iataCode":"MEX","icaoCode":"MMMX","scheduledTime":"2025-11-11T10:10:00.000","terminal":"2"},"flight":{"iataNumber":"AM172","icaoNumber":"AMX172","number":"172"},"status":"scheduled","type":"arrival"},{"aircraft":{"icao24":"A65220","icaoCode":"A320","regNumber":"N506VL"},"airline":{"iataCode":"Y4","icaoCode":"VOI","name":"Volaris"},"arrival":{"actualRunway":null,"actualTime":null,"baggage":null,"delay":null,"estimatedRunway":null,"estimatedTime":null,"gate":null,"iataCode":"TIJ","icaoCode":"MMTJ","scheduledTime":"2025-11-11T12:50:00.000","terminal":null},"codeshared":null,"departure":{"actualRunway":null,"actualTime":null,"baggage":null,"delay":null,"estimatedRunway":null,"estimatedTime":"2025-11-11T11:46:00.000","gate":"DOS","iataCode":"CLQ","icaoCode":"MMIA","scheduledTime":"2025-11-11T11:46:00.000","terminal":null},"flight":{"iataNumber":"Y43263","icaoNumber":"VOI3263","number":"3263"},"status":"scheduled","type":"arrival"},{"aircraft":{"icao24":"0D0D36","icaoCode":"A20N","regNumber":"XA-VRY"},"airline":{"iataCode":"Y4","icaoCode":"VOI","name":"Volaris"},"arrival":{"actualRunway":null,"actualTime":null,"baggage":null,"delay":null,"estimatedRunway":null,"estimatedTime":null,"gate":null,"iataCode":"TIJ","icaoCode":"MMTJ","scheduledTime":"2025-11-11T13:07:00.000","terminal":null},"codeshared":null,"departure":{"actualRunway":null,"actualTime":null,"baggage":null,"delay":"160","estimatedRunway":null,"estimatedTime":"2025-11-11T14:55:00.000","gate":"3","iataCode":"ZCL","icaoCode":"MMZC","scheduledTime":"2025-11-11T12:15:00.000","terminal":null},"flight":{"iataNumber":"Y43213","icaoNumber":"VOI3213","number":"3213"},"status":"scheduled","type":"arrival"}]}