{"pagination":{"limit":null,"offset":null,"count":65,"total":65},"data":[{"aircraft":{"icao24":"0D10FD","icaoCode":"A20N","regNumber":"XA-VUS"},"airline":{"iataCode":"Y4","icaoCode":"VOI","name":"Volaris"},"arrival":{"actualRunway":"2025-11-08T22:29:00.000","actualTime":"2025-11-08T22:29:00.000","baggage":null,"delay":"24","estimatedRunway":"2025-11-08T22:29:00.000","estimatedTime":"2025-11-08T22:29:00.000","gate":null,"iataCode":"TIJ","icaoCode":"MMTJ","scheduledTime":"2025-11-08T22:05:00.000","terminal":"A"},"codeshared":null,"departure":{"actualRunway":"2025-11-08T22:15:00.000","actualTime":"2025-11-08T22:15:00.000","baggage":null,"delay":"42","estimatedRunway":"2025-11-08T22:15:00.000","estimatedTime":"2025-11-08T22:16:00.000","gate":"2","iataCode":"DGO","icaoCode":"MMDO","scheduledTime":"2025-11-08T21:34:00.000","terminal":null},"flight":{"iataNumber":"Y43253","icaoNumber":"VOI3253","number":"3253"},"status":"landed","type":"arrival"},{"aircraft":{"icao24":"0D0A26","icaoCode":"A320","regNumber":"XA-VRA"},"airline":{"iataCode":"Y4","icaoCode":"VOI","name":"Volaris"},"arrival":{"actualRunway":null,"actualTime":null,"baggage":null,"delay":"108","estimatedRunway":null,"estimatedTime":"2025-11-09T00:21:00.000","gate":null,"iataCode":"TIJ","icaoCode":"MMTJ","scheduledTime":"2025-11-08T22:33:00.000","terminal":"A"},"codeshared":null,"departure":{"actualRunway":"2025-11-09T00:47:00.000","actualTime":"2025-11-09T00:47:00.000","baggage":null,"delay":"134","estimatedRunway":"2025-11-09T00:47:00.000","estimatedTime":"2025-11-09T00:47:00.000","gate":"7","iataCode":"CJS","icaoCode":"MMCS","scheduledTime":"2025-11-08T22:34:00.000","terminal":null},"flight":{"iataNumber":"Y43283","icaoNumber":"VOI3283","number":"3283"},"status":"scheduled","type":"arrival"},{"aircraft":{"icao24":"A695F9","icaoCode":"A320","regNumber":"N523VL"},"airline":{"iataCode":"Y4","icaoCode":"VOI","name":"Volaris"},"arrival":{"actualRunway":null,"actualTime":null,"baggage":null,"delay":"53","estimatedRunway":null,"estimatedTime":"2025-11-08T23:27:00.000","gate":null,"iataCode":"TIJ","icaoCode":"MMTJ","scheduledTime":"2025-11-08T22:34:00.000","terminal":"A"},"codeshared":null,"departure":{"actualRunway":"2025-11-08T22:33:00.000","actualTime":"2025-11-08T22:33:00.000","baggage":null,"delay":"64","estimatedRunway":"2025-11-08T22:33:00.000","estimatedTime":"2025-11-08T22:14:00.000","gate":"DOS","iataCode":"CLQ","icaoCode":"MMIA","scheduledTime":"2025-11-08T21:30:00.000","terminal":null},"flight":{"iataNumber":"Y43265","icaoNumber":"VOI3265","number":"3265"},"status":"scheduled","type":"arrival"},{"aircraft":{"icao24":"0D0EE3","icaoCode":"A21N","regNumber":"XA-VXI"},"airline":{"iataCode":"IB","icaoCode":"IBE","name":"Iberia"},"arrival":{"actualRunway":"2025-11-08T22:52:00.000","actualTime":"2025-11-08T22:52:00.000","baggage":null,"delay":"13","estimatedRunway":"2025-11-08T22:52:00.000","estimatedTime":"2025-11-08T22:55:00.000","gate":null,"iataCode":"TIJ","icaoCode":"MMTJ","scheduledTime":"2025-11-08T22:40:00.000","terminal":"A"},"codeshared":{"airline":{"iataCode":"vb","icaoCode":"viv","name":"vivaaerobus"},"flight":{"iataNumber":"vb1250","icaoNumber":"viv1250","number":"1250"}},"departure":{"actualRunway":"2025-11-08T21:45:00.000","actualTime":"2025-11-08T21:45:00.000","baggage":null,"delay":"40","estimatedRunway":"2025-11-08T21:45:00.000","estimatedTime":"2025-11-08T21:28:00.000","gate":"25","iataCode":"MEX","icaoCode":"MMMX","scheduledTime":"2025-11-08T21:05:00.000","terminal":"1"},"flight":{"iataNumber":"IB7501","icaoNumber":"IBE7501","number":"7501"},"status":"landed","type":"arrival"},{"aircraft":{"icao24":"0D0EE3","icaoCode":"A21N","regNumber":"XA-VXI"},"airline":{"iataCode":"VB","icaoCode":"VIV","name":"VivaAerobus"},"arrival":{"actualRunway":"2025-11-08T22:52:00.000","actualTime":"2025-11-08T22:52:00.000","baggage":null,"delay":"13","estimatedRunway":"2025-11-08T22:52:00.000","estimatedTime":"2025-11-08T22:55:00.000","gate":null,"iataCode":"TIJ","icaoCode":"MMTJ","scheduledTime":"2025-11-08T22:40:00.000","terminal":"A"},"codeshared":null,"departure":{"actualRunway":"2025-11-08T21:45:00.000","actualTime":"2025-11-08T21:45:00.000","baggage":null,"delay":"40","estimatedRunway":"2025-11-08T21:45:00.000","estimatedTime":"2025-11-08T21:28:00.000","gate":"25","iataCode":"MEX","icaoCode":"MMMX","scheduledTime":"2025-11-08T21:05:00.000","terminal":"1"},"flight":{"iataNumber":"VB1250","icaoNumber":"VIV1250","number":"1250"},"status":"landed","type":"arrival"},{"aircraft":{"icao24":"0D0D75","icaoCode":"A321","regNumber":"XA-VBN"},"airline":{"iataCode":"VB","icaoCode":"VIV","name":"VivaAerobus"},"arrival":{"actualRunway":"2025-11-08T23:25:00.000","actualTime":"2025-11-08T23:25:00.000","baggage":null,"delay":"30","estimatedRunway":"2025-11-08T23:25:00.000","estimatedTime":"2025-11-08T23:27:00.000","gate":null,"iataCode":"TIJ","icaoCode":"MMTJ","scheduledTime":"2025-11-08T22:55:00.000","terminal":"A"},"codeshared":null,"departure":{"actualRunway":"2025-11-08T22:37:00.000","actualTime":"2025-11-08T22:37:00.000","baggage":null,"delay":"53","estimatedRunway":"2025-11-08T22:37:00.000","estimatedTime":"2025-11-08T21:55:00.000","gate":null,"iataCode":"CUL","icaoCode":"MMCL","scheduledTime":"2025-11-08T21:45:00.000","terminal":null},"flight":{"iataNumber":"VB5009","icaoNumber":"VIV5009","number":"5009"},"status":"landed","type":"arrival"},{"aircraft":{"icao24":"A66355","icaoCode":"A320","regNumber":"N510VL"},"airline":{"iataCode":"Y4","icaoCode":"VOI","name":"Volaris"},"arrival":{"actualRunway":null,"actualTime":null,"baggage":null,"delay":"66","estimatedRunway":null,"estimatedTime":"2025-11-09T00:04:00.000","gate":null,"iataCode":"TIJ","icaoCode":"MMTJ","scheduledTime":"2025-11-08T22:58:00.000","terminal":"A"},"codeshared":null,"departure":{"actualRunway":"2025-11-08T23:37:00.000","actualTime":"2025-11-08T23:37:00.000","baggage":null,"delay":"102","estimatedRunway":"2025-11-08T23:37:00.000","estimatedTime":"2025-11-08T23:04:00.000","gate":"3","iataCode":"MTY","icaoCode":"MMMY","scheduledTime":"2025-11-08T21:56:00.000","terminal":"A"},"flight":{"iataNumber":"Y45610","icaoNumber":"VOI5610","number":"5610"},"status":"scheduled","type":"arrival"},{"aircraft":{"icao24":"","icaoCode":"321","regNumber":""},"airline":{"iataCode":"VB","icaoCode":"VIV","name":"VivaAerobus"},"arrival":{"actualRunway":null,"actualTime":null,"baggage":null,"delay":null,"estimatedRunway":null,"estimatedTime":null,"gate":null,"iataCode":"TIJ","icaoCode":"MMTJ","scheduledTime":"2025-11-08T23:00:00.000","terminal":"A"},"codeshared":null,"departure":{"actualRunway":null,"actualTime":null,"baggage":null,"delay":null,"estimatedRunway":null,"estimatedTime":null,"gate":null,"iataCode":"NLU","icaoCode":"MMSM","scheduledTime":"2025-11-08T21:30:00.000","terminal":null},"flight":{"iataNumber":"VB5067","icaoNumber":"VIV5067","number":"5067"},"status":"scheduled","type":"arrival"},{"aircraft":{"icao24":"0D0CDD","icaoCode":"A320","regNumber":"XA-VAI"},"airline":{"iataCode":"VB","icaoCode":"VIV","name":"VivaAerobus"},"arrival":{"actualRunway":null,"actualTime":null,"baggage":null,"delay":"76","estimatedRunway":null,"estimatedTime":"2025-11-09T00:21:00.000","gate":null,"iataCode":"TIJ","icaoCode":"MMTJ","scheduledTime":"2025-11-08T23:05:00.000","terminal":"A"},"codeshared":null,"departure":{"actualRunway":"2025-11-08T23:44:00.000","actualTime":"2025-11-08T23:44:00.000","baggage":null,"delay":"105","estimatedRunway":"2025-11-08T23:44:00.000","estimatedTime":"2025-11-08T22:10:00.000","gate":null,"iataCode":"GDL","icaoCode":"MMGL","scheduledTime":"2025-11-08T22:00:00.000","terminal":"1"},"flight":{"iataNumber":"VB3108","icaoNumber":"VIV3108","number":"3108"},"status":"scheduled","type":"arrival"},{"aircraft":{"icao24":"0D09BF","icaoCode":"A320","regNumber":"XA-VLR"},"airline":{"iataCode":"Y4","icaoCode":"VOI","name":"Volaris"},"arrival":{"actualRunway":null,"actualTime":null,"baggage":null,"delay":null,"estimatedRunway":null,"estimatedTime":null,"gate":null,"iataCode":"TIJ","icaoCode":"MMTJ","scheduledTime":"2025-11-08T23:05:00.000","terminal":"A"},"codeshared":null,"departure":{"actualRunway":null,"actualTime":null,"baggage":null,"delay":"293","estimatedRunway":null,"estimatedTime":"2025-11-09T02:05:00.000","gate":null,"iataCode":"VER","icaoCode":"MMVR","scheduledTime":"2025-11-08T21:12:00.000","terminal":null},"flight":{"iataNumber":"Y43383","icaoNumber":"VOI3383","number":"3383"},"status":"unknown","type":"arrival"},{"aircraft":{"icao24":"0D0F17","icaoCode":"A21N","regNumber":"XA-VXK"},"airline":{"iataCode":"IB","icaoCode":"IBE","name":"Iberia"},"arrival":{"actualRunway":"2025-11-08T23:55:00.000","actualTime":"2025-11-08T23:55:00.000","baggage":null,"delay":"35","estimatedRunway":"2025-11-08T23:55:00.000","estimatedTime":"2025-11-09T00:01:00.000","gate":null,"iataCode":"TIJ","icaoCode":"MMTJ","scheduledTime":"2025-11-08T23:20:00.000","terminal":"A"},"codeshared":{"airline":{"iataCode":"vb","icaoCode":"viv","name":"vivaaerobus"},"flight":{"iataNumber":"vb1248","icaoNumber":"viv1248","number":"1248"}},"departure":{"actualRunway":"2025-11-08T22:46:00.000","actualTime":"2025-11-08T22:46:00.000","baggage":null,"delay":"62","estimatedRunway":"2025-11-08T22:46:00.000","estimatedTime":"2025-11-08T22:10:00.000","gate":"17","iataCode":"MEX","icaoCode":"MMMX","scheduledTime":"2025-11-08T21:45:00.000","terminal":"1"},"flight":{"iataNumber":"IB7500","icaoNumber":"IBE7500","number":"7500"},"status":"landed","type":"arrival"},{"aircraft":{"icao24":"0D0F17","icaoCode":"A21N","regNumber":"XA-VXK"},"airline":{"iataCode":"VB","icaoCode":"VIV","name":"VivaAerobus"},"arrival":{"actualRunway":"2025-11-08T23:55:00.000","actualTime":"2025-11-08T23:55:00.000","baggage":null,"delay":"35","estimatedRunway":"2025-11-08T23:55:00.000","estimatedTime":"2025-11-09T00:01:00.000","gate":null,"iataCode":"TIJ","icaoCode":"MMTJ","scheduledTime":"2025-11-08T23:20:00.000","terminal":"A"},"codeshared":null,"departure":{"actualRunway":"2025-11-08T22:46:00.000","actualTime":"2025-11-08T22:46:00.000","baggage":null,"delay":"62","estimatedRunway":"2025-11-08T22:46:00.000","estimatedTime":"2025-11-08T22:10:00.000","gate":"17","iataCode":"MEX","icaoCode":"MMMX","scheduledTime":"2025-11-08T21:45:00.000","terminal":"1"},"flight":{"iataNumber":"VB1248","icaoNumber":"VIV1248","number":"1248"},"status":"landed","type":"arrival"},{"aircraft":{"icao24":"0D1154","icaoCode":"A20N","regNumber":"XA-VUU"},"airline":{"iataCode":"Y4","icaoCode":"VOI","name":"Volaris"},"arrival":{"actualRunway":"2025-11-08T23:39:00.000","actualTime":"2025-11-08T23:39:00.000","baggage":null,"delay":"12","estimatedRunway":"2025-11-08T23:39:00.000","estimatedTime":"2025-11-08T23:44:00.000","gate":null,"iataCode":"TIJ","icaoCode":"MMTJ","scheduledTime":"2025-11-08T23:28:00.000","terminal":"A"},"codeshared":null,"departure":{"actualRunway":"2025-11-08T23:03:00.000","actualTime":"2025-11-08T23:03:00.000","baggage":null,"delay":"33","estimatedRunway":"2025-11-08T23:03:00.000","estimatedTime":"2025-11-08T22:53:00.000","gate":"4","iataCode":"AGU","icaoCode":"MMAS","scheduledTime":"2025-11-08T22:30:00.000","terminal":null},"flight":{"iataNumber":"Y43203","icaoNumber":"VOI3203","number":"3203"},"status":"landed","type":"arrival"},{"aircraft":{"icao24":"0D0BBE","icaoCode":"A20N","regNumber":"XA-VRK"},"airline":{"iataCode":"Y4","icaoCode":"VOI","name":"Volaris"},"arrival":{"actualRunway":"2025-11-08T23:22:00.000","actualTime":"2025-11-08T23:22:00.000","baggage":null,"delay":null,"estimatedRunway":"2025-11-08T23:22:00.000","estimatedTime":"2025-11-08T23:22:00.000","gate":null,"iataCode":"TIJ","icaoCode":"MMTJ","scheduledTime":"2025-11-08T23:38:00.000","terminal":"A"},"codeshared":null,"departure":{"actualRunway":"2025-11-08T22:32:00.000","actualTime":"2025-11-08T22:32:00.000","baggage":null,"delay":"5","estimatedRunway":"2025-11-08T22:32:00.000","estimatedTime":"2025-11-08T22:28:00.000","gate":"5","iataCode":"BJX","icaoCode":"MMLO","scheduledTime":"2025-11-08T22:28:00.000","terminal":null},"flight":{"iataNumber":"Y43047","icaoNumber":"VOI3047","number":"3047"},"status":"landed","type":"arrival"},{"aircraft":{"icao24":"0D0E68","icaoCode":"A320","regNumber":"XA-VYD"},"airline":{"iataCode":"VB","icaoCode":"VIV","name":"VivaAerobus"},"arrival":{"actualRunway":"2025-11-08T23:16:00.000","actualTime":"2025-11-08T23:16:00.000","baggage":null,"delay":null,"estimatedRunway":"2025-11-08T23:16:00.000","estimatedTime":"2025-11-08T23:17:00.000","gate":null,"iataCode":"TIJ","icaoCode":"MMTJ","scheduledTime":"2025-11-08T23:40:00.000","terminal":"A"},"codeshared":null,"departure":{"actualRunway":"2025-11-08T22:36:00.000","actualTime":"2025-11-08T22:36:00.000","baggage":null,"delay":"6","estimatedRunway":"2025-11-08T22:36:00.000","estimatedTime":"2025-11-08T22:40:00.000","gate":null,"iataCode":"BJX","icaoCode":"MMLO","scheduledTime":"2025-11-08T22:30:00.000","terminal":null},"flight":{"iataNumber":"VB5029","icaoNumber":"VIV5029","number":"5029"},"status":"landed","type":"arrival"},{"aircraft":{"icao24":"A6CC54","icaoCode":"A21N","regNumber":"N537VL"},"airline":{"iataCode":"Y4","icaoCode":"VOI","name":"Volaris"},"arrival":{"actualRunway":"2025-11-08T23:19:00.000","actualTime":"2025-11-08T23:19:00.000","baggage":null,"delay":null,"estimatedRunway":"2025-11-08T23:19:00.000","estimatedTime":"2025-11-08T23:18:00.000","gate":null,"iataCode":"TIJ","icaoCode":"MMTJ","scheduledTime":"2025-11-08T23:45:00.000","terminal":"A"},"codeshared":null,"departure":{"actualRunway":"2025-11-08T22:08:00.000","actualTime":"2025-11-08T22:08:00.000","baggage":null,"delay":"8","estimatedRunway":"2025-11-08T22:08:00.000","estimatedTime":"2025-11-08T22:00:00.000","gate":"12","iataCode":"MEX","icaoCode":"MMMX","scheduledTime":"2025-11-08T22:00:00.000","terminal":"1"},"flight":{"iataNumber":"Y4186","icaoNumber":"VOI186","number":"186"},"status":"landed","type":"arrival"},{"aircraft":{"icao24":"0D0E5E","icaoCode":"A21N","regNumber":"XA-VXF"},"airline":{"iataCode":"VB","icaoCode":"VIV","name":"VivaAerobus"},"arrival":{"actualRunway":null,"actualTime":null,"baggage":null,"delay":null,"estimatedRunway":null,"estimatedTime":null,"gate":null,"iataCode":"TIJ","icaoCode":"MMTJ","scheduledTime":"2025-11-09T00:20:00.000","terminal":"A"},"codeshared":null,"departure":{"actualRunway":null,"actualTime":null,"baggage":null,"delay":"10","estimatedRunway":null,"estimatedTime":"2025-11-09T00:30:00.000","gate":null,"iataCode":"GDL","icaoCode":"MMGL","scheduledTime":"2025-11-09T00:20:00.000","terminal":"1"},"flight":{"iataNumber":"VB3118","icaoNumber":"VIV3118","number":"3118"},"status":"scheduled","type":"arrival"},{"aircraft":{"icao24":"0D0E5A","icaoCode":"A21N","regNumber":"XA-VXE"},"airline":{"iataCode":"VB","icaoCode":"VIV","name":"VivaAerobus"},"arrival":{"actualRunway":"2025-11-09T01:06:00.000","actualTime":"2025-11-09T01:06:00.000","baggage":null,"delay":"37","estimatedRunway":"2025-11-09T01:06:00.000","estimatedTime":"2025-11-09T01:05:00.000","gate":null,"iataCode":"TIJ","icaoCode":"MMTJ","scheduledTime":"2025-11-09T00:30:00.000","terminal":"A"},"codeshared":null,"departure":{"actualRunway":"2025-11-08T23:59:00.000","actualTime":"2025-11-08T23:59:00.000","baggage":null,"delay":"60","estimatedRunway":"2025-11-08T23:59:00.000","estimatedTime":"2025-11-08T23:00:00.000","gate":null,"iataCode":"MZT","icaoCode":"MMMZ","scheduledTime":"2025-11-08T23:00:00.000","terminal":null},"flight":{"iataNumber":"VB5043","icaoNumber":"VIV5043","number":"5043"},"status":"landed","type":"arrival"},{"aircraft":{"icao24":"0D0FF7","icaoCode":"B39M","regNumber":"XA-SRB"},"airline":{"iataCode":"KL","icaoCode":"KLM","name":"KLM"},"arrival":{"actualRunway":"2025-11-09T00:10:00.000","actualTime":"2025-11-09T00:10:00.000","baggage":null,"delay":null,"estimatedRunway":"2025-11-09T00:10:00.000","estimatedTime":"2025-11-09T00:17:00.000","gate":null,"iataCode":"TIJ","icaoCode":"MMTJ","scheduledTime":"2025-11-09T00:35:00.000","terminal":"A"},"codeshared":{"airline":{"iataCode":"am","icaoCode":"amx","name":"aeromexico"},"flight":{"iataNumber":"am192","icaoNumber":"amx192","number":"192"}},"departure":{"actualRunway":"2025-11-08T22:59:00.000","actualTime":"2025-11-08T22:59:00.000","baggage":null,"delay":"15","estimatedRunway":"2025-11-08T22:59:00.000","estimatedTime":"2025-11-08T22:40:00.000","gate":"56","iataCode":"MEX","icaoCode":"MMMX","scheduledTime":"2025-11-08T22:45:00.000","terminal":"2"},"flight":{"iataNumber":"KL8942","icaoNumber":"KLM8942","number":"8942"},"status":"landed","type":"arrival"},{"aircraft":{"icao24":"0D0FF7","icaoCode":"B39M","regNumber":"XA-SRB"},"airline":{"iataCode":"WS","icaoCode":"WJA","name":"WestJet"},"arrival":{"actualRunway":"2025-11-09T00:10:00.000","actualTime":"2025-11-09T00:10:00.000","baggage":null,"delay":null,"estimatedRunway":"2025-11-09T00:10:00.000","estimatedTime":"2025-11-09T00:17:00.000","gate":null,"iataCode":"TIJ","icaoCode":"MMTJ","scheduledTime":"2025-11-09T00:35:00.000","terminal":"A"},"codeshared":{"airline":{"iataCode":"am","icaoCode":"amx","name":"aeromexico"},"flight":{"iataNumber":"am192","icaoNumber":"amx192","number":"192"}},"departure":{"actualRunway":"2025-11-08T22:59:00.000","actualTime":"2025-11-08T22:59:00.000","baggage":null,"delay":"15","estimatedRunway":"2025-11-08T22:59:00.000","estimatedTime":"2025-11-08T22:40:00.000","gate":"56","iataCode":"MEX","icaoCode":"MMMX","scheduledTime":"2025-11-08T22:45:00.000","terminal":"2"},"flight":{"iataNumber":"WS5780","icaoNumber":"WJA5780","number":"5780"},"status":"landed","type":"arrival"},{"aircraft":{"icao24":"0D0FF7","icaoCode":"B39M","regNumber":"XA-SRB"},"airline":{"iataCode":"AM","icaoCode":"AMX","name":"Aeromexico"},"arrival":{"actualRunway":"2025-11-09T00:10:00.000","actualTime":"2025-11-09T00:10:00.000","baggage":null,"delay":null,"estimatedRunway":"2025-11-09T00:10:00.000","estimatedTime":"2025-11-09T00:17:00.000","gate":null,"iataCode":"TIJ","icaoCode":"MMTJ","scheduledTime":"2025-11-09T00:35:00.000","terminal":"A"},"codeshared":null,"departure":{"actualRunway":"2025-11-08T22:59:00.000","actualTime":"2025-11-08T22:59:00.000","baggage":null,"delay":"15","estimatedRunway":"2025-11-08T22:59:00.000","estimatedTime":"2025-11-08T22:40:00.000","gate":"56","iataCode":"MEX","icaoCode":"MMMX","scheduledTime":"2025-11-08T22:45:00.000","terminal":"2"},"flight":{"iataNumber":"AM192","icaoNumber":"AMX192","number":"192"},"status":"landed","type":"arrival"},{"aircraft":{"icao24":"0D0DD3","icaoCode":"A21N","regNumber":"XA-VSK"},"airline":{"iataCode":"Y4","icaoCode":"VOI","name":"Volaris"},"arrival":{"actualRunway":null,"actualTime":null,"baggage":null,"delay":"140","estimatedRunway":null,"estimatedTime":"2025-11-09T03:07:00.000","gate":null,"iataCode":"TIJ","icaoCode":"MMTJ","scheduledTime":"2025-11-09T00:48:00.000","terminal":"A"},"codeshared":null,"departure":{"actualRunway":"2025-11-09T02:31:00.000","actualTime":"2025-11-09T02:31:00.000","baggage":null,"delay":"166","estimatedRunway":"2025-11-09T02:31:00.000","estimatedTime":"2025-11-09T02:36:00.000","gate":"B12","iataCode":"GDL","icaoCode":"MMGL","scheduledTime":"2025-11-08T23:46:00.000","terminal":"1"},"flight":{"iataNumber":"Y41010","icaoNumber":"VOI1010","number":"1010"},"status":"scheduled","type":"arrival"},{"aircraft":{"icao24":"0D0F14","icaoCode":"A21N","regNumber":"XA-VUA"},"airline":{"iataCode":"Y4","icaoCode":"VOI","name":"Volaris"},"arrival":{"actualRunway":null,"actualTime":null,"baggage":null,"delay":"167","estimatedRunway":null,"estimatedTime":"2025-11-09T03:37:00.000","gate":null,"iataCode":"TIJ","icaoCode":"MMTJ","scheduledTime":"2025-11-09T00:51:00.000","terminal":"A"},"codeshared":null,"departure":{"actualRunway":"2025-11-09T02:28:00.000","actualTime":"2025-11-09T02:28:00.000","baggage":null,"delay":"189","estimatedRunway":"2025-11-09T02:28:00.000","estimatedTime":"2025-11-09T01:57:00.000","gate":"109A","iataCode":"NLU","icaoCode":"MMSM","scheduledTime":"2025-11-08T23:19:00.000","terminal":null},"flight":{"iataNumber":"Y43297","icaoNumber":"VOI3297","number":"3297"},"status":"scheduled","type":"arrival"},{"aircraft":{"icao24":"0D0E5E","icaoCode":"A21N","regNumber":"XA-VXF"},"airline":{"iataCode":"VB","icaoCode":"VIV","name":"VivaAerobus"},"arrival":{"actualRunway":"2025-11-09T01:32:00.000","actualTime":"2025-11-09T01:32:00.000","baggage":null,"delay":"13","estimatedRunway":"2025-11-09T01:32:00.000","estimatedTime":"2025-11-09T01:32:00.000","gate":null,"iataCode":"TIJ","icaoCode":"MMTJ","scheduledTime":"2025-11-09T01:20:00.000","terminal":"A"},"codeshared":null,"departure":{"actualRunway":"2025-11-09T00:57:00.000","actualTime":"2025-11-09T00:57:00.000","baggage":null,"delay":"38","estimatedRunway":"2025-11-09T00:57:00.000","estimatedTime":null,"gate":null,"iataCode":"GDL","icaoCode":"MMGL","scheduledTime":"2025-11-09T00:20:00.000","terminal":"1"},"flight":{"iataNumber":"VB3118","icaoNumber":"VIV3118","number":"3118"},"status":"landed","type":"arrival"},{"aircraft":{"icao24":"","icaoCode":"359","regNumber":""},"airline":{"iataCode":"CZ","icaoCode":"CSN","name":"China Southern Airlines"},"arrival":{"actualRunway":null,"actualTime":null,"baggage":null,"delay":null,"estimatedRunway":null,"estimatedTime":null,"gate":null,"iataCode":"TIJ","icaoCode":"MMTJ","scheduledTime":"2025-11-09T02:40:00.000","terminal":"A"},"codeshared":null,"departure":{"actualRunway":null,"actualTime":null,"baggage":null,"delay":"397","estimatedRunway":null,"estimatedTime":"2025-11-09T07:17:00.000","gate":"23","iataCode":"MEX","icaoCode":"MMMX","scheduledTime":"2025-11-09T00:40:00.000","terminal":"1"},"flight":{"iataNumber":"CZ8032","icaoNumber":"CSN8032","number":"8032"},"status":"unknown","type":"arrival"},{"aircraft":{"icao24":"346390","icaoCode":"A359","regNumber":"EC-NGY"},"airline":{"iataCode":"E9","icaoCode":"EVE","name":"Evelop Airlines"},"arrival":{"actualRunway":"2025-11-09T03:29:00.000","actualTime":"2025-11-09T03:29:00.000","baggage":null,"delay":null,"estimatedRunway":"2025-11-09T03:29:00.000","estimatedTime":"2025-11-09T03:28:00.000","gate":null,"iataCode":"TIJ","icaoCode":"MMTJ","scheduledTime":"2025-11-09T03:57:00.000","terminal":"A"},"codeshared":null,"departure":{"actualRunway":"2025-11-09T11:01:00.000","actualTime":"2025-11-09T11:01:00.000","baggage":null,"delay":"62","estimatedRunway":"2025-11-09T11:01:00.000","estimatedTime":null,"gate":null,"iataCode":"NRT","icaoCode":"RJAA","scheduledTime":"2025-11-09T10:00:00.000","terminal":null},"flight":{"iataNumber":"E99914","icaoNumber":"EVE9914","number":"9914"},"status":"landed","type":"arrival"},{"aircraft":{"icao24":"0D0F00","icaoCode":"A21N","regNumber":"XA-VSX"},"airline":{"iataCode":"Y4","icaoCode":"VOI","name":"Volaris"},"arrival":{"actualRunway":null,"actualTime":null,"baggage":null,"delay":"8","estimatedRunway":null,"estimatedTime":"2025-11-09T06:36:00.000","gate":null,"iataCode":"TIJ","icaoCode":"MMTJ","scheduledTime":"2025-11-09T06:29:00.000","terminal":"A"},"codeshared":null,"departure":{"actualRunway":"2025-11-09T05:59:00.000","actualTime":"2025-11-09T05:59:00.000","baggage":null,"delay":"32","estimatedRunway":"2025-11-09T05:59:00.000","estimatedTime":"2025-11-09T06:00:00.000","gate":"C37","iataCode":"GDL","icaoCode":"MMGL","scheduledTime":"2025-11-09T05:27:00.000","terminal":"1"},"flight":{"iataNumber":"Y41002","icaoNumber":"VOI1002","number":"1002"},"status":"active","type":"arrival"},{"aircraft":{"icao24":"","icaoCode":"B789","regNumber":""},"airline":{"iataCode":"HU","icaoCode":"CHH","name":"Hainan Airlines"},"arrival":{"actualRunway":null,"actualTime":null,"baggage":null,"delay":null,"estimatedRunway":null,"estimatedTime":null,"gate":null,"iataCode":"TIJ","icaoCode":"MMTJ","scheduledTime":"2025-11-09T06:30:00.000","terminal":"A"},"codeshared":null,"departure":{"actualRunway":null,"actualTime":null,"baggage":null,"delay":"180","estimatedRunway":null,"estimatedTime":"2025-11-09T08:15:00.000","gate":"F1","iataCode":"MEX","icaoCode":"MMMX","scheduledTime":"2025-11-09T05:15:00.000","terminal":"1"},"flight":{"iataNumber":"HU7926","icaoNumber":"CHH7926","number":"7926"},"status":"scheduled","type":"arrival"},{"aircraft":{"icao24":"0D0D66","icaoCode":"A321","regNumber":"XA-VBQ"},"airline":{"iataCode":"IB","icaoCode":"IBE","name":"Iberia"},"arrival":{"actualRunway":null,"actualTime":null,"baggage":null,"delay":null,"estimatedRunway":null,"estimatedTime":"2025-11-09T06:21:00.000","gate":null,"iataCode":"TIJ","icaoCode":"MMTJ","scheduledTime":"2025-11-09T06:35:00.000","terminal":"A"},"codeshared":{"airline":{"iataCode":"vb","icaoCode":"viv","name":"vivaaerobus"},"flight":{"iataNumber":"vb1232","icaoNumber":"viv1232","number":"1232"}},"departure":{"actualRunway":"2025-11-09T05:16:00.000","actualTime":"2025-11-09T05:16:00.000","baggage":null,"delay":"17","estimatedRunway":"2025-11-09T05:16:00.000","estimatedTime":"2025-11-09T05:00:00.000","gate":"19","iataCode":"MEX","icaoCode":"MMMX","scheduledTime":"2025-11-09T05:00:00.000","terminal":"1"},"flight":{"iataNumber":"IB7499","icaoNumber":"IBE7499","number":"7499"},"status":"active","type":"arrival"},{"aircraft":{"icao24":"0D0D66","icaoCode":"A321","regNumber":"XA-VBQ"},"airline":{"iataCode":"VB","icaoCode":"VIV","name":"VivaAerobus"},"arrival":{"actualRunway":null,"actualTime":null,"baggage":null,"delay":null,"estimatedRunway":null,"estimatedTime":"2025-11-09T06:21:00.000","gate":null,"iataCode":"TIJ","icaoCode":"MMTJ","scheduledTime":"2025-11-09T06:35:00.000","terminal":"A"},"codeshared":null,"departure":{"actualRunway":"2025-11-09T05:16:00.000","actualTime":"2025-11-09T05:16:00.000","baggage":null,"delay":"17","estimatedRunway":"2025-11-09T05:16:00.000","estimatedTime":"2025-11-09T05:00:00.000","gate":"19","iataCode":"MEX","icaoCode":"MMMX","scheduledTime":"2025-11-09T05:00:00.000","terminal":"1"},"flight":{"iataNumber":"VB1232","icaoNumber":"VIV1232","number":"1232"},"status":"active","type":"arrival"},{"aircraft":{"icao24":"0D0D37","icaoCode":"A20N","regNumber":"XA-VRX"},"airline":{"iataCode":"Y4","icaoCode":"VOI","name":"Volaris"},"arrival":{"actualRunway":null,"actualTime":null,"baggage":null,"delay":"15","estimatedRunway":null,"estimatedTime":"2025-11-09T07:30:00.000","gate":null,"iataCode":"TIJ","icaoCode":"MMTJ","scheduledTime":"2025-11-09T07:15:00.000","terminal":"A"},"codeshared":null,"departure":{"actualRunway":"2025-11-09T06:20:00.000","actualTime":"2025-11-09T06:20:00.000","baggage":null,"delay":"50","estimatedRunway":"2025-11-09T06:20:00.000","estimatedTime":"2025-11-09T05:45:00.000","gate":"19","iataCode":"MEX","icaoCode":"MMMX","scheduledTime":"2025-11-09T05:30:00.000","terminal":"1"},"flight":{"iataNumber":"Y4180","icaoNumber":"VOI180","number":"180"},"status":"active","type":"arrival"},{"aircraft":{"icao24":"E80046","icaoCode":"A20N","regNumber":"CC-DBL"},"airline":{"iataCode":"H2","icaoCode":"SKU","name":"Sky Airline"},"arrival":{"actualRunway":null,"actualTime":null,"baggage":null,"delay":null,"estimatedRunway":null,"estimatedTime":"2025-11-09T07:19:00.000","gate":null,"iataCode":"TIJ","icaoCode":"MMTJ","scheduledTime":"2025-11-09T07:30:00.000","terminal":"A"},"codeshared":null,"departure":{"actualRunway":"2025-11-09T06:50:00.000","actualTime":"2025-11-09T06:50:00.000","baggage":null,"delay":"21","estimatedRunway":"2025-11-09T06:50:00.000","estimatedTime":"2025-11-09T06:30:00.000","gate":null,"iataCode":"MTY","icaoCode":"MMMY","scheduledTime":"2025-11-09T06:30:00.000","terminal":"A"},"flight":{"iataNumber":"H24080","icaoNumber":"SKU4080","number":"4080"},"status":"active","type":"arrival"},{"aircraft":{"icao24":"A708BF","icaoCode":"A20N","regNumber":"N552VL"},"airline":{"iataCode":"Y4","icaoCode":"VOI","name":"Volaris"},"arrival":{"actualRunway":null,"actualTime":null,"baggage":null,"delay":null,"estimatedRunway":null,"estimatedTime":"2025-11-09T07:02:00.000","gate":null,"iataCode":"TIJ","icaoCode":"MMTJ","scheduledTime":"2025-11-09T07:30:00.000","terminal":"A"},"codeshared":null,"departure":{"actualRunway":"2025-11-09T06:26:00.000","actualTime":"2025-11-09T06:26:00.000","baggage":null,"delay":null,"estimatedRunway":"2025-11-09T06:26:00.000","estimatedTime":"2025-11-09T06:30:00.000","gate":"C36","iataCode":"GDL","icaoCode":"MMGL","scheduledTime":"2025-11-09T06:28:00.000","terminal":"1"},"flight":{"iataNumber":"Y41004","icaoNumber":"VOI1004","number":"1004"},"status":"active","type":"arrival"},{"aircraft":{"icao24":"0D099E","icaoCode":"A320","regNumber":"XA-VLP"},"airline":{"iataCode":"Y4","icaoCode":"VOI","name":"Volaris"},"arrival":{"actualRunway":null,"actualTime":null,"baggage":null,"delay":null,"estimatedRunway":null,"estimatedTime":null,"gate":null,"iataCode":"TIJ","icaoCode":"MMTJ","scheduledTime":"2025-11-09T07:40:00.000","terminal":"A"},"codeshared":null,"departure":{"actualRunway":null,"actualTime":null,"baggage":null,"delay":"52","estimatedRunway":null,"estimatedTime":"2025-11-09T07:10:00.000","gate":"A5","iataCode":"QRO","icaoCode":"MMQT","scheduledTime":"2025-11-09T06:18:00.000","terminal":null},"flight":{"iataNumber":"Y43352","icaoNumber":"VOI3352","number":"3352"},"status":"scheduled","type":"arrival"},{"aircraft":{"icao24":"0D0C93","icaoCode":"A21N","regNumber":"XA-VBA"},"airline":{"iataCode":"VB","icaoCode":"VIV","name":"VivaAerobus"},"arrival":{"actualRunway":null,"actualTime":null,"baggage":null,"delay":null,"estimatedRunway":null,"estimatedTime":"2025-11-09T07:28:00.000","gate":null,"iataCode":"TIJ","icaoCode":"MMTJ","scheduledTime":"2025-11-09T07:45:00.000","terminal":"A"},"codeshared":null,"departure":{"actualRunway":"2025-11-09T06:21:00.000","actualTime":"2025-11-09T06:21:00.000","baggage":null,"delay":"7","estimatedRunway":"2025-11-09T06:21:00.000","estimatedTime":"2025-11-09T06:25:00.000","gate":null,"iataCode":"NLU","icaoCode":"MMSM","scheduledTime":"2025-11-09T06:15:00.000","terminal":null},"flight":{"iataNumber":"VB5069","icaoNumber":"VIV5069","number":"5069"},"status":"active","type":"arrival"},{"aircraft":{"icao24":"0D10E4","icaoCode":"A21N","regNumber":"XA-VUQ"},"airline":{"iataCode":"Y4","icaoCode":"VOI","name":"Volaris"},"arrival":{"actualRunway":null,"actualTime":null,"baggage":null,"delay":null,"estimatedRunway":null,"estimatedTime":null,"gate":null,"iataCode":"TIJ","icaoCode":"MMTJ","scheduledTime":"2025-11-09T07:58:00.000","terminal":"A"},"codeshared":null,"departure":{"actualRunway":null,"actualTime":null,"baggage":null,"delay":"103","estimatedRunway":null,"estimatedTime":"2025-11-09T08:43:00.000","gate":null,"iataCode":"AGU","icaoCode":"MMAS","scheduledTime":"2025-11-09T07:00:00.000","terminal":null},"flight":{"iataNumber":"Y43201","icaoNumber":"VOI3201","number":"3201"},"status":"scheduled","type":"arrival"},{"aircraft":{"icao24":"0D0EC2","icaoCode":"A320","regNumber":"XA-VYE"},"airline":{"iataCode":"VB","icaoCode":"VIV","name":"VivaAerobus"},"arrival":{"actualRunway":null,"actualTime":null,"baggage":null,"delay":null,"estimatedRunway":null,"estimatedTime":"2025-11-09T07:40:00.000","gate":null,"iataCode":"TIJ","icaoCode":"MMTJ","scheduledTime":"2025-11-09T08:00:00.000","terminal":"A"},"codeshared":null,"departure":{"actualRunway":"2025-11-09T06:55:00.000","actualTime":"2025-11-09T06:55:00.000","baggage":null,"delay":"6","estimatedRunway":"2025-11-09T06:55:00.000","estimatedTime":"2025-11-09T07:00:00.000","gate":null,"iataCode":"BJX","icaoCode":"MMLO","scheduledTime":"2025-11-09T06:50:00.000","terminal":null},"flight":{"iataNumber":"VB5025","icaoNumber":"VIV5025","number":"5025"},"status":"active","type":"arrival"},{"aircraft":{"icao24":"0D0DD3","icaoCode":"A21N","regNumber":"XA-VSK"},"airline":{"iataCode":"Y4","icaoCode":"VOI","name":"Volaris"},"arrival":{"actualRunway":null,"actualTime":null,"baggage":null,"delay":null,"estimatedRunway":null,"estimatedTime":null,"gate":null,"iataCode":"TIJ","icaoCode":"MMTJ","scheduledTime":"2025-11-09T08:08:00.000","terminal":"A"},"codeshared":null,"departure":{"actualRunway":null,"actualTime":null,"baggage":null,"delay":null,"estimatedRunway":null,"estimatedTime":"2025-11-09T07:37:00.000","gate":"2","iataCode":"DGO","icaoCode":"MMDO","scheduledTime":"2025-11-09T07:37:00.000","terminal":null},"flight":{"iataNumber":"Y43251","icaoNumber":"VOI3251","number":"3251"},"status":"scheduled","type":"arrival"},{"aircraft":{"icao24":"0D081C","icaoCode":"A320","regNumber":"XA-VLD"},"airline":{"iataCode":"Y4","icaoCode":"VOI","name":"Volaris"},"arrival":{"actualRunway":null,"actualTime":null,"baggage":null,"delay":null,"estimatedRunway":null,"estimatedTime":"2025-11-09T07:47:00.000","gate":null,"iataCode":"TIJ","icaoCode":"MMTJ","scheduledTime":"2025-11-09T08:10:00.000","terminal":"A"},"codeshared":null,"departure":{"actualRunway":"2025-11-09T07:02:00.000","actualTime":"2025-11-09T07:02:00.000","baggage":null,"delay":"3","estimatedRunway":"2025-11-09T07:02:00.000","estimatedTime":"2025-11-09T07:00:00.000","gate":"4","iataCode":"BJX","icaoCode":"MMLO","scheduledTime":"2025-11-09T07:00:00.000","terminal":null},"flight":{"iataNumber":"Y43045","icaoNumber":"VOI3045","number":"3045"},"status":"active","type":"arrival"},{"aircraft":{"icao24":"0D1140","icaoCode":"A21N","regNumber":"XA-VUX"},"airline":{"iataCode":"Y4","icaoCode":"VOI","name":"Volaris"},"arrival":{"actualRunway":null,"actualTime":null,"baggage":null,"delay":null,"estimatedRunway":null,"estimatedTime":null,"gate":null,"iataCode":"TIJ","icaoCode":"MMTJ","scheduledTime":"2025-11-09T08:12:00.000","terminal":"A"},"codeshared":null,"departure":{"actualRunway":null,"actualTime":null,"baggage":null,"delay":null,"estimatedRunway":null,"estimatedTime":"2025-11-09T07:20:00.000","gate":"3","iataCode":"ZCL","icaoCode":"MMZC","scheduledTime":"2025-11-09T07:20:00.000","terminal":null},"flight":{"iataNumber":"Y43211","icaoNumber":"VOI3211","number":"3211"},"status":"scheduled","type":"arrival"},{"aircraft":{"icao24":"0D0F49","icaoCode":"A21N","regNumber":"XA-VXO"},"airline":{"iataCode":"VB","icaoCode":"VIV","name":"VivaAerobus"},"arrival":{"actualRunway":null,"actualTime":null,"baggage":null,"delay":null,"estimatedRunway":null,"estimatedTime":null,"gate":null,"iataCode":"TIJ","icaoCode":"MMTJ","scheduledTime":"2025-11-09T08:20:00.000","terminal":"A"},"codeshared":null,"departure":{"actualRunway":"2025-11-09T07:06:00.000","actualTime":"2025-11-09T07:06:00.000","baggage":null,"delay":"2","estimatedRunway":"2025-11-09T07:06:00.000","estimatedTime":"2025-11-09T07:15:00.000","gate":null,"iataCode":"MLM","icaoCode":"MMMM","scheduledTime":"2025-11-09T07:05:00.000","terminal":null},"flight":{"iataNumber":"VB5019","icaoNumber":"VIV5019","number":"5019"},"status":"scheduled","type":"arrival"},{"aircraft":{"icao24":"0D0CB1","icaoCode":"A20N","regNumber":"XA-VRQ"},"airline":{"iataCode":"Y4","icaoCode":"VOI","name":"Volaris"},"arrival":{"actualRunway":null,"actualTime":null,"baggage":null,"delay":null,"estimatedRunway":null,"estimatedTime":"2025-11-09T07:49:00.000","gate":null,"iataCode":"TIJ","icaoCode":"MMTJ","scheduledTime":"2025-11-09T08:21:00.000","terminal":"A"},"codeshared":null,"departure":{"actualRunway":"2025-11-09T06:53:00.000","actualTime":"2025-11-09T06:53:00.000","baggage":null,"delay":null,"estimatedRunway":"2025-11-09T06:53:00.000","estimatedTime":"2025-11-09T06:54:00.000","gate":"1","iataCode":"MLM","icaoCode":"MMMM","scheduledTime":"2025-11-09T07:02:00.000","terminal":null},"flight":{"iataNumber":"Y43063","icaoNumber":"VOI3063","number":"3063"},"status":"active","type":"arrival"},{"aircraft":{"icao24":"0D0FFD","icaoCode":"A320","regNumber":"XA-VVA"},"airline":{"iataCode":"Y4","icaoCode":"VOI","name":"Volaris"},"arrival":{"actualRunway":null,"actualTime":null,"baggage":null,"delay":null,"estimatedRunway":null,"estimatedTime":"2025-11-09T08:10:00.000","gate":null,"iataCode":"TIJ","icaoCode":"MMTJ","scheduledTime":"2025-11-09T08:28:00.000","terminal":"A"},"codeshared":null,"departure":{"actualRunway":"2025-11-09T06:10:00.000","actualTime":"2025-11-09T06:10:00.000","baggage":null,"delay":"5","estimatedRunway":"2025-11-09T06:10:00.000","estimatedTime":"2025-11-09T06:13:00.000","gate":"A6","iataCode":"TGZ","icaoCode":"MMTG","scheduledTime":"2025-11-09T06:05:00.000","terminal":null},"flight":{"iataNumber":"Y43343","icaoNumber":"VOI3343","number":"3343"},"status":"active","type":"arrival"},{"aircraft":{"icao24":"A6CC54","icaoCode":"A21N","regNumber":"N537VL"},"airline":{"iataCode":"Y4","icaoCode":"VOI","name":"Volaris"},"arrival":{"actualRunway":null,"actualTime":null,"baggage":null,"delay":null,"estimatedRunway":null,"estimatedTime":null,"gate":null,"iataCode":"TIJ","icaoCode":"MMTJ","scheduledTime":"2025-11-09T08:32:00.000","terminal":"A"},"codeshared":null,"departure":{"actualRunway":null,"actualTime":null,"baggage":null,"delay":"274","estimatedRunway":null,"estimatedTime":"2025-11-09T12:04:00.000","gate":"C36","iataCode":"GDL","icaoCode":"MMGL","scheduledTime":"2025-11-09T07:30:00.000","terminal":"1"},"flight":{"iataNumber":"Y41000","icaoNumber":"VOI1000","number":"1000"},"status":"scheduled","type":"arrival"},{"aircraft":{"icao24":"0D0D40","icaoCode":"A20N","regNumber":"XA-VRV"},"airline":{"iataCode":"Y4","icaoCode":"VOI","name":"Volaris"},"arrival":{"actualRunway":null,"actualTime":null,"baggage":null,"delay":null,"estimatedRunway":null,"estimatedTime":null,"gate":null,"iataCode":"TIJ","icaoCode":"MMTJ","scheduledTime":"2025-11-09T09:01:00.000","terminal":"A"},"codeshared":null,"departure":{"actualRunway":null,"actualTime":null,"baggage":null,"delay":"3","estimatedRunway":null,"estimatedTime":"2025-11-09T07:03:00.000","gate":"12","iataCode":"OAX","icaoCode":"MMOX","scheduledTime":"2025-11-09T07:00:00.000","terminal":null},"flight":{"iataNumber":"Y43141","icaoNumber":"VOI3141","number":"3141"},"status":"scheduled","type":"arrival"},{"aircraft":{"icao24":"0D113B","icaoCode":"B38M","regNumber":"XA-AMP"},"airline":{"iataCode":"AF","icaoCode":"AFR","name":"Air France"},"arrival":{"actualRunway":null,"actualTime":null,"baggage":null,"delay":null,"estimatedRunway":null,"estimatedTime":null,"gate":"3","iataCode":"TIJ","icaoCode":"MMTJ","scheduledTime":"2025-11-09T09:28:00.000","terminal":"A"},"codeshared":{"airline":{"iataCode":"am","icaoCode":"amx","name":"aeromexico"},"flight":{"iataNumber":"am110","icaoNumber":"amx110","number":"110"}},"departure":{"actualRunway":null,"actualTime":null,"baggage":null,"delay":"10","estimatedRunway":null,"estimatedTime":"2025-11-09T07:40:00.000","gate":"63","iataCode":"MEX","icaoCode":"MMMX","scheduledTime":"2025-11-09T07:30:00.000","terminal":"2"},"flight":{"iataNumber":"AF8149","icaoNumber":"AFR8149","number":"8149"},"status":"scheduled","type":"arrival"},{"aircraft":{"icao24":"0D113B","icaoCode":"B38M","regNumber":"XA-AMP"},"airline":{"iataCode":"KL","icaoCode":"KLM","name":"KLM"},"arrival":{"actualRunway":null,"actualTime":null,"baggage":null,"delay":null,"estimatedRunway":null,"estimatedTime":null,"gate":"3","iataCode":"TIJ","icaoCode":"MMTJ","scheduledTime":"2025-11-09T09:28:00.000","terminal":"A"},"codeshared":{"airline":{"iataCode":"am","icaoCode":"amx","name":"aeromexico"},"flight":{"iataNumber":"am110","icaoNumber":"amx110","number":"110"}},"departure":{"actualRunway":null,"actualTime":null,"baggage":null,"delay":"10","estimatedRunway":null,"estimatedTime":"2025-11-09T07:40:00.000","gate":"63","iataCode":"MEX","icaoCode":"MMMX","scheduledTime":"2025-11-09T07:30:00.000","terminal":"2"},"flight":{"iataNumber":"KL8940","icaoNumber":"KLM8940","number":"8940"},"status":"scheduled","type":"arrival"},{"aircraft":{"icao24":"0D113B","icaoCode":"B38M","regNumber":"XA-AMP"},"airline":{"iataCode":"WS","icaoCode":"WJA","name":"WestJet"},"arrival":{"actualRunway":null,"actualTime":null,"baggage":null,"delay":null,"estimatedRunway":null,"estimatedTime":null,"gate":"3","iataCode":"TIJ","icaoCode":"MMTJ","scheduledTime":"2025-11-09T09:28:00.000","terminal":"A"},"codeshared":{"airline":{"iataCode":"am","icaoCode":"amx","name":"aeromexico"},"flight":{"iataNumber":"am110","icaoNumber":"amx110","number":"110"}},"departure":{"actualRunway":null,"actualTime":null,"baggage":null,"delay":"10","estimatedRunway":null,"estimatedTime":"2025-11-09T07:40:00.000","gate":"63","iataCode":"MEX","icaoCode":"MMMX","scheduledTime":"2025-11-09T07:30:00.000","terminal":"2"},"flight":{"iataNumber":"WS5779","icaoNumber":"WJA5779","number":"5779"},"status":"scheduled","type":"arrival"},{"aircraft":{"icao24":"0D113B","icaoCode":"B38M","regNumber":"XA-AMP"},"airline":{"iataCode":"AM","icaoCode":"AMX","name":"Aeromexico"},"arrival":{"actualRunway":null,"actualTime":null,"baggage":null,"delay":null,"estimatedRunway":null,"estimatedTime":null,"gate":"3","iataCode":"TIJ","icaoCode":"MMTJ","scheduledTime":"2025-11-09T09:28:00.000","terminal":"A"},"codeshared":null,"departure":{"actualRunway":null,"actualTime":null,"baggage":null,"delay":"10","estimatedRunway":null,"estimatedTime":"2025-11-09T07:40:00.000","gate":"63","iataCode":"MEX","icaoCode":"MMMX","scheduledTime":"2025-11-09T07:30:00.000","terminal":"2"},"flight":{"iataNumber":"AM110","icaoNumber":"AMX110","number":"110"},"status":"scheduled","type":"arrival"},{"aircraft":{"icao24":"","icaoCode":"A320","regNumber":""},"airline":{"iataCode":"VB","icaoCode":"VIV","name":"VivaAerobus"},"arrival":{"actualRunway":null,"actualTime":null,"baggage":null,"delay":null,"estimatedRunway":null,"estimatedTime":null,"gate":null,"iataCode":"TIJ","icaoCode":"MMTJ","scheduledTime":"2025-11-09T09:30:00.000","terminal":"A"},"codeshared":null,"departure":{"actualRunway":null,"actualTime":null,"baggage":null,"delay":"10","estimatedRunway":null,"estimatedTime":"2025-11-09T08:35:00.000","gate":null,"iataCode":"GDL","icaoCode":"MMGL","scheduledTime":"2025-11-09T08:25:00.000","terminal":"1"},"flight":{"iataNumber":"VB3120","icaoNumber":"VIV3120","number":"3120"},"status":"scheduled","type":"arrival"},{"aircraft":{"icao24":"","icaoCode":"A320","regNumber":""},"airline":{"iataCode":"VB","icaoCode":"VIV","name":"VivaAerobus"},"arrival":{"actualRunway":null,"actualTime":null,"baggage":null,"delay":null,"estimatedRunway":null,"estimatedTime":null,"gate":null,"iataCode":"TIJ","icaoCode":"MMTJ","scheduledTime":"2025-11-09T09:30:00.000","terminal":"A"},"codeshared":null,"departure":{"actualRunway":null,"actualTime":null,"baggage":null,"delay":"10","estimatedRunway":null,"estimatedTime":"2025-11-09T07:40:00.000","gate":null,"iataCode":"OAX","icaoCode":"MMOX","scheduledTime":"2025-11-09T07:30:00.000","terminal":null},"flight":{"iataNumber":"VB5075","icaoNumber":"VIV5075","number":"5075"},"status":"scheduled","type":"arrival"},{"aircraft":{"icao24":"0D0932","icaoCode":"A320","regNumber":"XA-VLL"},"airline":{"iataCode":"Y4","icaoCode":"VOI","name":"Volaris"},"arrival":{"actualRunway":null,"actualTime":null,"baggage":null,"delay":null,"estimatedRunway":null,"estimatedTime":null,"gate":null,"iataCode":"TIJ","icaoCode":"MMTJ","scheduledTime":"2025-11-09T09:31:00.000","terminal":"A"},"codeshared":null,"departure":{"actualRunway":null,"actualTime":null,"baggage":null,"delay":null,"estimatedRunway":null,"estimatedTime":"2025-11-09T08:32:00.000","gate":null,"iataCode":"LAP","icaoCode":"MMLP","scheduledTime":"2025-11-09T08:32:00.000","terminal":null},"flight":{"iataNumber":"Y43231","icaoNumber":"VOI3231","number":"3231"},"status":"scheduled","type":"arrival"},{"aircraft":{"icao24":"A695F9","icaoCode":"A320","regNumber":"N523VL"},"airline":{"iataCode":"Y4","icaoCode":"VOI","name":"Volaris"},"arrival":{"actualRunway":null,"actualTime":null,"baggage":null,"delay":null,"estimatedRunway":null,"estimatedTime":null,"gate":null,"iataCode":"TIJ","icaoCode":"MMTJ","scheduledTime":"2025-11-09T09:36:00.000","terminal":"A"},"codeshared":null,"departure":{"actualRunway":null,"actualTime":null,"baggage":null,"delay":null,"estimatedRunway":null,"estimatedTime":"2025-11-09T07:00:00.000","gate":"A2","iataCode":"TAP","icaoCode":"MMTP","scheduledTime":"2025-11-09T07:00:00.000","terminal":null},"flight":{"iataNumber":"Y43359","icaoNumber":"VOI3359","number":"3359"},"status":"scheduled","type":"arrival"},{"aircraft":{"icao24":"","icaoCode":"A321","regNumber":""},"airline":{"iataCode":"VB","icaoCode":"VIV","name":"VivaAerobus"},"arrival":{"actualRunway":null,"actualTime":null,"baggage":null,"delay":null,"estimatedRunway":null,"estimatedTime":null,"gate":null,"iataCode":"TIJ","icaoCode":"MMTJ","scheduledTime":"2025-11-09T09:45:00.000","terminal":"A"},"codeshared":null,"departure":{"actualRunway":null,"actualTime":null,"baggage":null,"delay":"10","estimatedRunway":null,"estimatedTime":"2025-11-09T08:10:00.000","gate":null,"iataCode":"VER","icaoCode":"MMVR","scheduledTime":"2025-11-09T08:00:00.000","terminal":null},"flight":{"iataNumber":"VB5141","icaoNumber":"VIV5141","number":"5141"},"status":"scheduled","type":"arrival"},{"aircraft":{"icao24":"0D0DD3","icaoCode":"A21N","regNumber":"XA-VSK"},"airline":{"iataCode":"Y4","icaoCode":"VOI","name":"Volaris"},"arrival":{"actualRunway":null,"actualTime":null,"baggage":null,"delay":null,"estimatedRunway":null,"estimatedTime":null,"gate":null,"iataCode":"TIJ","icaoCode":"MMTJ","scheduledTime":"2025-11-09T10:01:00.000","terminal":"A"},"codeshared":null,"departure":{"actualRunway":null,"actualTime":null,"baggage":null,"delay":null,"estimatedRunway":null,"estimatedTime":"2025-11-09T09:35:00.000","gate":null,"iataCode":"HMO","icaoCode":"MMHO","scheduledTime":"2025-11-09T09:35:00.000","terminal":null},"flight":{"iataNumber":"Y43181","icaoNumber":"VOI3181","number":"3181"},"status":"scheduled","type":"arrival"},{"aircraft":{"icao24":"A66355","icaoCode":"A320","regNumber":"N510VL"},"airline":{"iataCode":"Y4","icaoCode":"VOI","name":"Volaris"},"arrival":{"actualRunway":null,"actualTime":null,"baggage":null,"delay":null,"estimatedRunway":null,"estimatedTime":null,"gate":null,"iataCode":"TIJ","icaoCode":"MMTJ","scheduledTime":"2025-11-09T10:52:00.000","terminal":"A"},"codeshared":null,"departure":{"actualRunway":null,"actualTime":null,"baggage":null,"delay":null,"estimatedRunway":null,"estimatedTime":"2025-11-09T09:41:00.000","gate":"2","iataCode":"CUL","icaoCode":"MMCL","scheduledTime":"2025-11-09T09:41:00.000","terminal":null},"flight":{"iataNumber":"Y43001","icaoNumber":"VOI3001","number":"3001"},"status":"scheduled","type":"arrival"},{"aircraft":{"icao24":"0D07A8","icaoCode":"A320","regNumber":"XA-VOY"},"airline":{"iataCode":"Y4","icaoCode":"VOI","name":"Volaris"},"arrival":{"actualRunway":null,"actualTime":null,"baggage":null,"delay":null,"estimatedRunway":null,"estimatedTime":null,"gate":null,"iataCode":"TIJ","icaoCode":"MMTJ","scheduledTime":"2025-11-09T10:55:00.000","terminal":"A"},"codeshared":null,"departure":{"actualRunway":null,"actualTime":null,"baggage":null,"delay":null,"estimatedRunway":null,"estimatedTime":"2025-11-09T10:50:00.000","gate":"2","iataCode":"CUU","icaoCode":"MMCU","scheduledTime":"2025-11-09T10:50:00.000","terminal":null},"flight":{"iataNumber":"Y43291","icaoNumber":"VOI3291","number":"3291"},"status":"scheduled","type":"arrival"},{"aircraft":{"icao24":"0D10E3","icaoCode":"A20N","regNumber":"XA-VUP"},"airline":{"iataCode":"Y4","icaoCode":"VOI","name":"Volaris"},"arrival":{"actualRunway":null,"actualTime":null,"baggage":null,"delay":null,"estimatedRunway":null,"estimatedTime":null,"gate":null,"iataCode":"TIJ","icaoCode":"MMTJ","scheduledTime":"2025-11-09T10:57:00.000","terminal":"A"},"codeshared":null,"departure":{"actualRunway":null,"actualTime":null,"baggage":null,"delay":null,"estimatedRunway":null,"estimatedTime":"2025-11-09T09:55:00.000","gate":"3","iataCode":"MTY","icaoCode":"MMMY","scheduledTime":"2025-11-09T09:55:00.000","terminal":"A"},"flight":{"iataNumber":"Y45608","icaoNumber":"VOI5608","number":"5608"},"status":"scheduled","type":"arrival"},{"aircraft":{"icao24":"","icaoCode":"A320","regNumber":""},"airline":{"iataCode":"VB","icaoCode":"VIV","name":"VivaAerobus"},"arrival":{"actualRunway":null,"actualTime":null,"baggage":null,"delay":null,"estimatedRunway":null,"estimatedTime":null,"gate":null,"iataCode":"TIJ","icaoCode":"MMTJ","scheduledTime":"2025-11-09T11:00:00.000","terminal":"A"},"codeshared":null,"departure":{"actualRunway":null,"actualTime":null,"baggage":null,"delay":"10","estimatedRunway":null,"estimatedTime":"2025-11-09T10:00:00.000","gate":null,"iataCode":"CUL","icaoCode":"MMCL","scheduledTime":"2025-11-09T09:50:00.000","terminal":null},"flight":{"iataNumber":"VB5003","icaoNumber":"VIV5003","number":"5003"},"status":"scheduled","type":"arrival"},{"aircraft":{"icao24":"0D07F0","icaoCode":"B738","regNumber":"XA-AMG"},"airline":{"iataCode":"UX","icaoCode":"AEA","name":"Air Europa"},"arrival":{"actualRunway":null,"actualTime":null,"baggage":null,"delay":null,"estimatedRunway":null,"estimatedTime":null,"gate":"1","iataCode":"TIJ","icaoCode":"MMTJ","scheduledTime":"2025-11-09T11:07:00.000","terminal":"A"},"codeshared":{"airline":{"iataCode":"am","icaoCode":"amx","name":"aeromexico"},"flight":{"iataNumber":"am170","icaoNumber":"amx170","number":"170"}},"departure":{"actualRunway":null,"actualTime":null,"baggage":null,"delay":"10","estimatedRunway":null,"estimatedTime":"2025-11-09T09:20:00.000","gate":null,"iataCode":"MEX","icaoCode":"MMMX","scheduledTime":"2025-11-09T09:10:00.000","terminal":"2"},"flight":{"iataNumber":"UX2513","icaoNumber":"AEA2513","number":"2513"},"status":"scheduled","type":"arrival"},{"aircraft":{"icao24":"0D07F0","icaoCode":"B738","regNumber":"XA-AMG"},"airline":{"iataCode":"AF","icaoCode":"AFR","name":"Air France"},"arrival":{"actualRunway":null,"actualTime":null,"baggage":null,"delay":null,"estimatedRunway":null,"estimatedTime":null,"gate":"1","iataCode":"TIJ","icaoCode":"MMTJ","scheduledTime":"2025-11-09T11:07:00.000","terminal":"A"},"codeshared":{"airline":{"iataCode":"am","icaoCode":"amx","name":"aeromexico"},"flight":{"iataNumber":"am170","icaoNumber":"amx170","number":"170"}},"departure":{"actualRunway":null,"actualTime":null,"baggage":null,"delay":"10","estimatedRunway":null,"estimatedTime":"2025-11-09T09:20:00.000","gate":null,"iataCode":"MEX","icaoCode":"MMMX","scheduledTime":"2025-11-09T09:10:00.000","terminal":"2"},"flight":{"iataNumber":"AF9961","icaoNumber":"AFR9961","number":"9961"},"status":"scheduled","type":"arrival"},{"aircraft":{"icao24":"0D07F0","icaoCode":"B738","regNumber":"XA-AMG"},"airline":{"iataCode":"AM","icaoCode":"AMX","name":"Aeromexico"},"arrival":{"actualRunway":null,"actualTime":null,"baggage":null,"delay":null,"estimatedRunway":null,"estimatedTime":null,"gate":"1","iataCode":"TIJ","icaoCode":"MMTJ","scheduledTime":"2025-11-09T11:07:00.000","terminal":"A"},"codeshared":null,"departure":{"actualRunway":null,"actualTime":null,"baggage":null,"delay":"10","estimatedRunway":null,"estimatedTime":"2025-11-09T09:20:00.000","gate":null,"iataCode":"MEX","icaoCode":"MMMX","scheduledTime":"2025-11-09T09:10:00.000","terminal":"2"},"flight":{"iataNumber":"AM170","icaoNumber":"AMX170","number":"170"},"status":"scheduled","type":"arrival"},{"aircraft":{"icao24":"0D0E46","icaoCode":"A21N","regNumber":"XA-VST"},"airline":{"iataCode":"Y4","icaoCode":"VOI","name":"Volaris"},"arrival":{"actualRunway":null,"actualTime":null,"baggage":null,"delay":null,"estimatedRunway":null,"estimatedTime":null,"gate":null,"iataCode":"TIJ","icaoCode":"MMTJ","scheduledTime":"2025-11-09T11:24:00.000","terminal":"A"},"codeshared":null,"departure":{"actualRunway":null,"actualTime":null,"baggage":null,"delay":null,"estimatedRunway":null,"estimatedTime":"2025-11-09T09:56:00.000","gate":null,"iataCode":"MZT","icaoCode":"MMMZ","scheduledTime":"2025-11-09T09:56:00.000","terminal":null},"flight":{"iataNumber":"Y43193","icaoNumber":"VOI3193","number":"3193"},"status":"scheduled","type":"arrival"},{"aircraft":{"icao24":"A7D7B5","icaoCode":"CRJ7","regNumber":"N604SK"},"airline":{"iataCode":"OO","icaoCode":"SKW","name":"SkyWest Airlines"},"arrival":{"actualRunway":null,"actualTime":null,"baggage":null,"delay":null,"estimatedRunway":null,"estimatedTime":null,"gate":null,"iataCode":"TIJ","icaoCode":"MMTJ","scheduledTime":"2025-11-09T11:34:00.000","terminal":"A"},"codeshared":null,"departure":{"actualRunway":null,"actualTime":null,"baggage":null,"delay":null,"estimatedRunway":null,"estimatedTime":"2025-11-09T11:04:00.000","gate":"B5","iataCode":"PHX","icaoCode":"KPHX","scheduledTime":"2025-11-09T11:04:00.000","terminal":"4"},"flight":{"iataNumber":"OO6455","icaoNumber":"SKW6455","number":"6455"},"status":"scheduled","type":"arrival"},{"aircraft":{"icao24":"0D0F13","icaoCode":"A21N","regNumber":"XA-VUB"},"airline":{"iataCode":"Y4","icaoCode":"VOI","name":"Volaris"},"arrival":{"actualRunway":null,"actualTime":null,"baggage":null,"delay":null,"estimatedRunway":null,"estimatedTime":null,"gate":null,"iataCode":"TIJ","icaoCode":"MMTJ","scheduledTime":"2025-11-09T11:45:00.000","terminal":"A"},"codeshared":null,"departure":{"actualRunway":null,"actualTime":null,"baggage":null,"delay":null,"estimatedRunway":null,"estimatedTime":"2025-11-09T10:00:00.000","gate":"2","iataCode":"ACA","icaoCode":"MMAA","scheduledTime":"2025-11-09T10:00:00.000","terminal":null},"flight":{"iataNumber":"Y43269","icaoNumber":"VOI3269","number":"3269"},"status":"scheduled","type":"arrival"}]}