{"pagination":{"limit":100,"offset":0,"count":100,"total":101},"data":[{"flight_date":"2025-11-11","flight_status":"scheduled","departure":{"airport":"Gen Mariano Escobedo","timezone":"America\/Monterrey","iata":"MTY","icao":"MMMY","terminal":null,"gate":null,"delay":10,"scheduled":null,"estimated":null,"actual":null,"estimated_runway":null,"actual_runway":null},"arrival":{"airport":"General A. L. Rodriguez International","timezone":"America\/Tijuana","iata":"TIJ","icao":"MMTJ","terminal":null,"gate":null,"baggage":null,"scheduled":null,"delay":null,"estimated":null,"actual":null,"estimated_runway":null,"actual_runway":null},"airline":{"name":"VivaAerobus","iata":"VB","icao":"VIV"},"flight":{"number":"4080","iata":"VB4080","icao":"VIV4080","codeshared":null},"aircraft":null,"live":null},{"flight_date":"2025-11-11","flight_status":"scheduled","departure":{"airport":"Aguascalients","timezone":"America\/Mexico_City","iata":"AGU","icao":"MMAS","terminal":null,"gate":null,"delay":null,"scheduled":null,"estimated":null,"actual":null,"estimated_runway":null,"actual_runway":null},"arrival":{"airport":"General A. L. Rodriguez International","timezone":"America\/Tijuana","iata":"TIJ","icao":"MMTJ","terminal":null,"gate":null,"baggage":null,"scheduled":null,"delay":null,"estimated":null,"actual":null,"estimated_runway":null,"actual_runway":null},"airline":{"name":"Volaris","iata":"Y4","icao":"VOI"},"flight":{"number":"3201","iata":"Y43201","icao":"VOI3201","codeshared":null},"aircraft":null,"live":null},{"flight_date":"2025-11-11","flight_status":"active","departure":{"airport":"Las Bajadas","timezone":"America\/Mexico_City","iata":"VER","icao":"MMVR","terminal":null,"gate":null,"delay":10,"scheduled":null,"estimated":null,"actual":null,"estimated_runway":null,"actual_runway":null},"arrival":{"airport":"General A. L. Rodriguez International","timezone":"America\/Tijuana","iata":"TIJ","icao":"MMTJ","terminal":null,"gate":null,"baggage":null,"scheduled":null,"delay":null,"estimated":null,"actual":null,"estimated_runway":null,"actual_runway":null},"airline":{"name":"VivaAerobus","iata":"VB","icao":"VIV"},"flight":{"number":"5141","iata":"VB5141","icao":"VIV5141","codeshared":null},"aircraft":null,"live":null},{"flight_date":"2025-11-11","flight_status":"scheduled","departure":{"airport":"Don Miguel Hidalgo y Costilla International","timezone":"America\/Mexico_City","iata":"GDL","icao":"MMGL","terminal":null,"gate":null,"delay":10,"scheduled":null,"estimated":null,"actual":null,"estimated_runway":null,"actual_runway":null},"arrival":{"airport":"General A. L. Rodriguez International","timezone":"America\/Tijuana","iata":"TIJ","icao":"MMTJ","terminal":null,"gate":null,"baggage":null,"scheduled":null,"delay":null,"estimated":null,"actual":null,"estimated_runway":null,"actual_runway":null},"airline":{"name":"VivaAerobus","iata":"VB","icao":"VIV"},"flight":{"number":"3118","iata":"VB3118","icao":"VIV3118","codeshared":null},"aircraft":null,"live":null},{"flight_date":"2025-11-11","flight_status":"landed","departure":{"airport":"Beijing Capital International","timezone":"Asia\/Shanghai","iata":"PEK","icao":"ZBAA","terminal":null,"gate":null,"delay":10,"scheduled":null,"estimated":null,"actual":null,"estimated_runway":null,"actual_runway":null},"arrival":{"airport":"General A. L. Rodriguez International","timezone":"America\/Tijuana","iata":"TIJ","icao":"MMTJ","terminal":null,"gate":null,"baggage":null,"scheduled":null,"delay":null,"estimated":null,"actual":null,"estimated_runway":null,"actual_runway":null},"airline":{"name":"Hainan Airlines","iata":"HU","icao":"CHH"},"flight":{"number":"7925","iata":"HU7925","icao":"CHH7925","codeshared":null},"aircraft":null,"live":null},{"flight_date":"2025-11-11","flight_status":"active","departure":{"airport":"Francisco J. M\u00fagica Internacional","timezone":"America\/Mexico_City","iata":"MLM","icao":"MMMM","terminal":null,"gate":null,"delay":60,"scheduled":null,"estimated":null,"actual":null,"estimated_runway":null,"actual_runway":null},"arrival":{"airport":"General A. L. Rodriguez International","timezone":"America\/Tijuana","iata":"TIJ","icao":"MMTJ","terminal":null,"gate":null,"baggage":null,"scheduled":null,"delay":null,"estimated":null,"actual":null,"estimated_runway":null,"actual_runway":null},"airline":{"name":"Volaris","iata":"Y4","icao":"VOI"},"flight":{"number":"3063","iata":"Y43063","icao":"VOI3063","codeshared":null},"aircraft":null,"live":null},{"flight_date":"2025-11-11","flight_status":"active","departure":{"airport":"Francisco J. M\u00fagica Internacional","timezone":"America\/Mexico_City","iata":"MLM","icao":"MMMM","terminal":null,"gate":null,"delay":24,"scheduled":null,"estimated":null,"actual":null,"estimated_runway":null,"actual_runway":null},"arrival":{"airport":"General A. L. Rodriguez International","timezone":"America\/Tijuana","iata":"TIJ","icao":"MMTJ","terminal":null,"gate":null,"baggage":null,"scheduled":null,"delay":3,"estimated":null,"actual":null,"estimated_runway":null,"actual_runway":null},"airline":{"name":"VivaAerobus","iata":"VB","icao":"VIV"},"flight":{"number":"5019","iata":"VB5019","icao":"VIV5019","codeshared":null},"aircraft":null,"live":null},{"flight_date":"2025-11-11","flight_status":"active","departure":{"airport":"Francisco J. M\u00fagica Internacional","timezone":"America\/Mexico_City","iata":"MLM","icao":"MMMM","terminal":null,"gate":null,"delay":null,"scheduled":null,"estimated":null,"actual":null,"estimated_runway":null,"actual_runway":null},"arrival":{"airport":"General A. L. Rodriguez International","timezone":"America\/Tijuana","iata":"TIJ","icao":"MMTJ","terminal":null,"gate":null,"baggage":null,"scheduled":null,"delay":null,"estimated":null,"actual":null,"estimated_runway":null,"actual_runway":null},"airline":{"name":"Volaris","iata":"Y4","icao":"VOI"},"flight":{"number":"5907","iata":"Y45907","icao":"VOI5907","codeshared":null},"aircraft":null,"live":null},{"flight_date":"2025-11-11","flight_status":"active","departure":{"airport":"General Manuel M\u00e1rquez De Le\u00f3n International Airport","timezone":"America\/Mazatlan","iata":"LAP","icao":"MMLP","terminal":null,"gate":null,"delay":18,"scheduled":null,"estimated":null,"actual":null,"estimated_runway":null,"actual_runway":null},"arrival":{"airport":"General A. L. Rodriguez International","timezone":"America\/Tijuana","iata":"TIJ","icao":"MMTJ","terminal":null,"gate":null,"baggage":null,"scheduled":null,"delay":null,"estimated":null,"actual":null,"estimated_runway":null,"actual_runway":null},"airline":{"name":"Volaris","iata":"Y4","icao":"VOI"},"flight":{"number":"3231","iata":"Y43231","icao":"VOI3231","codeshared":null},"aircraft":null,"live":null},{"flight_date":"2025-11-11","flight_status":"cancelled","departure":{"airport":"General Manuel M\u00e1rquez De Le\u00f3n International Airport","timezone":"America\/Mazatlan","iata":"LAP","icao":"MMLP","terminal":null,"gate":null,"delay":10,"scheduled":null,"estimated":null,"actual":null,"estimated_runway":null,"actual_runway":null},"arrival":{"airport":"General A. L. Rodriguez International","timezone":"America\/Tijuana","iata":"TIJ","icao":"MMTJ","terminal":null,"gate":null,"baggage":null,"scheduled":null,"delay":null,"estimated":null,"actual":null,"estimated_runway":null,"actual_runway":null},"airline":{"name":"Volaris","iata":"Y4","icao":"VOI"},"flight":{"number":"3233","iata":"Y43233","icao":"VOI3233","codeshared":null},"aircraft":null,"live":null},{"flight_date":"2025-11-11","flight_status":"cancelled","departure":{"airport":"Abraham Gonzalez International","timezone":"America\/Ojinaga","iata":"CJS","icao":"MMCS","terminal":null,"gate":null,"delay":10,"scheduled":null,"estimated":null,"actual":null,"estimated_runway":null,"actual_runway":null},"arrival":{"airport":"General A. L. Rodriguez International","timezone":"America\/Tijuana","iata":"TIJ","icao":"MMTJ","terminal":null,"gate":null,"baggage":null,"scheduled":null,"delay":null,"estimated":null,"actual":null,"estimated_runway":null,"actual_runway":null},"airline":{"name":"Volaris","iata":"Y4","icao":"VOI"},"flight":{"number":"3281","iata":"Y43281","icao":"VOI3281","codeshared":null},"aircraft":null,"live":null},{"flight_date":"2025-11-11","flight_status":"scheduled","departure":{"airport":"Colima","timezone":"America\/Mexico_City","iata":"CLQ","icao":"MMIA","terminal":null,"gate":null,"delay":null,"scheduled":null,"estimated":null,"actual":null,"estimated_runway":null,"actual_runway":null},"arrival":{"airport":"General A. L. Rodriguez International","timezone":"America\/Tijuana","iata":"TIJ","icao":"MMTJ","terminal":null,"gate":null,"baggage":null,"scheduled":null,"delay":null,"estimated":null,"actual":null,"estimated_runway":null,"actual_runway":null},"airline":{"name":"Volaris","iata":"Y4","icao":"VOI"},"flight":{"number":"3263","iata":"Y43263","icao":"VOI3263","codeshared":null},"aircraft":null,"live":null},{"flight_date":"2025-11-11","flight_status":"scheduled","departure":{"airport":"Licenciado Gustavo D\u00edaz Ordaz International","timezone":"America\/Mexico_City","iata":"PVR","icao":"MMPR","terminal":null,"gate":null,"delay":128,"scheduled":null,"estimated":null,"actual":null,"estimated_runway":null,"actual_runway":null},"arrival":{"airport":"General A. L. Rodriguez International","timezone":"America\/Tijuana","iata":"TIJ","icao":"MMTJ","terminal":null,"gate":null,"baggage":null,"scheduled":null,"delay":null,"estimated":null,"actual":null,"estimated_runway":null,"actual_runway":null},"airline":{"name":"Volaris","iata":"Y4","icao":"VOI"},"flight":{"number":"3121","iata":"Y43121","icao":"VOI3121","codeshared":null},"aircraft":null,"live":null},{"flight_date":"2025-11-11","flight_status":"active","departure":{"airport":null,"timezone":null,"iata":"NLU","icao":"MMSM","terminal":null,"gate":null,"delay":10,"scheduled":null,"estimated":null,"actual":null,"estimated_runway":null,"actual_runway":null},"arrival":{"airport":"General A. L. Rodriguez International","timezone":"America\/Tijuana","iata":"TIJ","icao":"MMTJ","terminal":null,"gate":null,"baggage":null,"scheduled":null,"delay":null,"estimated":null,"actual":null,"estimated_runway":null,"actual_runway":null},"airline":{"name":"VivaAerobus","iata":"VB","icao":"VIV"},"flight":{"number":"5069","iata":"VB5069","icao":"VIV5069","codeshared":null},"aircraft":null,"live":null},{"flight_date":"2025-11-11","flight_status":"landed","departure":{"airport":null,"timezone":null,"iata":"NLU","icao":"MMSM","terminal":null,"gate":null,"delay":17,"scheduled":null,"estimated":null,"actual":null,"estimated_runway":null,"actual_runway":null},"arrival":{"airport":"General A. L. Rodriguez International","timezone":"America\/Tijuana","iata":"TIJ","icao":"MMTJ","terminal":null,"gate":null,"baggage":null,"scheduled":null,"delay":null,"estimated":null,"actual":null,"estimated_runway":null,"actual_runway":null},"airline":{"name":"VivaAerobus","iata":"VB","icao":"VIV"},"flight":{"number":"7429","iata":"VB7429","icao":"VIV7429","codeshared":null},"aircraft":null,"live":null},{"flight_date":"2025-11-11","flight_status":"active","departure":{"airport":"Ingeniero Fernando Espinoza Guti\u00e9rrez International","timezone":"America\/Mexico_City","iata":"QRO","icao":"MMQT","terminal":null,"gate":null,"delay":60,"scheduled":null,"estimated":null,"actual":null,"estimated_runway":null,"actual_runway":null},"arrival":{"airport":"General A. L. Rodriguez International","timezone":"America\/Tijuana","iata":"TIJ","icao":"MMTJ","terminal":null,"gate":null,"baggage":null,"scheduled":null,"delay":null,"estimated":null,"actual":null,"estimated_runway":null,"actual_runway":null},"airline":{"name":"Volaris","iata":"Y4","icao":"VOI"},"flight":{"number":"3352","iata":"Y43352","icao":"VOI3352","codeshared":null},"aircraft":null,"live":null},{"flight_date":"2025-11-11","flight_status":"scheduled","departure":{"airport":"Ingeniero Fernando Espinoza Guti\u00e9rrez International","timezone":"America\/Mexico_City","iata":"QRO","icao":"MMQT","terminal":null,"gate":null,"delay":129,"scheduled":null,"estimated":null,"actual":null,"estimated_runway":null,"actual_runway":null},"arrival":{"airport":"General A. L. Rodriguez International","timezone":"America\/Tijuana","iata":"TIJ","icao":"MMTJ","terminal":null,"gate":null,"baggage":null,"scheduled":null,"delay":null,"estimated":null,"actual":null,"estimated_runway":null,"actual_runway":null},"airline":{"name":"Volaris","iata":"Y4","icao":"VOI"},"flight":{"number":"3355","iata":"Y43355","icao":"VOI3355","codeshared":null},"aircraft":null,"live":null},{"flight_date":"2025-11-11","flight_status":"active","departure":{"airport":"Don Miguel Hidalgo y Costilla International","timezone":"America\/Mexico_City","iata":"GDL","icao":"MMGL","terminal":null,"gate":null,"delay":120,"scheduled":null,"estimated":null,"actual":null,"estimated_runway":null,"actual_runway":null},"arrival":{"airport":"General A. L. Rodriguez International","timezone":"America\/Tijuana","iata":"TIJ","icao":"MMTJ","terminal":null,"gate":null,"baggage":null,"scheduled":null,"delay":null,"estimated":null,"actual":null,"estimated_runway":null,"actual_runway":null},"airline":{"name":"Volaris","iata":"Y4","icao":"VOI"},"flight":{"number":"1002","iata":"Y41002","icao":"VOI1002","codeshared":null},"aircraft":null,"live":null},{"flight_date":"2025-11-11","flight_status":"active","departure":{"airport":"Don Miguel Hidalgo y Costilla International","timezone":"America\/Mexico_City","iata":"GDL","icao":"MMGL","terminal":null,"gate":null,"delay":10,"scheduled":null,"estimated":null,"actual":null,"estimated_runway":null,"actual_runway":null},"arrival":{"airport":"General A. L. Rodriguez International","timezone":"America\/Tijuana","iata":"TIJ","icao":"MMTJ","terminal":null,"gate":null,"baggage":null,"scheduled":null,"delay":null,"estimated":null,"actual":null,"estimated_runway":null,"actual_runway":null},"airline":{"name":"VivaAerobus","iata":"VB","icao":"VIV"},"flight":{"number":"3114","iata":"VB3114","icao":"VIV3114","codeshared":null},"aircraft":null,"live":null},{"flight_date":"2025-11-11","flight_status":"active","departure":{"airport":"Don Miguel Hidalgo y Costilla International","timezone":"America\/Mexico_City","iata":"GDL","icao":"MMGL","terminal":null,"gate":null,"delay":60,"scheduled":null,"estimated":null,"actual":null,"estimated_runway":null,"actual_runway":null},"arrival":{"airport":"General A. L. Rodriguez International","timezone":"America\/Tijuana","iata":"TIJ","icao":"MMTJ","terminal":null,"gate":null,"baggage":null,"scheduled":null,"delay":null,"estimated":null,"actual":null,"estimated_runway":null,"actual_runway":null},"airline":{"name":"Volaris","iata":"Y4","icao":"VOI"},"flight":{"number":"1004","iata":"Y41004","icao":"VOI1004","codeshared":null},"aircraft":null,"live":null},{"flight_date":"2025-11-11","flight_status":"active","departure":{"airport":"Don Miguel Hidalgo y Costilla International","timezone":"America\/Mexico_City","iata":"GDL","icao":"MMGL","terminal":null,"gate":null,"delay":45,"scheduled":null,"estimated":null,"actual":null,"estimated_runway":null,"actual_runway":null},"arrival":{"airport":"General A. L. Rodriguez International","timezone":"America\/Tijuana","iata":"TIJ","icao":"MMTJ","terminal":null,"gate":null,"baggage":null,"scheduled":null,"delay":null,"estimated":null,"actual":null,"estimated_runway":null,"actual_runway":null},"airline":{"name":"Volaris","iata":"Y4","icao":"VOI"},"flight":{"number":"1000","iata":"Y41000","icao":"VOI1000","codeshared":null},"aircraft":null,"live":null},{"flight_date":"2025-11-11","flight_status":"active","departure":{"airport":"Don Miguel Hidalgo y Costilla International","timezone":"America\/Mexico_City","iata":"GDL","icao":"MMGL","terminal":null,"gate":null,"delay":32,"scheduled":null,"estimated":null,"actual":null,"estimated_runway":null,"actual_runway":null},"arrival":{"airport":"General A. L. Rodriguez International","timezone":"America\/Tijuana","iata":"TIJ","icao":"MMTJ","terminal":null,"gate":null,"baggage":null,"scheduled":null,"delay":1,"estimated":null,"actual":null,"estimated_runway":null,"actual_runway":null},"airline":{"name":"VivaAerobus","iata":"VB","icao":"VIV"},"flight":{"number":"3120","iata":"VB3120","icao":"VIV3120","codeshared":null},"aircraft":null,"live":null},{"flight_date":"2025-11-11","flight_status":"scheduled","departure":{"airport":"Don Miguel Hidalgo y Costilla International","timezone":"America\/Mexico_City","iata":"GDL","icao":"MMGL","terminal":null,"gate":null,"delay":10,"scheduled":null,"estimated":null,"actual":null,"estimated_runway":null,"actual_runway":null},"arrival":{"airport":"General A. L. Rodriguez International","timezone":"America\/Tijuana","iata":"TIJ","icao":"MMTJ","terminal":null,"gate":null,"baggage":null,"scheduled":null,"delay":null,"estimated":null,"actual":null,"estimated_runway":null,"actual_runway":null},"airline":{"name":"VivaAerobus","iata":"VB","icao":"VIV"},"flight":{"number":"3110","iata":"VB3110","icao":"VIV3110","codeshared":null},"aircraft":null,"live":null},{"flight_date":"2025-11-11","flight_status":"active","departure":{"airport":"Don Miguel Hidalgo y Costilla International","timezone":"America\/Mexico_City","iata":"GDL","icao":"MMGL","terminal":null,"gate":null,"delay":241,"scheduled":null,"estimated":null,"actual":null,"estimated_runway":null,"actual_runway":null},"arrival":{"airport":"General A. L. Rodriguez International","timezone":"America\/Tijuana","iata":"TIJ","icao":"MMTJ","terminal":null,"gate":null,"baggage":null,"scheduled":null,"delay":null,"estimated":null,"actual":null,"estimated_runway":null,"actual_runway":null},"airline":{"name":"Volaris","iata":"Y4","icao":"VOI"},"flight":{"number":"1014","iata":"Y41014","icao":"VOI1014","codeshared":null},"aircraft":null,"live":null},{"flight_date":"2025-11-11","flight_status":"active","departure":{"airport":"La Calera","timezone":"America\/Mexico_City","iata":"ZCL","icao":"MMZC","terminal":null,"gate":null,"delay":60,"scheduled":null,"estimated":null,"actual":null,"estimated_runway":null,"actual_runway":null},"arrival":{"airport":"General A. L. Rodriguez International","timezone":"America\/Tijuana","iata":"TIJ","icao":"MMTJ","terminal":null,"gate":null,"baggage":null,"scheduled":null,"delay":null,"estimated":null,"actual":null,"estimated_runway":null,"actual_runway":null},"airline":{"name":"Volaris","iata":"Y4","icao":"VOI"},"flight":{"number":"3211","iata":"Y43211","icao":"VOI3211","codeshared":null},"aircraft":null,"live":null},{"flight_date":"2025-11-11","flight_status":"scheduled","departure":{"airport":"La Calera","timezone":"America\/Mexico_City","iata":"ZCL","icao":"MMZC","terminal":null,"gate":null,"delay":228,"scheduled":null,"estimated":null,"actual":null,"estimated_runway":null,"actual_runway":null},"arrival":{"airport":"General A. L. Rodriguez International","timezone":"America\/Tijuana","iata":"TIJ","icao":"MMTJ","terminal":null,"gate":null,"baggage":null,"scheduled":null,"delay":null,"estimated":null,"actual":null,"estimated_runway":null,"actual_runway":null},"airline":{"name":"Volaris","iata":"Y4","icao":"VOI"},"flight":{"number":"3213","iata":"Y43213","icao":"VOI3213","codeshared":null},"aircraft":null,"live":null},{"flight_date":"2025-11-11","flight_status":"landed","departure":{"airport":"Keflavik International","timezone":"Atlantic\/Reykjavik","iata":"KEF","icao":"BIKF","terminal":null,"gate":null,"delay":6,"scheduled":null,"estimated":null,"actual":null,"estimated_runway":null,"actual_runway":null},"arrival":{"airport":"General A. L. Rodriguez International","timezone":"America\/Tijuana","iata":"TIJ","icao":"MMTJ","terminal":null,"gate":null,"baggage":null,"scheduled":null,"delay":null,"estimated":null,"actual":null,"estimated_runway":null,"actual_runway":null},"airline":{"name":"empty","iata":null,"icao":null},"flight":{"number":null,"iata":null,"icao":null,"codeshared":null},"aircraft":null,"live":null},{"flight_date":"2025-11-11","flight_status":"landed","departure":{"airport":"Francisco J. M\u00fagica Internacional","timezone":"America\/Mexico_City","iata":"MLM","icao":"MMMM","terminal":null,"gate":null,"delay":41,"scheduled":null,"estimated":null,"actual":null,"estimated_runway":null,"actual_runway":null},"arrival":{"airport":"General A. L. Rodriguez International","timezone":"America\/Tijuana","iata":"TIJ","icao":"MMTJ","terminal":null,"gate":null,"baggage":null,"scheduled":null,"delay":null,"estimated":null,"actual":null,"estimated_runway":null,"actual_runway":null},"airline":{"name":"Volaris","iata":"Y4","icao":"VOI"},"flight":{"number":"3061","iata":"Y43061","icao":"VOI3061","codeshared":null},"aircraft":null,"live":null},{"flight_date":"2025-11-11","flight_status":"active","departure":{"airport":"General Juan N. Alvarez International","timezone":"America\/Mexico_City","iata":"ACA","icao":"MMAA","terminal":null,"gate":null,"delay":null,"scheduled":null,"estimated":null,"actual":null,"estimated_runway":null,"actual_runway":null},"arrival":{"airport":"General A. L. Rodriguez International","timezone":"America\/Tijuana","iata":"TIJ","icao":"MMTJ","terminal":null,"gate":null,"baggage":null,"scheduled":null,"delay":null,"estimated":null,"actual":null,"estimated_runway":null,"actual_runway":null},"airline":{"name":"Volaris","iata":"Y4","icao":"VOI"},"flight":{"number":"3269","iata":"Y43269","icao":"VOI3269","codeshared":null},"aircraft":null,"live":null},{"flight_date":"2025-11-11","flight_status":"landed","departure":{"airport":"Los Cabos","timezone":"America\/Mazatlan","iata":"SJD","icao":"MMSD","terminal":null,"gate":null,"delay":56,"scheduled":null,"estimated":null,"actual":null,"estimated_runway":null,"actual_runway":null},"arrival":{"airport":"General A. L. Rodriguez International","timezone":"America\/Tijuana","iata":"TIJ","icao":"MMTJ","terminal":null,"gate":null,"baggage":null,"scheduled":null,"delay":null,"estimated":null,"actual":null,"estimated_runway":null,"actual_runway":null},"airline":{"name":"Volaris","iata":"Y4","icao":"VOI"},"flight":{"number":"3101","iata":"Y43101","icao":"VOI3101","codeshared":null},"aircraft":null,"live":null},{"flight_date":"2025-11-11","flight_status":"landed","departure":{"airport":"Los Cabos","timezone":"America\/Mazatlan","iata":"SJD","icao":"MMSD","terminal":null,"gate":null,"delay":10,"scheduled":null,"estimated":null,"actual":null,"estimated_runway":null,"actual_runway":null},"arrival":{"airport":"General A. L. Rodriguez International","timezone":"America\/Tijuana","iata":"TIJ","icao":"MMTJ","terminal":null,"gate":null,"baggage":null,"scheduled":null,"delay":null,"estimated":null,"actual":null,"estimated_runway":null,"actual_runway":null},"airline":{"name":"Volaris","iata":"Y4","icao":"VOI"},"flight":{"number":"3103","iata":"Y43103","icao":"VOI3103","codeshared":null},"aircraft":null,"live":null},{"flight_date":"2025-11-11","flight_status":"landed","departure":{"airport":"Los Cabos","timezone":"America\/Mazatlan","iata":"SJD","icao":"MMSD","terminal":null,"gate":null,"delay":2,"scheduled":null,"estimated":null,"actual":null,"estimated_runway":null,"actual_runway":null},"arrival":{"airport":"General A. L. Rodriguez International","timezone":"America\/Tijuana","iata":"TIJ","icao":"MMTJ","terminal":null,"gate":null,"baggage":null,"scheduled":null,"delay":null,"estimated":null,"actual":null,"estimated_runway":null,"actual_runway":null},"airline":{"name":"VivaAerobus","iata":"VB","icao":"VIV"},"flight":{"number":"7055","iata":"VB7055","icao":"VIV7055","codeshared":null},"aircraft":null,"live":null},{"flight_date":"2025-11-11","flight_status":"scheduled","departure":{"airport":"Los Cabos","timezone":"America\/Mazatlan","iata":"SJD","icao":"MMSD","terminal":null,"gate":null,"delay":97,"scheduled":null,"estimated":null,"actual":null,"estimated_runway":null,"actual_runway":null},"arrival":{"airport":"General A. L. Rodriguez International","timezone":"America\/Tijuana","iata":"TIJ","icao":"MMTJ","terminal":null,"gate":null,"baggage":null,"scheduled":null,"delay":null,"estimated":null,"actual":null,"estimated_runway":null,"actual_runway":null},"airline":{"name":"Volaris","iata":"Y4","icao":"VOI"},"flight":{"number":"3105","iata":"Y43105","icao":"VOI3105","codeshared":null},"aircraft":null,"live":null},{"flight_date":"2025-11-11","flight_status":"scheduled","departure":{"airport":"Las Bajadas","timezone":"America\/Mexico_City","iata":"VER","icao":"MMVR","terminal":null,"gate":null,"delay":228,"scheduled":null,"estimated":null,"actual":null,"estimated_runway":null,"actual_runway":null},"arrival":{"airport":"General A. L. Rodriguez International","timezone":"America\/Tijuana","iata":"TIJ","icao":"MMTJ","terminal":null,"gate":null,"baggage":null,"scheduled":null,"delay":null,"estimated":null,"actual":null,"estimated_runway":null,"actual_runway":null},"airline":{"name":"Volaris","iata":"Y4","icao":"VOI"},"flight":{"number":"3383","iata":"Y43383","icao":"VOI3383","codeshared":null},"aircraft":null,"live":null},{"flight_date":"2025-11-11","flight_status":"scheduled","departure":{"airport":"Gen Rafael Buelna","timezone":"America\/Mazatlan","iata":"MZT","icao":"MMMZ","terminal":null,"gate":null,"delay":null,"scheduled":null,"estimated":null,"actual":null,"estimated_runway":null,"actual_runway":null},"arrival":{"airport":"General A. L. Rodriguez International","timezone":"America\/Tijuana","iata":"TIJ","icao":"MMTJ","terminal":null,"gate":null,"baggage":null,"scheduled":null,"delay":null,"estimated":null,"actual":null,"estimated_runway":null,"actual_runway":null},"airline":{"name":"VivaAerobus","iata":"VB","icao":"VIV"},"flight":{"number":"5043","iata":"VB5043","icao":"VIV5043","codeshared":null},"aircraft":null,"live":null},{"flight_date":"2025-11-11","flight_status":"active","departure":{"airport":"Gen Rafael Buelna","timezone":"America\/Mazatlan","iata":"MZT","icao":"MMMZ","terminal":null,"gate":null,"delay":9,"scheduled":null,"estimated":null,"actual":null,"estimated_runway":null,"actual_runway":null},"arrival":{"airport":"General A. L. Rodriguez International","timezone":"America\/Tijuana","iata":"TIJ","icao":"MMTJ","terminal":null,"gate":null,"baggage":null,"scheduled":null,"delay":null,"estimated":null,"actual":null,"estimated_runway":null,"actual_runway":null},"airline":{"name":"Volaris","iata":"Y4","icao":"VOI"},"flight":{"number":"3193","iata":"Y43193","icao":"VOI3193","codeshared":null},"aircraft":null,"live":null},{"flight_date":"2025-11-11","flight_status":"landed","departure":{"airport":"Gen Rafael Buelna","timezone":"America\/Mazatlan","iata":"MZT","icao":"MMMZ","terminal":null,"gate":null,"delay":52,"scheduled":null,"estimated":null,"actual":null,"estimated_runway":null,"actual_runway":null},"arrival":{"airport":"General A. L. Rodriguez International","timezone":"America\/Tijuana","iata":"TIJ","icao":"MMTJ","terminal":null,"gate":null,"baggage":null,"scheduled":null,"delay":null,"estimated":null,"actual":null,"estimated_runway":null,"actual_runway":null},"airline":{"name":"Volaris","iata":"Y4","icao":"VOI"},"flight":{"number":"3191","iata":"Y43191","icao":"VOI3191","codeshared":null},"aircraft":null,"live":null},{"flight_date":"2025-11-11","flight_status":"active","departure":{"airport":"Gen Rafael Buelna","timezone":"America\/Mazatlan","iata":"MZT","icao":"MMMZ","terminal":null,"gate":null,"delay":184,"scheduled":null,"estimated":null,"actual":null,"estimated_runway":null,"actual_runway":null},"arrival":{"airport":"General A. L. Rodriguez International","timezone":"America\/Tijuana","iata":"TIJ","icao":"MMTJ","terminal":null,"gate":null,"baggage":null,"scheduled":null,"delay":null,"estimated":null,"actual":null,"estimated_runway":null,"actual_runway":null},"airline":{"name":"Volaris","iata":"Y4","icao":"VOI"},"flight":{"number":"3195","iata":"Y43195","icao":"VOI3195","codeshared":null},"aircraft":null,"live":null},{"flight_date":"2025-11-11","flight_status":"scheduled","departure":{"airport":"Abraham Gonzalez International","timezone":"America\/Ojinaga","iata":"CJS","icao":"MMCS","terminal":null,"gate":null,"delay":12,"scheduled":null,"estimated":null,"actual":null,"estimated_runway":null,"actual_runway":null},"arrival":{"airport":"General A. L. Rodriguez International","timezone":"America\/Tijuana","iata":"TIJ","icao":"MMTJ","terminal":null,"gate":null,"baggage":null,"scheduled":null,"delay":null,"estimated":null,"actual":null,"estimated_runway":null,"actual_runway":null},"airline":{"name":"Volaris","iata":"Y4","icao":"VOI"},"flight":{"number":"3283","iata":"Y43283","icao":"VOI3283","codeshared":null},"aircraft":null,"live":null},{"flight_date":"2025-11-11","flight_status":"active","departure":{"airport":null,"timezone":null,"iata":"NLU","icao":"MMSM","terminal":null,"gate":null,"delay":19,"scheduled":null,"estimated":null,"actual":null,"estimated_runway":null,"actual_runway":null},"arrival":{"airport":"General A. L. Rodriguez International","timezone":"America\/Tijuana","iata":"TIJ","icao":"MMTJ","terminal":null,"gate":null,"baggage":null,"scheduled":null,"delay":null,"estimated":null,"actual":null,"estimated_runway":null,"actual_runway":null},"airline":{"name":"Mexicana","iata":"XN","icao":"MXA"},"flight":{"number":"1204","iata":"XN1204","icao":"MXA1204","codeshared":null},"aircraft":null,"live":null},{"flight_date":"2025-11-11","flight_status":"active","departure":{"airport":null,"timezone":null,"iata":"NLU","icao":"MMSM","terminal":null,"gate":null,"delay":7,"scheduled":null,"estimated":null,"actual":null,"estimated_runway":null,"actual_runway":null},"arrival":{"airport":"General A. L. Rodriguez International","timezone":"America\/Tijuana","iata":"TIJ","icao":"MMTJ","terminal":null,"gate":null,"baggage":null,"scheduled":null,"delay":null,"estimated":null,"actual":null,"estimated_runway":null,"actual_runway":null},"airline":{"name":"VivaAerobus","iata":"VB","icao":"VIV"},"flight":{"number":"5067","iata":"VB5067","icao":"VIV5067","codeshared":null},"aircraft":null,"live":null},{"flight_date":"2025-11-11","flight_status":"scheduled","departure":{"airport":null,"timezone":null,"iata":"NLU","icao":"MMSM","terminal":null,"gate":null,"delay":32,"scheduled":null,"estimated":null,"actual":null,"estimated_runway":null,"actual_runway":null},"arrival":{"airport":"General A. L. Rodriguez International","timezone":"America\/Tijuana","iata":"TIJ","icao":"MMTJ","terminal":null,"gate":null,"baggage":null,"scheduled":null,"delay":null,"estimated":null,"actual":null,"estimated_runway":null,"actual_runway":null},"airline":{"name":"Volaris","iata":"Y4","icao":"VOI"},"flight":{"number":"3297","iata":"Y43297","icao":"VOI3297","codeshared":null},"aircraft":null,"live":null},{"flight_date":"2025-11-11","flight_status":"scheduled","departure":{"airport":"Colima","timezone":"America\/Mexico_City","iata":"CLQ","icao":"MMIA","terminal":null,"gate":null,"delay":64,"scheduled":null,"estimated":null,"actual":null,"estimated_runway":null,"actual_runway":null},"arrival":{"airport":"General A. L. Rodriguez International","timezone":"America\/Tijuana","iata":"TIJ","icao":"MMTJ","terminal":null,"gate":null,"baggage":null,"scheduled":null,"delay":null,"estimated":null,"actual":null,"estimated_runway":null,"actual_runway":null},"airline":{"name":"Volaris","iata":"Y4","icao":"VOI"},"flight":{"number":"3265","iata":"Y43265","icao":"VOI3265","codeshared":null},"aircraft":null,"live":null},{"flight_date":"2025-11-11","flight_status":"landed","departure":{"airport":"Licenciado Gustavo D\u00edaz Ordaz International","timezone":"America\/Mexico_City","iata":"PVR","icao":"MMPR","terminal":null,"gate":null,"delay":81,"scheduled":null,"estimated":null,"actual":null,"estimated_runway":null,"actual_runway":null},"arrival":{"airport":"General A. L. Rodriguez International","timezone":"America\/Tijuana","iata":"TIJ","icao":"MMTJ","terminal":null,"gate":null,"baggage":null,"scheduled":null,"delay":null,"estimated":null,"actual":null,"estimated_runway":null,"actual_runway":null},"airline":{"name":"VivaAerobus","iata":"VB","icao":"VIV"},"flight":{"number":"5085","iata":"VB5085","icao":"VIV5085","codeshared":null},"aircraft":null,"live":null},{"flight_date":"2025-11-11","flight_status":"landed","departure":{"airport":"Licenciado Gustavo D\u00edaz Ordaz International","timezone":"America\/Mexico_City","iata":"PVR","icao":"MMPR","terminal":null,"gate":null,"delay":33,"scheduled":null,"estimated":null,"actual":null,"estimated_runway":null,"actual_runway":null},"arrival":{"airport":"General A. L. Rodriguez International","timezone":"America\/Tijuana","iata":"TIJ","icao":"MMTJ","terminal":null,"gate":null,"baggage":null,"scheduled":null,"delay":null,"estimated":null,"actual":null,"estimated_runway":null,"actual_runway":null},"airline":{"name":"Volaris","iata":"Y4","icao":"VOI"},"flight":{"number":"3123","iata":"Y43123","icao":"VOI3123","codeshared":null},"aircraft":null,"live":null},{"flight_date":"2025-11-11","flight_status":"scheduled","departure":{"airport":"Federal (Valle Del Fuerte)","timezone":"America\/Mazatlan","iata":"LMM","icao":"MMLM","terminal":null,"gate":null,"delay":43,"scheduled":null,"estimated":null,"actual":null,"estimated_runway":null,"actual_runway":null},"arrival":{"airport":"General A. L. Rodriguez International","timezone":"America\/Tijuana","iata":"TIJ","icao":"MMTJ","terminal":null,"gate":null,"baggage":null,"scheduled":null,"delay":null,"estimated":null,"actual":null,"estimated_runway":null,"actual_runway":null},"airline":{"name":"Volaris","iata":"Y4","icao":"VOI"},"flight":{"number":"3259","iata":"Y43259","icao":"VOI3259","codeshared":null},"aircraft":null,"live":null},{"flight_date":"2025-11-11","flight_status":"landed","departure":{"airport":"Federal (Valle Del Fuerte)","timezone":"America\/Mazatlan","iata":"LMM","icao":"MMLM","terminal":null,"gate":null,"delay":7,"scheduled":null,"estimated":null,"actual":null,"estimated_runway":null,"actual_runway":null},"arrival":{"airport":"General A. L. Rodriguez International","timezone":"America\/Tijuana","iata":"TIJ","icao":"MMTJ","terminal":null,"gate":null,"baggage":null,"scheduled":null,"delay":null,"estimated":null,"actual":null,"estimated_runway":null,"actual_runway":null},"airline":{"name":"Volaris","iata":"Y4","icao":"VOI"},"flight":{"number":"3257","iata":"Y43257","icao":"VOI3257","codeshared":null},"aircraft":null,"live":null},{"flight_date":"2025-11-11","flight_status":"scheduled","departure":{"airport":"Don Miguel Hidalgo y Costilla International","timezone":"America\/Mexico_City","iata":"GDL","icao":"MMGL","terminal":null,"gate":null,"delay":219,"scheduled":null,"estimated":null,"actual":null,"estimated_runway":null,"actual_runway":null},"arrival":{"airport":"General A. L. Rodriguez International","timezone":"America\/Tijuana","iata":"TIJ","icao":"MMTJ","terminal":null,"gate":null,"baggage":null,"scheduled":null,"delay":null,"estimated":null,"actual":null,"estimated_runway":null,"actual_runway":null},"airline":{"name":"Volaris","iata":"Y4","icao":"VOI"},"flight":{"number":"1006","iata":"Y41006","icao":"VOI1006","codeshared":null},"aircraft":null,"live":null},{"flight_date":"2025-11-11","flight_status":"scheduled","departure":{"airport":"Don Miguel Hidalgo y Costilla International","timezone":"America\/Mexico_City","iata":"GDL","icao":"MMGL","terminal":null,"gate":null,"delay":10,"scheduled":null,"estimated":null,"actual":null,"estimated_runway":null,"actual_runway":null},"arrival":{"airport":"General A. L. Rodriguez International","timezone":"America\/Tijuana","iata":"TIJ","icao":"MMTJ","terminal":null,"gate":null,"baggage":null,"scheduled":null,"delay":null,"estimated":null,"actual":null,"estimated_runway":null,"actual_runway":null},"airline":{"name":"VivaAerobus","iata":"VB","icao":"VIV"},"flight":{"number":"7433","iata":"VB7433","icao":"VIV7433","codeshared":null},"aircraft":null,"live":null},{"flight_date":"2025-11-11","flight_status":"landed","departure":{"airport":"Don Miguel Hidalgo y Costilla International","timezone":"America\/Mexico_City","iata":"GDL","icao":"MMGL","terminal":null,"gate":null,"delay":38,"scheduled":null,"estimated":null,"actual":null,"estimated_runway":null,"actual_runway":null},"arrival":{"airport":"General A. L. Rodriguez International","timezone":"America\/Tijuana","iata":"TIJ","icao":"MMTJ","terminal":null,"gate":null,"baggage":null,"scheduled":null,"delay":null,"estimated":null,"actual":null,"estimated_runway":null,"actual_runway":null},"airline":{"name":"VivaAerobus","iata":"VB","icao":"VIV"},"flight":{"number":"7027","iata":"VB7027","icao":"VIV7027","codeshared":null},"aircraft":null,"live":null},{"flight_date":"2025-11-11","flight_status":"landed","departure":{"airport":"Don Miguel Hidalgo y Costilla International","timezone":"America\/Mexico_City","iata":"GDL","icao":"MMGL","terminal":null,"gate":null,"delay":36,"scheduled":null,"estimated":null,"actual":null,"estimated_runway":null,"actual_runway":null},"arrival":{"airport":"General A. L. Rodriguez International","timezone":"America\/Tijuana","iata":"TIJ","icao":"MMTJ","terminal":null,"gate":null,"baggage":null,"scheduled":null,"delay":null,"estimated":null,"actual":null,"estimated_runway":null,"actual_runway":null},"airline":{"name":"Volaris","iata":"Y4","icao":"VOI"},"flight":{"number":"1008","iata":"Y41008","icao":"VOI1008","codeshared":null},"aircraft":null,"live":null},{"flight_date":"2025-11-11","flight_status":"active","departure":{"airport":"Don Miguel Hidalgo y Costilla International","timezone":"America\/Mexico_City","iata":"GDL","icao":"MMGL","terminal":null,"gate":null,"delay":15,"scheduled":null,"estimated":null,"actual":null,"estimated_runway":null,"actual_runway":null},"arrival":{"airport":"General A. L. Rodriguez International","timezone":"America\/Tijuana","iata":"TIJ","icao":"MMTJ","terminal":null,"gate":null,"baggage":null,"scheduled":null,"delay":null,"estimated":null,"actual":null,"estimated_runway":null,"actual_runway":null},"airline":{"name":"Volaris","iata":"Y4","icao":"VOI"},"flight":{"number":"1016","iata":"Y41016","icao":"VOI1016","codeshared":null},"aircraft":null,"live":null},{"flight_date":"2025-11-11","flight_status":"scheduled","departure":{"airport":"Don Miguel Hidalgo y Costilla International","timezone":"America\/Mexico_City","iata":"GDL","icao":"MMGL","terminal":null,"gate":null,"delay":null,"scheduled":null,"estimated":null,"actual":null,"estimated_runway":null,"actual_runway":null},"arrival":{"airport":"General A. L. Rodriguez International","timezone":"America\/Tijuana","iata":"TIJ","icao":"MMTJ","terminal":null,"gate":null,"baggage":null,"scheduled":null,"delay":null,"estimated":null,"actual":null,"estimated_runway":null,"actual_runway":null},"airline":{"name":"Volaris","iata":"Y4","icao":"VOI"},"flight":{"number":"1010","iata":"Y41010","icao":"VOI1010","codeshared":null},"aircraft":null,"live":null},{"flight_date":"2025-11-11","flight_status":"scheduled","departure":{"airport":"Xoxocotlan","timezone":"America\/Mexico_City","iata":"OAX","icao":"MMOX","terminal":null,"gate":null,"delay":89,"scheduled":null,"estimated":null,"actual":null,"estimated_runway":null,"actual_runway":null},"arrival":{"airport":"General A. L. Rodriguez International","timezone":"America\/Tijuana","iata":"TIJ","icao":"MMTJ","terminal":null,"gate":null,"baggage":null,"scheduled":null,"delay":null,"estimated":null,"actual":null,"estimated_runway":null,"actual_runway":null},"airline":{"name":"Volaris","iata":"Y4","icao":"VOI"},"flight":{"number":"3143","iata":"Y43143","icao":"VOI3143","codeshared":null},"aircraft":null,"live":null},{"flight_date":"2025-11-11","flight_status":"active","departure":{"airport":"Fedl De Bachigualato","timezone":"America\/Mazatlan","iata":"CUL","icao":"MMCL","terminal":null,"gate":null,"delay":217,"scheduled":null,"estimated":null,"actual":null,"estimated_runway":null,"actual_runway":null},"arrival":{"airport":"General A. L. Rodriguez International","timezone":"America\/Tijuana","iata":"TIJ","icao":"MMTJ","terminal":null,"gate":null,"baggage":null,"scheduled":null,"delay":null,"estimated":null,"actual":null,"estimated_runway":null,"actual_runway":null},"airline":{"name":"Volaris","iata":"Y4","icao":"VOI"},"flight":{"number":"3009","iata":"Y43009","icao":"VOI3009","codeshared":null},"aircraft":null,"live":null},{"flight_date":"2025-11-11","flight_status":"scheduled","departure":{"airport":"Fedl De Bachigualato","timezone":"America\/Mazatlan","iata":"CUL","icao":"MMCL","terminal":null,"gate":null,"delay":10,"scheduled":null,"estimated":null,"actual":null,"estimated_runway":null,"actual_runway":null},"arrival":{"airport":"General A. L. Rodriguez International","timezone":"America\/Tijuana","iata":"TIJ","icao":"MMTJ","terminal":null,"gate":null,"baggage":null,"scheduled":null,"delay":null,"estimated":null,"actual":null,"estimated_runway":null,"actual_runway":null},"airline":{"name":"VivaAerobus","iata":"VB","icao":"VIV"},"flight":{"number":"5009","iata":"VB5009","icao":"VIV5009","codeshared":null},"aircraft":null,"live":null},{"flight_date":"2025-11-11","flight_status":"landed","departure":{"airport":"Fedl De Bachigualato","timezone":"America\/Mazatlan","iata":"CUL","icao":"MMCL","terminal":null,"gate":null,"delay":17,"scheduled":null,"estimated":null,"actual":null,"estimated_runway":null,"actual_runway":null},"arrival":{"airport":"General A. L. Rodriguez International","timezone":"America\/Tijuana","iata":"TIJ","icao":"MMTJ","terminal":null,"gate":null,"baggage":null,"scheduled":null,"delay":null,"estimated":null,"actual":null,"estimated_runway":null,"actual_runway":null},"airline":{"name":"Volaris","iata":"Y4","icao":"VOI"},"flight":{"number":"3005","iata":"Y43005","icao":"VOI3005","codeshared":null},"aircraft":null,"live":null},{"flight_date":"2025-11-11","flight_status":"landed","departure":{"airport":"Canc\u00fan International","timezone":"America\/Cancun","iata":"CUN","icao":"MMUN","terminal":null,"gate":null,"delay":47,"scheduled":null,"estimated":null,"actual":null,"estimated_runway":null,"actual_runway":null},"arrival":{"airport":"General A. L. Rodriguez International","timezone":"America\/Tijuana","iata":"TIJ","icao":"MMTJ","terminal":null,"gate":null,"baggage":null,"scheduled":null,"delay":null,"estimated":null,"actual":null,"estimated_runway":null,"actual_runway":null},"airline":{"name":"Volaris","iata":"Y4","icao":"VOI"},"flight":{"number":"3081","iata":"Y43081","icao":"VOI3081","codeshared":null},"aircraft":null,"live":null},{"flight_date":"2025-11-11","flight_status":"landed","departure":{"airport":"Canc\u00fan International","timezone":"America\/Cancun","iata":"CUN","icao":"MMUN","terminal":null,"gate":null,"delay":19,"scheduled":null,"estimated":null,"actual":null,"estimated_runway":null,"actual_runway":null},"arrival":{"airport":"General A. L. Rodriguez International","timezone":"America\/Tijuana","iata":"TIJ","icao":"MMTJ","terminal":null,"gate":null,"baggage":null,"scheduled":null,"delay":null,"estimated":null,"actual":null,"estimated_runway":null,"actual_runway":null},"airline":{"name":"VivaAerobus","iata":"VB","icao":"VIV"},"flight":{"number":"2264","iata":"VB2264","icao":"VIV2264","codeshared":null},"aircraft":null,"live":null},{"flight_date":"2025-11-11","flight_status":"landed","departure":{"airport":"Gen Pesqueira Garcia","timezone":"America\/Hermosillo","iata":"HMO","icao":"MMHO","terminal":null,"gate":null,"delay":27,"scheduled":null,"estimated":null,"actual":null,"estimated_runway":null,"actual_runway":null},"arrival":{"airport":"General A. L. Rodriguez International","timezone":"America\/Tijuana","iata":"TIJ","icao":"MMTJ","terminal":null,"gate":null,"baggage":null,"scheduled":null,"delay":null,"estimated":null,"actual":null,"estimated_runway":null,"actual_runway":null},"airline":{"name":"Volaris","iata":"Y4","icao":"VOI"},"flight":{"number":"3183","iata":"Y43183","icao":"VOI3183","codeshared":null},"aircraft":null,"live":null},{"flight_date":"2025-11-11","flight_status":"landed","departure":{"airport":"Hermanos Serdan International","timezone":"America\/Mexico_City","iata":"PBC","icao":"MMPB","terminal":null,"gate":null,"delay":18,"scheduled":null,"estimated":null,"actual":null,"estimated_runway":null,"actual_runway":null},"arrival":{"airport":"General A. L. Rodriguez International","timezone":"America\/Tijuana","iata":"TIJ","icao":"MMTJ","terminal":null,"gate":null,"baggage":null,"scheduled":null,"delay":null,"estimated":null,"actual":null,"estimated_runway":null,"actual_runway":null},"airline":{"name":"Volaris","iata":"Y4","icao":"VOI"},"flight":{"number":"5941","iata":"Y45941","icao":"VOI5941","codeshared":null},"aircraft":null,"live":null},{"flight_date":"2025-11-11","flight_status":"landed","departure":{"airport":"Gen Mariano Escobedo","timezone":"America\/Monterrey","iata":"MTY","icao":"MMMY","terminal":null,"gate":null,"delay":8,"scheduled":null,"estimated":null,"actual":null,"estimated_runway":null,"actual_runway":null},"arrival":{"airport":"General A. L. Rodriguez International","timezone":"America\/Tijuana","iata":"TIJ","icao":"MMTJ","terminal":null,"gate":null,"baggage":null,"scheduled":null,"delay":null,"estimated":null,"actual":null,"estimated_runway":null,"actual_runway":null},"airline":{"name":"VivaAerobus","iata":"VB","icao":"VIV"},"flight":{"number":"4084","iata":"VB4084","icao":"VIV4084","codeshared":null},"aircraft":null,"live":null},{"flight_date":"2025-11-11","flight_status":"landed","departure":{"airport":"Internacional Benito Juarez","timezone":"America\/Mexico_City","iata":"MEX","icao":"MMMX","terminal":null,"gate":null,"delay":10,"scheduled":null,"estimated":null,"actual":null,"estimated_runway":null,"actual_runway":null},"arrival":{"airport":"General A. L. Rodriguez International","timezone":"America\/Tijuana","iata":"TIJ","icao":"MMTJ","terminal":null,"gate":null,"baggage":null,"scheduled":null,"delay":null,"estimated":null,"actual":null,"estimated_runway":null,"actual_runway":null},"airline":{"name":"Volaris","iata":"Y4","icao":"VOI"},"flight":{"number":"182","iata":"Y4182","icao":"VOI182","codeshared":null},"aircraft":null,"live":null},{"flight_date":"2025-11-11","flight_status":"landed","departure":{"airport":"Internacional Benito Juarez","timezone":"America\/Mexico_City","iata":"MEX","icao":"MMMX","terminal":null,"gate":null,"delay":42,"scheduled":null,"estimated":null,"actual":null,"estimated_runway":null,"actual_runway":null},"arrival":{"airport":"General A. L. Rodriguez International","timezone":"America\/Tijuana","iata":"TIJ","icao":"MMTJ","terminal":null,"gate":null,"baggage":null,"scheduled":null,"delay":null,"estimated":null,"actual":null,"estimated_runway":null,"actual_runway":null},"airline":{"name":"Aeromexico","iata":"AM","icao":"AMX"},"flight":{"number":"174","iata":"AM174","icao":"AMX174","codeshared":null},"aircraft":null,"live":null},{"flight_date":"2025-11-11","flight_status":"scheduled","departure":{"airport":"Internacional","timezone":"America\/Mexico_City","iata":"ZIH","icao":"MMZH","terminal":null,"gate":null,"delay":130,"scheduled":null,"estimated":null,"actual":null,"estimated_runway":null,"actual_runway":null},"arrival":{"airport":"General A. L. Rodriguez International","timezone":"America\/Tijuana","iata":"TIJ","icao":"MMTJ","terminal":null,"gate":null,"baggage":null,"scheduled":null,"delay":null,"estimated":null,"actual":null,"estimated_runway":null,"actual_runway":null},"airline":{"name":"Volaris","iata":"Y4","icao":"VOI"},"flight":{"number":"3365","iata":"Y43365","icao":"VOI3365","codeshared":null},"aircraft":null,"live":null},{"flight_date":"2025-11-11","flight_status":"landed","departure":{"airport":"Hermanos Serdan International","timezone":"America\/Mexico_City","iata":"PBC","icao":"MMPB","terminal":null,"gate":null,"delay":null,"scheduled":null,"estimated":null,"actual":null,"estimated_runway":null,"actual_runway":null},"arrival":{"airport":"General A. L. Rodriguez International","timezone":"America\/Tijuana","iata":"TIJ","icao":"MMTJ","terminal":null,"gate":null,"baggage":null,"scheduled":null,"delay":null,"estimated":null,"actual":null,"estimated_runway":null,"actual_runway":null},"airline":{"name":"Volaris","iata":"Y4","icao":"VOI"},"flight":{"number":"3221","iata":"Y43221","icao":"VOI3221","codeshared":null},"aircraft":null,"live":null},{"flight_date":"2025-11-11","flight_status":"landed","departure":{"airport":"Internacional Benito Juarez","timezone":"America\/Mexico_City","iata":"MEX","icao":"MMMX","terminal":null,"gate":null,"delay":21,"scheduled":null,"estimated":null,"actual":null,"estimated_runway":null,"actual_runway":null},"arrival":{"airport":"General A. L. Rodriguez International","timezone":"America\/Tijuana","iata":"TIJ","icao":"MMTJ","terminal":null,"gate":null,"baggage":null,"scheduled":null,"delay":null,"estimated":null,"actual":null,"estimated_runway":null,"actual_runway":null},"airline":{"name":"Aeromexico","iata":"AM","icao":"AMX"},"flight":{"number":"178","iata":"AM178","icao":"AMX178","codeshared":null},"aircraft":null,"live":null},{"flight_date":"2025-11-11","flight_status":"landed","departure":{"airport":"Uruapan","timezone":"America\/Mexico_City","iata":"UPN","icao":"MMPN","terminal":null,"gate":null,"delay":12,"scheduled":null,"estimated":null,"actual":null,"estimated_runway":null,"actual_runway":null},"arrival":{"airport":"General A. L. Rodriguez International","timezone":"America\/Tijuana","iata":"TIJ","icao":"MMTJ","terminal":null,"gate":null,"baggage":null,"scheduled":null,"delay":null,"estimated":null,"actual":null,"estimated_runway":null,"actual_runway":null},"airline":{"name":"Volaris","iata":"Y4","icao":"VOI"},"flight":{"number":"5903","iata":"Y45903","icao":"VOI5903","codeshared":null},"aircraft":null,"live":null},{"flight_date":"2025-11-11","flight_status":"landed","departure":{"airport":"General Manuel M\u00e1rquez De Le\u00f3n International Airport","timezone":"America\/Mazatlan","iata":"LAP","icao":"MMLP","terminal":null,"gate":null,"delay":47,"scheduled":null,"estimated":null,"actual":null,"estimated_runway":null,"actual_runway":null},"arrival":{"airport":"General A. L. Rodriguez International","timezone":"America\/Tijuana","iata":"TIJ","icao":"MMTJ","terminal":null,"gate":null,"baggage":null,"scheduled":null,"delay":null,"estimated":null,"actual":null,"estimated_runway":null,"actual_runway":null},"airline":{"name":"Volaris","iata":"Y4","icao":"VOI"},"flight":{"number":"3235","iata":"Y43235","icao":"VOI3235","codeshared":null},"aircraft":null,"live":null},{"flight_date":"2025-11-11","flight_status":"scheduled","departure":{"airport":"Internacional Benito Juarez","timezone":"America\/Mexico_City","iata":"MEX","icao":"MMMX","terminal":null,"gate":null,"delay":95,"scheduled":null,"estimated":null,"actual":null,"estimated_runway":null,"actual_runway":null},"arrival":{"airport":"General A. L. Rodriguez International","timezone":"America\/Tijuana","iata":"TIJ","icao":"MMTJ","terminal":null,"gate":null,"baggage":null,"scheduled":null,"delay":null,"estimated":null,"actual":null,"estimated_runway":null,"actual_runway":null},"airline":{"name":"VivaAerobus","iata":"VB","icao":"VIV"},"flight":{"number":"1254","iata":"VB1254","icao":"VIV1254","codeshared":null},"aircraft":null,"live":null},{"flight_date":"2025-11-11","flight_status":"scheduled","departure":{"airport":"Licenciado Adolfo Lopez Mateos International","timezone":"America\/Mexico_City","iata":"TLC","icao":"MMTO","terminal":null,"gate":null,"delay":110,"scheduled":null,"estimated":null,"actual":null,"estimated_runway":null,"actual_runway":null},"arrival":{"airport":"General A. L. Rodriguez International","timezone":"America\/Tijuana","iata":"TIJ","icao":"MMTJ","terminal":null,"gate":null,"baggage":null,"scheduled":null,"delay":null,"estimated":null,"actual":null,"estimated_runway":null,"actual_runway":null},"airline":{"name":"Volaris","iata":"Y4","icao":"VOI"},"flight":{"number":"3323","iata":"Y43323","icao":"VOI3323","codeshared":null},"aircraft":null,"live":null},{"flight_date":"2025-11-11","flight_status":"landed","departure":{"airport":"Del Baj\u00edo International","timezone":"America\/Mexico_City","iata":"BJX","icao":"MMLO","terminal":null,"gate":null,"delay":null,"scheduled":null,"estimated":null,"actual":null,"estimated_runway":null,"actual_runway":null},"arrival":{"airport":"General A. L. Rodriguez International","timezone":"America\/Tijuana","iata":"TIJ","icao":"MMTJ","terminal":null,"gate":null,"baggage":null,"scheduled":null,"delay":null,"estimated":null,"actual":null,"estimated_runway":null,"actual_runway":null},"airline":{"name":"Volaris","iata":"Y4","icao":"VOI"},"flight":{"number":"3043","iata":"Y43043","icao":"VOI3043","codeshared":null},"aircraft":null,"live":null},{"flight_date":"2025-11-11","flight_status":"landed","departure":{"airport":"Internacional Benito Juarez","timezone":"America\/Mexico_City","iata":"MEX","icao":"MMMX","terminal":null,"gate":null,"delay":12,"scheduled":null,"estimated":null,"actual":null,"estimated_runway":null,"actual_runway":null},"arrival":{"airport":"General A. L. Rodriguez International","timezone":"America\/Tijuana","iata":"TIJ","icao":"MMTJ","terminal":null,"gate":null,"baggage":null,"scheduled":null,"delay":null,"estimated":null,"actual":null,"estimated_runway":null,"actual_runway":null},"airline":{"name":"LATAM Airlines","iata":"LA","icao":"LAN"},"flight":{"number":"7540","iata":"LA7540","icao":"LAN7540","codeshared":{"airline_name":"aeromexico","airline_iata":"am","airline_icao":"amx","flight_number":"180","flight_iata":"am180","flight_icao":"amx180"}},"aircraft":null,"live":null},{"flight_date":"2025-11-11","flight_status":"landed","departure":{"airport":"Internacional Benito Juarez","timezone":"America\/Mexico_City","iata":"MEX","icao":"MMMX","terminal":null,"gate":null,"delay":12,"scheduled":null,"estimated":null,"actual":null,"estimated_runway":null,"actual_runway":null},"arrival":{"airport":"General A. L. Rodriguez International","timezone":"America\/Tijuana","iata":"TIJ","icao":"MMTJ","terminal":null,"gate":null,"baggage":null,"scheduled":null,"delay":null,"estimated":null,"actual":null,"estimated_runway":null,"actual_runway":null},"airline":{"name":"WestJet","iata":"WS","icao":"WJA"},"flight":{"number":"5785","iata":"WS5785","icao":"WJA5785","codeshared":{"airline_name":"aeromexico","airline_iata":"am","airline_icao":"amx","flight_number":"180","flight_iata":"am180","flight_icao":"amx180"}},"aircraft":null,"live":null},{"flight_date":"2025-11-11","flight_status":"landed","departure":{"airport":"Internacional Benito Juarez","timezone":"America\/Mexico_City","iata":"MEX","icao":"MMMX","terminal":null,"gate":null,"delay":12,"scheduled":null,"estimated":null,"actual":null,"estimated_runway":null,"actual_runway":null},"arrival":{"airport":"General A. L. Rodriguez International","timezone":"America\/Tijuana","iata":"TIJ","icao":"MMTJ","terminal":null,"gate":null,"baggage":null,"scheduled":null,"delay":null,"estimated":null,"actual":null,"estimated_runway":null,"actual_runway":null},"airline":{"name":"LATAM Airlines","iata":"LA","icao":"LAN"},"flight":{"number":"7588","iata":"LA7588","icao":"LAN7588","codeshared":{"airline_name":"aeromexico","airline_iata":"am","airline_icao":"amx","flight_number":"180","flight_iata":"am180","flight_icao":"amx180"}},"aircraft":null,"live":null},{"flight_date":"2025-11-11","flight_status":"landed","departure":{"airport":"Internacional Benito Juarez","timezone":"America\/Mexico_City","iata":"MEX","icao":"MMMX","terminal":null,"gate":null,"delay":12,"scheduled":null,"estimated":null,"actual":null,"estimated_runway":null,"actual_runway":null},"arrival":{"airport":"General A. L. Rodriguez International","timezone":"America\/Tijuana","iata":"TIJ","icao":"MMTJ","terminal":null,"gate":null,"baggage":null,"scheduled":null,"delay":null,"estimated":null,"actual":null,"estimated_runway":null,"actual_runway":null},"airline":{"name":"Aeromexico","iata":"AM","icao":"AMX"},"flight":{"number":"180","iata":"AM180","icao":"AMX180","codeshared":null},"aircraft":null,"live":null},{"flight_date":"2025-11-11","flight_status":"landed","departure":{"airport":"Hermanos Serdan International","timezone":"America\/Mexico_City","iata":"PBC","icao":"MMPB","terminal":null,"gate":null,"delay":23,"scheduled":null,"estimated":null,"actual":null,"estimated_runway":null,"actual_runway":null},"arrival":{"airport":"General A. L. Rodriguez International","timezone":"America\/Tijuana","iata":"TIJ","icao":"MMTJ","terminal":null,"gate":null,"baggage":null,"scheduled":null,"delay":null,"estimated":null,"actual":null,"estimated_runway":null,"actual_runway":null},"airline":{"name":"VivaAerobus","iata":"VB","icao":"VIV"},"flight":{"number":"5119","iata":"VB5119","icao":"VIV5119","codeshared":null},"aircraft":null,"live":null},{"flight_date":"2025-11-11","flight_status":"landed","departure":{"airport":"Aguascalients","timezone":"America\/Mexico_City","iata":"AGU","icao":"MMAS","terminal":null,"gate":null,"delay":5,"scheduled":null,"estimated":null,"actual":null,"estimated_runway":null,"actual_runway":null},"arrival":{"airport":"General A. L. Rodriguez International","timezone":"America\/Tijuana","iata":"TIJ","icao":"MMTJ","terminal":null,"gate":null,"baggage":null,"scheduled":null,"delay":null,"estimated":null,"actual":null,"estimated_runway":null,"actual_runway":null},"airline":{"name":"Volaris","iata":"Y4","icao":"VOI"},"flight":{"number":"3203","iata":"Y43203","icao":"VOI3203","codeshared":null},"aircraft":null,"live":null},{"flight_date":"2025-11-11","flight_status":"landed","departure":{"airport":"Internacional Benito Juarez","timezone":"America\/Mexico_City","iata":"MEX","icao":"MMMX","terminal":null,"gate":null,"delay":35,"scheduled":null,"estimated":null,"actual":null,"estimated_runway":null,"actual_runway":null},"arrival":{"airport":"General A. L. Rodriguez International","timezone":"America\/Tijuana","iata":"TIJ","icao":"MMTJ","terminal":null,"gate":null,"baggage":null,"scheduled":null,"delay":null,"estimated":null,"actual":null,"estimated_runway":null,"actual_runway":null},"airline":{"name":"Gol","iata":"G3","icao":"GLO"},"flight":{"number":"3836","iata":"G33836","icao":"GLO3836","codeshared":{"airline_name":"aeromexico","airline_iata":"am","airline_icao":"amx","flight_number":"184","flight_iata":"am184","flight_icao":"amx184"}},"aircraft":null,"live":null},{"flight_date":"2025-11-11","flight_status":"landed","departure":{"airport":"Internacional Benito Juarez","timezone":"America\/Mexico_City","iata":"MEX","icao":"MMMX","terminal":null,"gate":null,"delay":35,"scheduled":null,"estimated":null,"actual":null,"estimated_runway":null,"actual_runway":null},"arrival":{"airport":"General A. L. Rodriguez International","timezone":"America\/Tijuana","iata":"TIJ","icao":"MMTJ","terminal":null,"gate":null,"baggage":null,"scheduled":null,"delay":null,"estimated":null,"actual":null,"estimated_runway":null,"actual_runway":null},"airline":{"name":"LATAM Airlines","iata":"LA","icao":"LAN"},"flight":{"number":"7730","iata":"LA7730","icao":"LAN7730","codeshared":{"airline_name":"aeromexico","airline_iata":"am","airline_icao":"amx","flight_number":"184","flight_iata":"am184","flight_icao":"amx184"}},"aircraft":null,"live":null},{"flight_date":"2025-11-11","flight_status":"landed","departure":{"airport":"Internacional Benito Juarez","timezone":"America\/Mexico_City","iata":"MEX","icao":"MMMX","terminal":null,"gate":null,"delay":35,"scheduled":null,"estimated":null,"actual":null,"estimated_runway":null,"actual_runway":null},"arrival":{"airport":"General A. L. Rodriguez International","timezone":"America\/Tijuana","iata":"TIJ","icao":"MMTJ","terminal":null,"gate":null,"baggage":null,"scheduled":null,"delay":null,"estimated":null,"actual":null,"estimated_runway":null,"actual_runway":null},"airline":{"name":"Air France","iata":"AF","icao":"AFR"},"flight":{"number":"8156","iata":"AF8156","icao":"AFR8156","codeshared":{"airline_name":"aeromexico","airline_iata":"am","airline_icao":"amx","flight_number":"184","flight_iata":"am184","flight_icao":"amx184"}},"aircraft":null,"live":null},{"flight_date":"2025-11-11","flight_status":"landed","departure":{"airport":"Internacional Benito Juarez","timezone":"America\/Mexico_City","iata":"MEX","icao":"MMMX","terminal":null,"gate":null,"delay":35,"scheduled":null,"estimated":null,"actual":null,"estimated_runway":null,"actual_runway":null},"arrival":{"airport":"General A. L. Rodriguez International","timezone":"America\/Tijuana","iata":"TIJ","icao":"MMTJ","terminal":null,"gate":null,"baggage":null,"scheduled":null,"delay":null,"estimated":null,"actual":null,"estimated_runway":null,"actual_runway":null},"airline":{"name":"Aeromexico","iata":"AM","icao":"AMX"},"flight":{"number":"184","iata":"AM184","icao":"AMX184","codeshared":null},"aircraft":null,"live":null},{"flight_date":"2025-11-11","flight_status":"landed","departure":{"airport":"Gen Pesqueira Garcia","timezone":"America\/Hermosillo","iata":"HMO","icao":"MMHO","terminal":null,"gate":null,"delay":59,"scheduled":null,"estimated":null,"actual":null,"estimated_runway":null,"actual_runway":null},"arrival":{"airport":"General A. L. Rodriguez International","timezone":"America\/Tijuana","iata":"TIJ","icao":"MMTJ","terminal":null,"gate":null,"baggage":null,"scheduled":null,"delay":null,"estimated":null,"actual":null,"estimated_runway":null,"actual_runway":null},"airline":{"name":"Volaris","iata":"Y4","icao":"VOI"},"flight":{"number":"3185","iata":"Y43185","icao":"VOI3185","codeshared":null},"aircraft":null,"live":null},{"flight_date":"2025-11-11","flight_status":"scheduled","departure":{"airport":"Uruapan","timezone":"America\/Mexico_City","iata":"UPN","icao":"MMPN","terminal":null,"gate":null,"delay":143,"scheduled":null,"estimated":null,"actual":null,"estimated_runway":null,"actual_runway":null},"arrival":{"airport":"General A. L. Rodriguez International","timezone":"America\/Tijuana","iata":"TIJ","icao":"MMTJ","terminal":null,"gate":null,"baggage":null,"scheduled":null,"delay":null,"estimated":null,"actual":null,"estimated_runway":null,"actual_runway":null},"airline":{"name":"Volaris","iata":"Y4","icao":"VOI"},"flight":{"number":"3275","iata":"Y43275","icao":"VOI3275","codeshared":null},"aircraft":null,"live":null},{"flight_date":"2025-11-11","flight_status":"active","departure":{"airport":"General Manuel M\u00e1rquez De Le\u00f3n International Airport","timezone":"America\/Mazatlan","iata":"LAP","icao":"MMLP","terminal":null,"gate":null,"delay":42,"scheduled":null,"estimated":null,"actual":null,"estimated_runway":null,"actual_runway":null},"arrival":{"airport":"General A. L. Rodriguez International","timezone":"America\/Tijuana","iata":"TIJ","icao":"MMTJ","terminal":null,"gate":null,"baggage":null,"scheduled":null,"delay":null,"estimated":null,"actual":null,"estimated_runway":null,"actual_runway":null},"airline":{"name":"VivaAerobus","iata":"VB","icao":"VIV"},"flight":{"number":"7371","iata":"VB7371","icao":"VIV7371","codeshared":null},"aircraft":null,"live":null},{"flight_date":"2025-11-11","flight_status":"landed","departure":{"airport":"Internacional Benito Juarez","timezone":"America\/Mexico_City","iata":"MEX","icao":"MMMX","terminal":null,"gate":null,"delay":22,"scheduled":null,"estimated":null,"actual":null,"estimated_runway":null,"actual_runway":null},"arrival":{"airport":"General A. L. Rodriguez International","timezone":"America\/Tijuana","iata":"TIJ","icao":"MMTJ","terminal":null,"gate":null,"baggage":null,"scheduled":null,"delay":null,"estimated":null,"actual":null,"estimated_runway":null,"actual_runway":null},"airline":{"name":"Volaris","iata":"Y4","icao":"VOI"},"flight":{"number":"184","iata":"Y4184","icao":"VOI184","codeshared":null},"aircraft":null,"live":null},{"flight_date":"2025-11-11","flight_status":"scheduled","departure":{"airport":"Gen Pesqueira Garcia","timezone":"America\/Hermosillo","iata":"HMO","icao":"MMHO","terminal":null,"gate":null,"delay":42,"scheduled":null,"estimated":null,"actual":null,"estimated_runway":null,"actual_runway":null},"arrival":{"airport":"General A. L. Rodriguez International","timezone":"America\/Tijuana","iata":"TIJ","icao":"MMTJ","terminal":null,"gate":null,"baggage":null,"scheduled":null,"delay":null,"estimated":null,"actual":null,"estimated_runway":null,"actual_runway":null},"airline":{"name":"Volaris","iata":"Y4","icao":"VOI"},"flight":{"number":"3187","iata":"Y43187","icao":"VOI3187","codeshared":null},"aircraft":null,"live":null},{"flight_date":"2025-11-11","flight_status":"scheduled","departure":{"airport":"Tepic","timezone":"America\/Mazatlan","iata":"TPQ","icao":"MMEP","terminal":null,"gate":null,"delay":75,"scheduled":null,"estimated":null,"actual":null,"estimated_runway":null,"actual_runway":null},"arrival":{"airport":"General A. L. Rodriguez International","timezone":"America\/Tijuana","iata":"TIJ","icao":"MMTJ","terminal":null,"gate":null,"baggage":null,"scheduled":null,"delay":null,"estimated":null,"actual":null,"estimated_runway":null,"actual_runway":null},"airline":{"name":"Volaris","iata":"Y4","icao":"VOI"},"flight":{"number":"3241","iata":"Y43241","icao":"VOI3241","codeshared":null},"aircraft":null,"live":null},{"flight_date":"2025-11-11","flight_status":"active","departure":{"airport":"Ciudad Obregon","timezone":"America\/Hermosillo","iata":"CEN","icao":"MMCN","terminal":null,"gate":null,"delay":10,"scheduled":null,"estimated":null,"actual":null,"estimated_runway":null,"actual_runway":null},"arrival":{"airport":"General A. L. Rodriguez International","timezone":"America\/Tijuana","iata":"TIJ","icao":"MMTJ","terminal":null,"gate":null,"baggage":null,"scheduled":null,"delay":null,"estimated":null,"actual":null,"estimated_runway":null,"actual_runway":null},"airline":{"name":"Volaris","iata":"Y4","icao":"VOI"},"flight":{"number":"3317","iata":"Y43317","icao":"VOI3317","codeshared":null},"aircraft":null,"live":null},{"flight_date":"2025-11-11","flight_status":"active","departure":{"airport":"Guadalupe Victoria","timezone":"America\/Monterrey","iata":"DGO","icao":"MMDO","terminal":null,"gate":null,"delay":null,"scheduled":null,"estimated":null,"actual":null,"estimated_runway":null,"actual_runway":null},"arrival":{"airport":"General A. L. Rodriguez International","timezone":"America\/Tijuana","iata":"TIJ","icao":"MMTJ","terminal":null,"gate":null,"baggage":null,"scheduled":null,"delay":null,"estimated":null,"actual":null,"estimated_runway":null,"actual_runway":null},"airline":{"name":"Volaris","iata":"Y4","icao":"VOI"},"flight":{"number":"3253","iata":"Y43253","icao":"VOI3253","codeshared":null},"aircraft":null,"live":null},{"flight_date":"2025-11-11","flight_status":"active","departure":{"airport":"Internacional Benito Juarez","timezone":"America\/Mexico_City","iata":"MEX","icao":"MMMX","terminal":null,"gate":null,"delay":27,"scheduled":null,"estimated":null,"actual":null,"estimated_runway":null,"actual_runway":null},"arrival":{"airport":"General A. L. Rodriguez International","timezone":"America\/Tijuana","iata":"TIJ","icao":"MMTJ","terminal":null,"gate":null,"baggage":null,"scheduled":null,"delay":null,"estimated":null,"actual":null,"estimated_runway":null,"actual_runway":null},"airline":{"name":"Iberia","iata":"IB","icao":"IBE"},"flight":{"number":"7501","iata":"IB7501","icao":"IBE7501","codeshared":{"airline_name":"vivaaerobus","airline_iata":"vb","airline_icao":"viv","flight_number":"1250","flight_iata":"vb1250","flight_icao":"viv1250"}},"aircraft":null,"live":null},{"flight_date":"2025-11-11","flight_status":"active","departure":{"airport":"Internacional Benito Juarez","timezone":"America\/Mexico_City","iata":"MEX","icao":"MMMX","terminal":null,"gate":null,"delay":27,"scheduled":null,"estimated":null,"actual":null,"estimated_runway":null,"actual_runway":null},"arrival":{"airport":"General A. L. Rodriguez International","timezone":"America\/Tijuana","iata":"TIJ","icao":"MMTJ","terminal":null,"gate":null,"baggage":null,"scheduled":null,"delay":null,"estimated":null,"actual":null,"estimated_runway":null,"actual_runway":null},"airline":{"name":"VivaAerobus","iata":"VB","icao":"VIV"},"flight":{"number":"1250","iata":"VB1250","icao":"VIV1250","codeshared":null},"aircraft":null,"live":null},{"flight_date":"2025-11-11","flight_status":"scheduled","departure":{"airport":"Gen Mariano Escobedo","timezone":"America\/Monterrey","iata":"MTY","icao":"MMMY","terminal":null,"gate":null,"delay":87,"scheduled":null,"estimated":null,"actual":null,"estimated_runway":null,"actual_runway":null},"arrival":{"airport":"General A. L. Rodriguez International","timezone":"America\/Tijuana","iata":"TIJ","icao":"MMTJ","terminal":null,"gate":null,"baggage":null,"scheduled":null,"delay":null,"estimated":null,"actual":null,"estimated_runway":null,"actual_runway":null},"airline":{"name":"Volaris","iata":"Y4","icao":"VOI"},"flight":{"number":"5610","iata":"Y45610","icao":"VOI5610","codeshared":null},"aircraft":null,"live":null},{"flight_date":"2025-11-11","flight_status":"scheduled","departure":{"airport":"Internacional Benito Juarez","timezone":"America\/Mexico_City","iata":"MEX","icao":"MMMX","terminal":null,"gate":null,"delay":null,"scheduled":null,"estimated":null,"actual":null,"estimated_runway":null,"actual_runway":null},"arrival":{"airport":"General A. L. Rodriguez International","timezone":"America\/Tijuana","iata":"TIJ","icao":"MMTJ","terminal":null,"gate":null,"baggage":null,"scheduled":null,"delay":null,"estimated":null,"actual":null,"estimated_runway":null,"actual_runway":null},"airline":{"name":"Iberia","iata":"IB","icao":"IBE"},"flight":{"number":"7500","iata":"IB7500","icao":"IBE7500","codeshared":{"airline_name":"vivaaerobus","airline_iata":"vb","airline_icao":"viv","flight_number":"1248","flight_iata":"vb1248","flight_icao":"viv1248"}},"aircraft":null,"live":null},{"flight_date":"2025-11-11","flight_status":"scheduled","departure":{"airport":"Internacional Benito Juarez","timezone":"America\/Mexico_City","iata":"MEX","icao":"MMMX","terminal":null,"gate":null,"delay":null,"scheduled":null,"estimated":null,"actual":null,"estimated_runway":null,"actual_runway":null},"arrival":{"airport":"General A. L. Rodriguez International","timezone":"America\/Tijuana","iata":"TIJ","icao":"MMTJ","terminal":null,"gate":null,"baggage":null,"scheduled":null,"delay":null,"estimated":null,"actual":null,"estimated_runway":null,"actual_runway":null},"airline":{"name":"VivaAerobus","iata":"VB","icao":"VIV"},"flight":{"number":"1248","iata":"VB1248","icao":"VIV1248","codeshared":null},"aircraft":null,"live":null},{"flight_date":"2025-11-11","flight_status":"active","departure":{"airport":"Internacional Benito Juarez","timezone":"America\/Mexico_City","iata":"MEX","icao":"MMMX","terminal":null,"gate":null,"delay":21,"scheduled":null,"estimated":null,"actual":null,"estimated_runway":null,"actual_runway":null},"arrival":{"airport":"General A. L. Rodriguez International","timezone":"America\/Tijuana","iata":"TIJ","icao":"MMTJ","terminal":null,"gate":null,"baggage":null,"scheduled":null,"delay":null,"estimated":null,"actual":null,"estimated_runway":null,"actual_runway":null},"airline":{"name":"KLM","iata":"KL","icao":"KLM"},"flight":{"number":"8942","iata":"KL8942","icao":"KLM8942","codeshared":{"airline_name":"aeromexico","airline_iata":"am","airline_icao":"amx","flight_number":"1192","flight_iata":"am1192","flight_icao":"amx1192"}},"aircraft":null,"live":null},{"flight_date":"2025-11-11","flight_status":"active","departure":{"airport":"Internacional Benito Juarez","timezone":"America\/Mexico_City","iata":"MEX","icao":"MMMX","terminal":null,"gate":null,"delay":21,"scheduled":null,"estimated":null,"actual":null,"estimated_runway":null,"actual_runway":null},"arrival":{"airport":"General A. L. Rodriguez International","timezone":"America\/Tijuana","iata":"TIJ","icao":"MMTJ","terminal":null,"gate":null,"baggage":null,"scheduled":null,"delay":null,"estimated":null,"actual":null,"estimated_runway":null,"actual_runway":null},"airline":{"name":"WestJet","iata":"WS","icao":"WJA"},"flight":{"number":"5775","iata":"WS5775","icao":"WJA5775","codeshared":{"airline_name":"aeromexico","airline_iata":"am","airline_icao":"amx","flight_number":"1192","flight_iata":"am1192","flight_icao":"amx1192"}},"aircraft":null,"live":null},{"flight_date":"2025-11-11","flight_status":"landed","departure":{"airport":"Internacional Benito Juarez","timezone":"America\/Mexico_City","iata":"MEX","icao":"MMMX","terminal":null,"gate":null,"delay":21,"scheduled":null,"estimated":null,"actual":null,"estimated_runway":null,"actual_runway":null},"arrival":{"airport":"General A. L. Rodriguez International","timezone":"America\/Tijuana","iata":"TIJ","icao":"MMTJ","terminal":null,"gate":null,"baggage":null,"scheduled":null,"delay":null,"estimated":null,"actual":null,"estimated_runway":null,"actual_runway":null},"airline":{"name":"Aeromexico","iata":"AM","icao":"AMX"},"flight":{"number":"1192","iata":"AM1192","icao":"AMX1192","codeshared":null},"aircraft":null,"live":null},{"flight_date":"2025-11-11","flight_status":"active","departure":{"airport":"Del Baj\u00edo International","timezone":"America\/Mexico_City","iata":"BJX","icao":"MMLO","terminal":null,"gate":null,"delay":15,"scheduled":null,"estimated":null,"actual":null,"estimated_runway":null,"actual_runway":null},"arrival":{"airport":"General A. L. Rodriguez International","timezone":"America\/Tijuana","iata":"TIJ","icao":"MMTJ","terminal":null,"gate":null,"baggage":null,"scheduled":null,"delay":null,"estimated":null,"actual":null,"estimated_runway":null,"actual_runway":null},"airline":{"name":"Volaris","iata":"Y4","icao":"VOI"},"flight":{"number":"3047","iata":"Y43047","icao":"VOI3047","codeshared":null},"aircraft":null,"live":null},{"flight_date":"2025-11-11","flight_status":"scheduled","departure":{"airport":"Del Baj\u00edo International","timezone":"America\/Mexico_City","iata":"BJX","icao":"MMLO","terminal":null,"gate":null,"delay":10,"scheduled":null,"estimated":null,"actual":null,"estimated_runway":null,"actual_runway":null},"arrival":{"airport":"General A. L. Rodriguez International","timezone":"America\/Tijuana","iata":"TIJ","icao":"MMTJ","terminal":null,"gate":null,"baggage":null,"scheduled":null,"delay":null,"estimated":null,"actual":null,"estimated_runway":null,"actual_runway":null},"airline":{"name":"VivaAerobus","iata":"VB","icao":"VIV"},"flight":{"number":"7362","iata":"VB7362","icao":"VIV7362","codeshared":null},"aircraft":null,"live":null}]}