{"pagination":{"limit":null,"offset":null,"count":68,"total":68},"data":[{"aircraft":{"icao24":"A695F9","icaoCode":"A320","regNumber":"N523VL"},"airline":{"iataCode":"Y4","icaoCode":"VOI","name":"Volaris"},"arrival":{"actualRunway":"2025-11-11T16:19:00.000","actualTime":"2025-11-11T16:19:00.000","baggage":null,"delay":"10","estimatedRunway":"2025-11-11T16:19:00.000","estimatedTime":"2025-11-11T16:18:00.000","gate":null,"iataCode":"TIJ","icaoCode":"MMTJ","scheduledTime":"2025-11-11T16:09:00.000","terminal":"2"},"codeshared":null,"departure":{"actualRunway":"2025-11-11T15:31:00.000","actualTime":"2025-11-11T15:31:00.000","baggage":null,"delay":"41","estimatedRunway":"2025-11-11T15:31:00.000","estimatedTime":"2025-11-11T15:29:00.000","gate":null,"iataCode":"MLM","icaoCode":"MMMM","scheduledTime":"2025-11-11T14:50:00.000","terminal":null},"flight":{"iataNumber":"Y43061","icaoNumber":"VOI3061","number":"3061"},"status":"landed","type":"arrival"},{"aircraft":{"icao24":"0D0B91","icaoCode":"A20N","regNumber":"XA-VRJ"},"airline":{"iataCode":"Y4","icaoCode":"VOI","name":"Volaris"},"arrival":{"actualRunway":null,"actualTime":null,"baggage":null,"delay":"105","estimatedRunway":null,"estimatedTime":"2025-11-11T18:01:00.000","gate":null,"iataCode":"TIJ","icaoCode":"MMTJ","scheduledTime":"2025-11-11T16:17:00.000","terminal":"2"},"codeshared":null,"departure":{"actualRunway":"2025-11-11T17:03:00.000","actualTime":"2025-11-11T17:03:00.000","baggage":null,"delay":"129","estimatedRunway":"2025-11-11T17:03:00.000","estimatedTime":"2025-11-11T17:00:00.000","gate":null,"iataCode":"QRO","icaoCode":"MMQT","scheduledTime":"2025-11-11T14:55:00.000","terminal":null},"flight":{"iataNumber":"Y43355","icaoNumber":"VOI3355","number":"3355"},"status":"scheduled","type":"arrival"},{"aircraft":{"icao24":"0D10E4","icaoCode":"A21N","regNumber":"XA-VUQ"},"airline":{"iataCode":"Y4","icaoCode":"VOI","name":"Volaris"},"arrival":{"actualRunway":"2025-11-11T16:28:00.000","actualTime":"2025-11-11T16:28:00.000","baggage":null,"delay":null,"estimatedRunway":"2025-11-11T16:28:00.000","estimatedTime":"2025-11-11T16:27:00.000","gate":null,"iataCode":"TIJ","icaoCode":"MMTJ","scheduledTime":"2025-11-11T16:36:00.000","terminal":"2"},"codeshared":null,"departure":{"actualRunway":"2025-11-11T15:42:00.000","actualTime":"2025-11-11T15:42:00.000","baggage":null,"delay":"17","estimatedRunway":"2025-11-11T15:42:00.000","estimatedTime":"2025-11-11T15:25:00.000","gate":null,"iataCode":"CUL","icaoCode":"MMCL","scheduledTime":"2025-11-11T15:25:00.000","terminal":null},"flight":{"iataNumber":"Y43005","icaoNumber":"VOI3005","number":"3005"},"status":"landed","type":"arrival"},{"aircraft":{"icao24":"AD5622","icaoCode":"B39M","regNumber":"N959AM"},"airline":{"iataCode":"AM","icaoCode":"AMX","name":"Aeromexico"},"arrival":{"actualRunway":"2025-11-11T16:10:00.000","actualTime":"2025-11-11T16:10:00.000","baggage":null,"delay":null,"estimatedRunway":"2025-11-11T16:10:00.000","estimatedTime":"2025-11-11T16:09:00.000","gate":null,"iataCode":"TIJ","icaoCode":"MMTJ","scheduledTime":"2025-11-11T16:40:00.000","terminal":"2"},"codeshared":null,"departure":{"actualRunway":"2025-11-11T15:06:00.000","actualTime":"2025-11-11T15:06:00.000","baggage":null,"delay":"21","estimatedRunway":"2025-11-11T15:06:00.000","estimatedTime":"2025-11-11T14:44:00.000","gate":"78","iataCode":"MEX","icaoCode":"MMMX","scheduledTime":"2025-11-11T14:45:00.000","terminal":"2"},"flight":{"iataNumber":"AM178","icaoNumber":"AMX178","number":"178"},"status":"landed","type":"arrival"},{"aircraft":{"icao24":"0D0CB1","icaoCode":"A20N","regNumber":"XA-VRQ"},"airline":{"iataCode":"Y4","icaoCode":"VOI","name":"Volaris"},"arrival":{"actualRunway":"2025-11-11T16:38:00.000","actualTime":"2025-11-11T16:38:00.000","baggage":null,"delay":null,"estimatedRunway":"2025-11-11T16:38:00.000","estimatedTime":"2025-11-11T16:38:00.000","gate":null,"iataCode":"TIJ","icaoCode":"MMTJ","scheduledTime":"2025-11-11T16:46:00.000","terminal":"2"},"codeshared":null,"departure":{"actualRunway":"2025-11-11T15:45:00.000","actualTime":"2025-11-11T15:45:00.000","baggage":null,"delay":"12","estimatedRunway":"2025-11-11T15:45:00.000","estimatedTime":"2025-11-11T15:33:00.000","gate":"2","iataCode":"UPN","icaoCode":"MMPN","scheduledTime":"2025-11-11T15:33:00.000","terminal":null},"flight":{"iataNumber":"Y45903","icaoNumber":"VOI5903","number":"5903"},"status":"landed","type":"arrival"},{"aircraft":{"icao24":"0D0E46","icaoCode":"A21N","regNumber":"XA-VST"},"airline":{"iataCode":"Y4","icaoCode":"VOI","name":"Volaris"},"arrival":{"actualRunway":"2025-11-11T17:16:00.000","actualTime":"2025-11-11T17:16:00.000","baggage":null,"delay":"28","estimatedRunway":"2025-11-11T17:16:00.000","estimatedTime":"2025-11-11T17:16:00.000","gate":null,"iataCode":"TIJ","icaoCode":"MMTJ","scheduledTime":"2025-11-11T16:48:00.000","terminal":"2"},"codeshared":null,"departure":{"actualRunway":"2025-11-11T16:35:00.000","actualTime":"2025-11-11T16:35:00.000","baggage":null,"delay":"47","estimatedRunway":"2025-11-11T16:35:00.000","estimatedTime":"2025-11-11T16:14:00.000","gate":"5","iataCode":"LAP","icaoCode":"MMLP","scheduledTime":"2025-11-11T15:49:00.000","terminal":null},"flight":{"iataNumber":"Y43235","icaoNumber":"VOI3235","number":"3235"},"status":"landed","type":"arrival"},{"aircraft":{"icao24":"0D09D5","icaoCode":"A321","regNumber":"XA-VLU"},"airline":{"iataCode":"Y4","icaoCode":"VOI","name":"Volaris"},"arrival":{"actualRunway":"2025-11-11T17:11:00.000","actualTime":"2025-11-11T17:11:00.000","baggage":null,"delay":"5","estimatedRunway":"2025-11-11T17:11:00.000","estimatedTime":"2025-11-11T17:09:00.000","gate":null,"iataCode":"TIJ","icaoCode":"MMTJ","scheduledTime":"2025-11-11T17:06:00.000","terminal":"2"},"codeshared":null,"departure":{"actualRunway":"2025-11-11T15:56:00.000","actualTime":"2025-11-11T15:56:00.000","baggage":null,"delay":"47","estimatedRunway":"2025-11-11T15:56:00.000","estimatedTime":"2025-11-11T15:58:00.000","gate":"B15","iataCode":"CUN","icaoCode":"MMUN","scheduledTime":"2025-11-11T15:10:00.000","terminal":"2"},"flight":{"iataNumber":"Y43081","icaoNumber":"VOI3081","number":"3081"},"status":"landed","type":"arrival"},{"aircraft":{"icao24":"0D0EC4","icaoCode":"A21N","regNumber":"XA-VSC"},"airline":{"iataCode":"Y4","icaoCode":"VOI","name":"Volaris"},"arrival":{"actualRunway":"2025-11-11T17:00:00.000","actualTime":"2025-11-11T17:00:00.000","baggage":null,"delay":null,"estimatedRunway":"2025-11-11T17:00:00.000","estimatedTime":"2025-11-11T16:59:00.000","gate":null,"iataCode":"TIJ","icaoCode":"MMTJ","scheduledTime":"2025-11-11T17:10:00.000","terminal":"2"},"codeshared":null,"departure":{"actualRunway":"2025-11-11T16:08:00.000","actualTime":"2025-11-11T16:08:00.000","baggage":null,"delay":"10","estimatedRunway":"2025-11-11T16:08:00.000","estimatedTime":"2025-11-11T15:59:00.000","gate":"8","iataCode":"SJD","icaoCode":"MMSD","scheduledTime":"2025-11-11T15:59:00.000","terminal":"1"},"flight":{"iataNumber":"Y43103","icaoNumber":"VOI3103","number":"3103"},"status":"landed","type":"arrival"},{"aircraft":{"icao24":"0D0E5A","icaoCode":"A21N","regNumber":"XA-VXE"},"airline":{"iataCode":"VB","icaoCode":"VIV","name":"VivaAerobus"},"arrival":{"actualRunway":null,"actualTime":null,"baggage":null,"delay":"62","estimatedRunway":null,"estimatedTime":"2025-11-11T18:17:00.000","gate":null,"iataCode":"TIJ","icaoCode":"MMTJ","scheduledTime":"2025-11-11T17:15:00.000","terminal":"2"},"codeshared":null,"departure":{"actualRunway":"2025-11-11T17:14:00.000","actualTime":"2025-11-11T17:14:00.000","baggage":null,"delay":"95","estimatedRunway":"2025-11-11T17:14:00.000","estimatedTime":"2025-11-11T16:20:00.000","gate":"13","iataCode":"MEX","icaoCode":"MMMX","scheduledTime":"2025-11-11T15:40:00.000","terminal":"1"},"flight":{"iataNumber":"VB1254","icaoNumber":"VIV1254","number":"1254"},"status":"scheduled","type":"arrival"},{"aircraft":{"icao24":"0D0E5E","icaoCode":"A21N","regNumber":"XA-VXF"},"airline":{"iataCode":"VB","icaoCode":"VIV","name":"VivaAerobus"},"arrival":{"actualRunway":"2025-11-11T18:11:00.000","actualTime":"2025-11-11T18:11:00.000","baggage":null,"delay":"51","estimatedRunway":"2025-11-11T18:11:00.000","estimatedTime":"2025-11-11T18:12:00.000","gate":null,"iataCode":"TIJ","icaoCode":"MMTJ","scheduledTime":"2025-11-11T17:20:00.000","terminal":"2"},"codeshared":null,"departure":{"actualRunway":"2025-11-11T17:50:00.000","actualTime":"2025-11-11T17:50:00.000","baggage":null,"delay":"81","estimatedRunway":"2025-11-11T17:50:00.000","estimatedTime":"2025-11-11T16:40:00.000","gate":null,"iataCode":"PVR","icaoCode":"MMPR","scheduledTime":"2025-11-11T16:30:00.000","terminal":null},"flight":{"iataNumber":"VB5085","icaoNumber":"VIV5085","number":"5085"},"status":"landed","type":"arrival"},{"aircraft":{"icao24":"0D0F14","icaoCode":"A21N","regNumber":"XA-VUA"},"airline":{"iataCode":"Y4","icaoCode":"VOI","name":"Volaris"},"arrival":{"actualRunway":"2025-11-11T17:32:00.000","actualTime":"2025-11-11T17:32:00.000","baggage":null,"delay":"7","estimatedRunway":"2025-11-11T17:32:00.000","estimatedTime":"2025-11-11T17:32:00.000","gate":null,"iataCode":"TIJ","icaoCode":"MMTJ","scheduledTime":"2025-11-11T17:26:00.000","terminal":"2"},"codeshared":null,"departure":{"actualRunway":"2025-11-11T17:08:00.000","actualTime":"2025-11-11T17:08:00.000","baggage":null,"delay":"33","estimatedRunway":"2025-11-11T17:08:00.000","estimatedTime":"2025-11-11T16:36:00.000","gate":"1","iataCode":"PVR","icaoCode":"MMPR","scheduledTime":"2025-11-11T16:36:00.000","terminal":null},"flight":{"iataNumber":"Y43123","icaoNumber":"VOI3123","number":"3123"},"status":"landed","type":"arrival"},{"aircraft":{"icao24":"0D09B1","icaoCode":"A320","regNumber":"XA-VAV"},"airline":{"iataCode":"VB","icaoCode":"VIV","name":"VivaAerobus"},"arrival":{"actualRunway":"2025-11-11T17:24:00.000","actualTime":"2025-11-11T17:24:00.000","baggage":null,"delay":null,"estimatedRunway":"2025-11-11T17:24:00.000","estimatedTime":"2025-11-11T17:23:00.000","gate":null,"iataCode":"TIJ","icaoCode":"MMTJ","scheduledTime":"2025-11-11T17:40:00.000","terminal":"2"},"codeshared":null,"departure":{"actualRunway":"2025-11-11T16:09:00.000","actualTime":"2025-11-11T16:09:00.000","baggage":null,"delay":"19","estimatedRunway":"2025-11-11T16:09:00.000","estimatedTime":"2025-11-11T15:50:00.000","gate":null,"iataCode":"CUN","icaoCode":"MMUN","scheduledTime":"2025-11-11T15:50:00.000","terminal":"2"},"flight":{"iataNumber":"VB2264","icaoNumber":"VIV2264","number":"2264"},"status":"landed","type":"arrival"},{"aircraft":{"icao24":"0D1115","icaoCode":"GLF5","regNumber":"XB-JMK"},"airline":{"iataCode":"","icaoCode":"","name":"empty"},"arrival":{"actualRunway":"2025-11-11T17:56:00.000","actualTime":"2025-11-11T17:56:00.000","baggage":null,"delay":"11","estimatedRunway":"2025-11-11T17:56:00.000","estimatedTime":"2025-11-11T17:59:00.000","gate":null,"iataCode":"TIJ","icaoCode":"MMTJ","scheduledTime":"2025-11-11T17:45:00.000","terminal":"2"},"codeshared":null,"departure":{"actualRunway":"2025-11-11T17:20:00.000","actualTime":"2025-11-11T17:20:00.000","baggage":null,"delay":"6","estimatedRunway":"2025-11-11T17:20:00.000","estimatedTime":"2025-11-11T17:25:00.000","gate":null,"iataCode":"KEF","icaoCode":"BIKF","scheduledTime":"2025-11-11T17:15:00.000","terminal":null},"flight":{"iataNumber":"","icaoNumber":"","number":null},"status":"landed","type":"arrival"},{"aircraft":{"icao24":"78110D","icaoCode":"B789","regNumber":"B-7302"},"airline":{"iataCode":"HU","icaoCode":"CHH","name":"Hainan Airlines"},"arrival":{"actualRunway":"2025-11-11T17:27:00.000","actualTime":"2025-11-11T17:27:00.000","baggage":"6","delay":null,"estimatedRunway":"2025-11-11T17:27:00.000","estimatedTime":"2025-11-11T17:26:00.000","gate":null,"iataCode":"TIJ","icaoCode":"MMTJ","scheduledTime":"2025-11-11T17:55:00.000","terminal":"2"},"codeshared":null,"departure":{"actualRunway":"2025-11-11T21:33:00.000","actualTime":"2025-11-11T21:33:00.000","baggage":null,"delay":null,"estimatedRunway":"2025-11-11T21:33:00.000","estimatedTime":"2025-11-11T21:37:00.000","gate":"C09","iataCode":"PEK","icaoCode":"ZBAA","scheduledTime":"2025-11-11T21:35:00.000","terminal":"2"},"flight":{"iataNumber":"HU7925","icaoNumber":"CHH7925","number":"7925"},"status":"landed","type":"arrival"},{"aircraft":{"icao24":"0D0D75","icaoCode":"A321","regNumber":"XA-VBN"},"airline":{"iataCode":"VB","icaoCode":"VIV","name":"VivaAerobus"},"arrival":{"actualRunway":"2025-11-11T17:53:00.000","actualTime":"2025-11-11T17:53:00.000","baggage":null,"delay":null,"estimatedRunway":"2025-11-11T17:53:00.000","estimatedTime":"2025-11-11T17:51:00.000","gate":null,"iataCode":"TIJ","icaoCode":"MMTJ","scheduledTime":"2025-11-11T18:05:00.000","terminal":"2"},"codeshared":null,"departure":{"actualRunway":"2025-11-11T16:52:00.000","actualTime":"2025-11-11T16:52:00.000","baggage":null,"delay":"17","estimatedRunway":"2025-11-11T16:52:00.000","estimatedTime":"2025-11-11T16:45:00.000","gate":null,"iataCode":"NLU","icaoCode":"MMSM","scheduledTime":"2025-11-11T16:35:00.000","terminal":null},"flight":{"iataNumber":"VB7429","icaoNumber":"VIV7429","number":"7429"},"status":"landed","type":"arrival"},{"aircraft":{"icao24":"A6810D","icaoCode":"A320","regNumber":"N518VL"},"airline":{"iataCode":"Y4","icaoCode":"VOI","name":"Volaris"},"arrival":{"actualRunway":null,"actualTime":null,"baggage":null,"delay":"110","estimatedRunway":null,"estimatedTime":"2025-11-11T19:54:00.000","gate":null,"iataCode":"TIJ","icaoCode":"MMTJ","scheduledTime":"2025-11-11T18:05:00.000","terminal":"2"},"codeshared":null,"departure":{"actualRunway":"2025-11-11T18:51:00.000","actualTime":"2025-11-11T18:51:00.000","baggage":null,"delay":"137","estimatedRunway":"2025-11-11T18:51:00.000","estimatedTime":"2025-11-11T18:53:00.000","gate":"14","iataCode":"TLC","icaoCode":"MMTO","scheduledTime":"2025-11-11T16:35:00.000","terminal":null},"flight":{"iataNumber":"Y43323","icaoNumber":"VOI3323","number":"3323"},"status":"scheduled","type":"arrival"},{"aircraft":{"icao24":"0D0DA4","icaoCode":"A20N","regNumber":"XA-VSG"},"airline":{"iataCode":"Y4","icaoCode":"VOI","name":"Volaris"},"arrival":{"actualRunway":"2025-11-11T17:39:00.000","actualTime":"2025-11-11T17:39:00.000","baggage":null,"delay":null,"estimatedRunway":"2025-11-11T17:39:00.000","estimatedTime":"2025-11-11T17:38:00.000","gate":null,"iataCode":"TIJ","icaoCode":"MMTJ","scheduledTime":"2025-11-11T18:16:00.000","terminal":"2"},"codeshared":null,"departure":{"actualRunway":"2025-11-11T17:02:00.000","actualTime":"2025-11-11T17:02:00.000","baggage":null,"delay":null,"estimatedRunway":"2025-11-11T17:02:00.000","estimatedTime":"2025-11-11T17:06:00.000","gate":"6","iataCode":"BJX","icaoCode":"MMLO","scheduledTime":"2025-11-11T17:06:00.000","terminal":null},"flight":{"iataNumber":"Y43043","icaoNumber":"VOI3043","number":"3043"},"status":"landed","type":"arrival"},{"aircraft":{"icao24":"0D0F00","icaoCode":"A21N","regNumber":"XA-VSX"},"airline":{"iataCode":"Y4","icaoCode":"VOI","name":"Volaris"},"arrival":{"actualRunway":null,"actualTime":null,"baggage":null,"delay":"194","estimatedRunway":null,"estimatedTime":"2025-11-11T21:30:00.000","gate":null,"iataCode":"TIJ","icaoCode":"MMTJ","scheduledTime":"2025-11-11T18:17:00.000","terminal":"2"},"codeshared":null,"departure":{"actualRunway":"2025-11-11T20:54:00.000","actualTime":"2025-11-11T20:54:00.000","baggage":null,"delay":"219","estimatedRunway":"2025-11-11T20:54:00.000","estimatedTime":"2025-11-11T20:54:00.000","gate":"A5","iataCode":"GDL","icaoCode":"MMGL","scheduledTime":"2025-11-11T17:15:00.000","terminal":"1"},"flight":{"iataNumber":"Y41006","icaoNumber":"VOI1006","number":"1006"},"status":"scheduled","type":"arrival"},{"aircraft":{"icao24":"A708BF","icaoCode":"A20N","regNumber":"N552VL"},"airline":{"iataCode":"Y4","icaoCode":"VOI","name":"Volaris"},"arrival":{"actualRunway":null,"actualTime":null,"baggage":null,"delay":null,"estimatedRunway":null,"estimatedTime":null,"gate":null,"iataCode":"TIJ","icaoCode":"MMTJ","scheduledTime":"2025-11-11T18:19:00.000","terminal":"2"},"codeshared":null,"departure":{"actualRunway":null,"actualTime":null,"baggage":null,"delay":"184","estimatedRunway":null,"estimatedTime":"2025-11-11T19:55:00.000","gate":null,"iataCode":"MZT","icaoCode":"MMMZ","scheduledTime":"2025-11-11T16:51:00.000","terminal":null},"flight":{"iataNumber":"Y43195","icaoNumber":"VOI3195","number":"3195"},"status":"unknown","type":"arrival"},{"aircraft":{"icao24":"0D0CCE","icaoCode":"A20N","regNumber":"XA-VRO"},"airline":{"iataCode":"Y4","icaoCode":"VOI","name":"Volaris"},"arrival":{"actualRunway":null,"actualTime":null,"baggage":null,"delay":"62","estimatedRunway":null,"estimatedTime":"2025-11-11T19:27:00.000","gate":null,"iataCode":"TIJ","icaoCode":"MMTJ","scheduledTime":"2025-11-11T18:25:00.000","terminal":"2"},"codeshared":null,"departure":{"actualRunway":"2025-11-11T17:53:00.000","actualTime":"2025-11-11T17:53:00.000","baggage":null,"delay":"89","estimatedRunway":"2025-11-11T17:53:00.000","estimatedTime":"2025-11-11T17:18:00.000","gate":"12","iataCode":"OAX","icaoCode":"MMOX","scheduledTime":"2025-11-11T16:24:00.000","terminal":null},"flight":{"iataNumber":"Y43143","icaoNumber":"VOI3143","number":"3143"},"status":"scheduled","type":"arrival"},{"aircraft":{"icao24":"0D0A8D","icaoCode":"B738","regNumber":"XA-ADU"},"airline":{"iataCode":"LA","icaoCode":"LAN","name":"LATAM Airlines"},"arrival":{"actualRunway":"2025-11-11T18:04:00.000","actualTime":"2025-11-11T18:04:00.000","baggage":null,"delay":null,"estimatedRunway":"2025-11-11T18:04:00.000","estimatedTime":"2025-11-11T18:04:00.000","gate":null,"iataCode":"TIJ","icaoCode":"MMTJ","scheduledTime":"2025-11-11T18:40:00.000","terminal":"2"},"codeshared":{"airline":{"iataCode":"am","icaoCode":"amx","name":"aeromexico"},"flight":{"iataNumber":"am180","icaoNumber":"amx180","number":"180"}},"departure":{"actualRunway":"2025-11-11T16:56:00.000","actualTime":"2025-11-11T16:56:00.000","baggage":null,"delay":"12","estimatedRunway":"2025-11-11T16:56:00.000","estimatedTime":"2025-11-11T16:40:00.000","gate":"69","iataCode":"MEX","icaoCode":"MMMX","scheduledTime":"2025-11-11T16:45:00.000","terminal":"2"},"flight":{"iataNumber":"LA7540","icaoNumber":"LAN7540","number":"7540"},"status":"landed","type":"arrival"},{"aircraft":{"icao24":"0D0A8D","icaoCode":"B738","regNumber":"XA-ADU"},"airline":{"iataCode":"WS","icaoCode":"WJA","name":"WestJet"},"arrival":{"actualRunway":"2025-11-11T18:04:00.000","actualTime":"2025-11-11T18:04:00.000","baggage":null,"delay":null,"estimatedRunway":"2025-11-11T18:04:00.000","estimatedTime":"2025-11-11T18:04:00.000","gate":null,"iataCode":"TIJ","icaoCode":"MMTJ","scheduledTime":"2025-11-11T18:40:00.000","terminal":"2"},"codeshared":{"airline":{"iataCode":"am","icaoCode":"amx","name":"aeromexico"},"flight":{"iataNumber":"am180","icaoNumber":"amx180","number":"180"}},"departure":{"actualRunway":"2025-11-11T16:56:00.000","actualTime":"2025-11-11T16:56:00.000","baggage":null,"delay":"12","estimatedRunway":"2025-11-11T16:56:00.000","estimatedTime":"2025-11-11T16:40:00.000","gate":"69","iataCode":"MEX","icaoCode":"MMMX","scheduledTime":"2025-11-11T16:45:00.000","terminal":"2"},"flight":{"iataNumber":"WS5785","icaoNumber":"WJA5785","number":"5785"},"status":"landed","type":"arrival"},{"aircraft":{"icao24":"0D0A8D","icaoCode":"B738","regNumber":"XA-ADU"},"airline":{"iataCode":"LA","icaoCode":"LAN","name":"LATAM Airlines"},"arrival":{"actualRunway":"2025-11-11T18:04:00.000","actualTime":"2025-11-11T18:04:00.000","baggage":null,"delay":null,"estimatedRunway":"2025-11-11T18:04:00.000","estimatedTime":"2025-11-11T18:04:00.000","gate":null,"iataCode":"TIJ","icaoCode":"MMTJ","scheduledTime":"2025-11-11T18:40:00.000","terminal":"2"},"codeshared":{"airline":{"iataCode":"am","icaoCode":"amx","name":"aeromexico"},"flight":{"iataNumber":"am180","icaoNumber":"amx180","number":"180"}},"departure":{"actualRunway":"2025-11-11T16:56:00.000","actualTime":"2025-11-11T16:56:00.000","baggage":null,"delay":"12","estimatedRunway":"2025-11-11T16:56:00.000","estimatedTime":"2025-11-11T16:40:00.000","gate":"69","iataCode":"MEX","icaoCode":"MMMX","scheduledTime":"2025-11-11T16:45:00.000","terminal":"2"},"flight":{"iataNumber":"LA7588","icaoNumber":"LAN7588","number":"7588"},"status":"landed","type":"arrival"},{"aircraft":{"icao24":"0D0A8D","icaoCode":"B738","regNumber":"XA-ADU"},"airline":{"iataCode":"AM","icaoCode":"AMX","name":"Aeromexico"},"arrival":{"actualRunway":"2025-11-11T18:04:00.000","actualTime":"2025-11-11T18:04:00.000","baggage":null,"delay":null,"estimatedRunway":"2025-11-11T18:04:00.000","estimatedTime":"2025-11-11T18:04:00.000","gate":null,"iataCode":"TIJ","icaoCode":"MMTJ","scheduledTime":"2025-11-11T18:40:00.000","terminal":"2"},"codeshared":null,"departure":{"actualRunway":"2025-11-11T16:56:00.000","actualTime":"2025-11-11T16:56:00.000","baggage":null,"delay":"12","estimatedRunway":"2025-11-11T16:56:00.000","estimatedTime":"2025-11-11T16:40:00.000","gate":"69","iataCode":"MEX","icaoCode":"MMMX","scheduledTime":"2025-11-11T16:45:00.000","terminal":"2"},"flight":{"iataNumber":"AM180","icaoNumber":"AMX180","number":"180"},"status":"landed","type":"arrival"},{"aircraft":{"icao24":"","icaoCode":"A320","regNumber":""},"airline":{"iataCode":"VB","icaoCode":"VIV","name":"VivaAerobus"},"arrival":{"actualRunway":null,"actualTime":null,"baggage":null,"delay":null,"estimatedRunway":null,"estimatedTime":null,"gate":null,"iataCode":"TIJ","icaoCode":"MMTJ","scheduledTime":"2025-11-11T19:10:00.000","terminal":"2"},"codeshared":null,"departure":{"actualRunway":null,"actualTime":null,"baggage":null,"delay":"10","estimatedRunway":null,"estimatedTime":"2025-11-11T18:20:00.000","gate":null,"iataCode":"GDL","icaoCode":"MMGL","scheduledTime":"2025-11-11T18:10:00.000","terminal":"1"},"flight":{"iataNumber":"VB7433","icaoNumber":"VIV7433","number":"7433"},"status":"scheduled","type":"arrival"},{"aircraft":{"icao24":"0D0E46","icaoCode":"A21N","regNumber":"XA-VST"},"airline":{"iataCode":"Y4","icaoCode":"VOI","name":"Volaris"},"arrival":{"actualRunway":null,"actualTime":null,"baggage":null,"delay":null,"estimatedRunway":null,"estimatedTime":null,"gate":null,"iataCode":"TIJ","icaoCode":"MMTJ","scheduledTime":"2025-11-11T19:26:00.000","terminal":"2"},"codeshared":null,"departure":{"actualRunway":null,"actualTime":null,"baggage":null,"delay":"217","estimatedRunway":null,"estimatedTime":"2025-11-11T21:52:00.000","gate":null,"iataCode":"CUL","icaoCode":"MMCL","scheduledTime":"2025-11-11T18:15:00.000","terminal":null},"flight":{"iataNumber":"Y43009","icaoNumber":"VOI3009","number":"3009"},"status":"unknown","type":"arrival"},{"aircraft":{"icao24":"0D09EF","icaoCode":"A20N","regNumber":"XA-VIV"},"airline":{"iataCode":"VB","icaoCode":"VIV","name":"VivaAerobus"},"arrival":{"actualRunway":"2025-11-11T19:22:00.000","actualTime":"2025-11-11T19:22:00.000","baggage":null,"delay":null,"estimatedRunway":"2025-11-11T19:22:00.000","estimatedTime":"2025-11-11T19:25:00.000","gate":null,"iataCode":"TIJ","icaoCode":"MMTJ","scheduledTime":"2025-11-11T19:30:00.000","terminal":"2"},"codeshared":null,"departure":{"actualRunway":"2025-11-11T18:08:00.000","actualTime":"2025-11-11T18:08:00.000","baggage":null,"delay":"23","estimatedRunway":"2025-11-11T18:08:00.000","estimatedTime":"2025-11-11T17:55:00.000","gate":null,"iataCode":"PBC","icaoCode":"MMPB","scheduledTime":"2025-11-11T17:45:00.000","terminal":null},"flight":{"iataNumber":"VB5119","icaoNumber":"VIV5119","number":"5119"},"status":"landed","type":"arrival"},{"aircraft":{"icao24":"0D11E6","icaoCode":"A21N","regNumber":"XA-VXX"},"airline":{"iataCode":"VB","icaoCode":"VIV","name":"VivaAerobus"},"arrival":{"actualRunway":"2025-11-11T19:19:00.000","actualTime":"2025-11-11T19:19:00.000","baggage":null,"delay":null,"estimatedRunway":"2025-11-11T19:19:00.000","estimatedTime":"2025-11-11T19:19:00.000","gate":null,"iataCode":"TIJ","icaoCode":"MMTJ","scheduledTime":"2025-11-11T19:45:00.000","terminal":"2"},"codeshared":null,"departure":{"actualRunway":"2025-11-11T18:31:00.000","actualTime":"2025-11-11T18:31:00.000","baggage":null,"delay":"2","estimatedRunway":"2025-11-11T18:31:00.000","estimatedTime":"2025-11-11T18:40:00.000","gate":null,"iataCode":"SJD","icaoCode":"MMSD","scheduledTime":"2025-11-11T18:30:00.000","terminal":"1"},"flight":{"iataNumber":"VB7055","icaoNumber":"VIV7055","number":"7055"},"status":"landed","type":"arrival"},{"aircraft":{"icao24":"0D0D41","icaoCode":"A20N","regNumber":"XA-VRW"},"airline":{"iataCode":"Y4","icaoCode":"VOI","name":"Volaris"},"arrival":{"actualRunway":"2025-11-11T19:34:00.000","actualTime":"2025-11-11T19:34:00.000","baggage":null,"delay":null,"estimatedRunway":"2025-11-11T19:34:00.000","estimatedTime":"2025-11-11T19:32:00.000","gate":null,"iataCode":"TIJ","icaoCode":"MMTJ","scheduledTime":"2025-11-11T19:51:00.000","terminal":"2"},"codeshared":null,"departure":{"actualRunway":"2025-11-11T18:58:00.000","actualTime":"2025-11-11T18:58:00.000","baggage":null,"delay":"5","estimatedRunway":"2025-11-11T18:58:00.000","estimatedTime":"2025-11-11T18:53:00.000","gate":"3","iataCode":"AGU","icaoCode":"MMAS","scheduledTime":"2025-11-11T18:53:00.000","terminal":null},"flight":{"iataNumber":"Y43203","icaoNumber":"VOI3203","number":"3203"},"status":"landed","type":"arrival"},{"aircraft":{"icao24":"A6CC54","icaoCode":"A21N","regNumber":"N537VL"},"airline":{"iataCode":"Y4","icaoCode":"VOI","name":"Volaris"},"arrival":{"actualRunway":null,"actualTime":null,"baggage":null,"delay":"76","estimatedRunway":null,"estimatedTime":"2025-11-11T21:13:00.000","gate":null,"iataCode":"TIJ","icaoCode":"MMTJ","scheduledTime":"2025-11-11T19:58:00.000","terminal":"2"},"codeshared":null,"departure":{"actualRunway":"2025-11-11T20:23:00.000","actualTime":"2025-11-11T20:23:00.000","baggage":null,"delay":"97","estimatedRunway":"2025-11-11T20:23:00.000","estimatedTime":"2025-11-11T20:18:00.000","gate":"6","iataCode":"SJD","icaoCode":"MMSD","scheduledTime":"2025-11-11T18:47:00.000","terminal":"1"},"flight":{"iataNumber":"Y43105","icaoNumber":"VOI3105","number":"3105"},"status":"scheduled","type":"arrival"},{"aircraft":{"icao24":"0D0F49","icaoCode":"A21N","regNumber":"XA-VXO"},"airline":{"iataCode":"VB","icaoCode":"VIV","name":"VivaAerobus"},"arrival":{"actualRunway":"2025-11-11T20:11:00.000","actualTime":"2025-11-11T20:11:00.000","baggage":null,"delay":"11","estimatedRunway":"2025-11-11T20:11:00.000","estimatedTime":"2025-11-11T20:11:00.000","gate":null,"iataCode":"TIJ","icaoCode":"MMTJ","scheduledTime":"2025-11-11T20:00:00.000","terminal":"2"},"codeshared":null,"departure":{"actualRunway":"2025-11-11T19:38:00.000","actualTime":"2025-11-11T19:38:00.000","baggage":null,"delay":"38","estimatedRunway":"2025-11-11T19:38:00.000","estimatedTime":"2025-11-11T19:10:00.000","gate":null,"iataCode":"GDL","icaoCode":"MMGL","scheduledTime":"2025-11-11T19:00:00.000","terminal":"1"},"flight":{"iataNumber":"VB7027","icaoNumber":"VIV7027","number":"7027"},"status":"landed","type":"arrival"},{"aircraft":{"icao24":"0D0FF3","icaoCode":"B38M","regNumber":"XA-SRI"},"airline":{"iataCode":"G3","icaoCode":"GLO","name":"Gol"},"arrival":{"actualRunway":"2025-11-11T19:47:00.000","actualTime":"2025-11-11T19:47:00.000","baggage":null,"delay":null,"estimatedRunway":"2025-11-11T19:47:00.000","estimatedTime":"2025-11-11T19:46:00.000","gate":"4","iataCode":"TIJ","icaoCode":"MMTJ","scheduledTime":"2025-11-11T20:05:00.000","terminal":"2"},"codeshared":{"airline":{"iataCode":"am","icaoCode":"amx","name":"aeromexico"},"flight":{"iataNumber":"am184","icaoNumber":"amx184","number":"184"}},"departure":{"actualRunway":"2025-11-11T18:44:00.000","actualTime":"2025-11-11T18:44:00.000","baggage":null,"delay":"35","estimatedRunway":"2025-11-11T18:44:00.000","estimatedTime":"2025-11-11T18:06:00.000","gate":"52","iataCode":"MEX","icaoCode":"MMMX","scheduledTime":"2025-11-11T18:10:00.000","terminal":"2"},"flight":{"iataNumber":"G33836","icaoNumber":"GLO3836","number":"3836"},"status":"landed","type":"arrival"},{"aircraft":{"icao24":"0D0FF3","icaoCode":"B38M","regNumber":"XA-SRI"},"airline":{"iataCode":"LA","icaoCode":"LAN","name":"LATAM Airlines"},"arrival":{"actualRunway":"2025-11-11T19:47:00.000","actualTime":"2025-11-11T19:47:00.000","baggage":null,"delay":null,"estimatedRunway":"2025-11-11T19:47:00.000","estimatedTime":"2025-11-11T19:46:00.000","gate":"4","iataCode":"TIJ","icaoCode":"MMTJ","scheduledTime":"2025-11-11T20:05:00.000","terminal":"2"},"codeshared":{"airline":{"iataCode":"am","icaoCode":"amx","name":"aeromexico"},"flight":{"iataNumber":"am184","icaoNumber":"amx184","number":"184"}},"departure":{"actualRunway":"2025-11-11T18:44:00.000","actualTime":"2025-11-11T18:44:00.000","baggage":null,"delay":"35","estimatedRunway":"2025-11-11T18:44:00.000","estimatedTime":"2025-11-11T18:06:00.000","gate":"52","iataCode":"MEX","icaoCode":"MMMX","scheduledTime":"2025-11-11T18:10:00.000","terminal":"2"},"flight":{"iataNumber":"LA7730","icaoNumber":"LAN7730","number":"7730"},"status":"landed","type":"arrival"},{"aircraft":{"icao24":"0D0FF3","icaoCode":"B38M","regNumber":"XA-SRI"},"airline":{"iataCode":"AF","icaoCode":"AFR","name":"Air France"},"arrival":{"actualRunway":"2025-11-11T19:47:00.000","actualTime":"2025-11-11T19:47:00.000","baggage":null,"delay":null,"estimatedRunway":"2025-11-11T19:47:00.000","estimatedTime":"2025-11-11T19:46:00.000","gate":"4","iataCode":"TIJ","icaoCode":"MMTJ","scheduledTime":"2025-11-11T20:05:00.000","terminal":"2"},"codeshared":{"airline":{"iataCode":"am","icaoCode":"amx","name":"aeromexico"},"flight":{"iataNumber":"am184","icaoNumber":"amx184","number":"184"}},"departure":{"actualRunway":"2025-11-11T18:44:00.000","actualTime":"2025-11-11T18:44:00.000","baggage":null,"delay":"35","estimatedRunway":"2025-11-11T18:44:00.000","estimatedTime":"2025-11-11T18:06:00.000","gate":"52","iataCode":"MEX","icaoCode":"MMMX","scheduledTime":"2025-11-11T18:10:00.000","terminal":"2"},"flight":{"iataNumber":"AF8156","icaoNumber":"AFR8156","number":"8156"},"status":"landed","type":"arrival"},{"aircraft":{"icao24":"0D0FF3","icaoCode":"B38M","regNumber":"XA-SRI"},"airline":{"iataCode":"AM","icaoCode":"AMX","name":"Aeromexico"},"arrival":{"actualRunway":"2025-11-11T19:47:00.000","actualTime":"2025-11-11T19:47:00.000","baggage":null,"delay":null,"estimatedRunway":"2025-11-11T19:47:00.000","estimatedTime":"2025-11-11T19:46:00.000","gate":"4","iataCode":"TIJ","icaoCode":"MMTJ","scheduledTime":"2025-11-11T20:05:00.000","terminal":"2"},"codeshared":null,"departure":{"actualRunway":"2025-11-11T18:44:00.000","actualTime":"2025-11-11T18:44:00.000","baggage":null,"delay":"35","estimatedRunway":"2025-11-11T18:44:00.000","estimatedTime":"2025-11-11T18:06:00.000","gate":"52","iataCode":"MEX","icaoCode":"MMMX","scheduledTime":"2025-11-11T18:10:00.000","terminal":"2"},"flight":{"iataNumber":"AM184","icaoNumber":"AMX184","number":"184"},"status":"landed","type":"arrival"},{"aircraft":{"icao24":"0D10E4","icaoCode":"A21N","regNumber":"XA-VUQ"},"airline":{"iataCode":"Y4","icaoCode":"VOI","name":"Volaris"},"arrival":{"actualRunway":"2025-11-11T20:42:00.000","actualTime":"2025-11-11T20:42:00.000","baggage":null,"delay":"37","estimatedRunway":"2025-11-11T20:42:00.000","estimatedTime":"2025-11-11T20:40:00.000","gate":null,"iataCode":"TIJ","icaoCode":"MMTJ","scheduledTime":"2025-11-11T20:05:00.000","terminal":"2"},"codeshared":null,"departure":{"actualRunway":"2025-11-11T20:37:00.000","actualTime":"2025-11-11T20:37:00.000","baggage":null,"delay":"59","estimatedRunway":"2025-11-11T20:37:00.000","estimatedTime":"2025-11-11T20:23:00.000","gate":"4","iataCode":"HMO","icaoCode":"MMHO","scheduledTime":"2025-11-11T19:39:00.000","terminal":null},"flight":{"iataNumber":"Y43185","icaoNumber":"VOI3185","number":"3185"},"status":"landed","type":"arrival"},{"aircraft":{"icao24":"0D099E","icaoCode":"A320","regNumber":"XA-VLP"},"airline":{"iataCode":"Y4","icaoCode":"VOI","name":"Volaris"},"arrival":{"actualRunway":"2025-11-11T20:08:00.000","actualTime":"2025-11-11T20:08:00.000","baggage":null,"delay":"1","estimatedRunway":"2025-11-11T20:08:00.000","estimatedTime":"2025-11-11T20:08:00.000","gate":null,"iataCode":"TIJ","icaoCode":"MMTJ","scheduledTime":"2025-11-11T20:07:00.000","terminal":"2"},"codeshared":null,"departure":{"actualRunway":"2025-11-11T19:40:00.000","actualTime":"2025-11-11T19:40:00.000","baggage":null,"delay":"36","estimatedRunway":"2025-11-11T19:40:00.000","estimatedTime":"2025-11-11T19:25:00.000","gate":"A2","iataCode":"GDL","icaoCode":"MMGL","scheduledTime":"2025-11-11T19:05:00.000","terminal":"1"},"flight":{"iataNumber":"Y41008","icaoNumber":"VOI1008","number":"1008"},"status":"landed","type":"arrival"},{"aircraft":{"icao24":"0D08FD","icaoCode":"A320","regNumber":"XA-VLK"},"airline":{"iataCode":"Y4","icaoCode":"VOI","name":"Volaris"},"arrival":{"actualRunway":null,"actualTime":null,"baggage":null,"delay":"120","estimatedRunway":null,"estimatedTime":"2025-11-11T22:09:00.000","gate":null,"iataCode":"TIJ","icaoCode":"MMTJ","scheduledTime":"2025-11-11T20:09:00.000","terminal":"2"},"codeshared":null,"departure":{"actualRunway":"2025-11-11T21:19:00.000","actualTime":"2025-11-11T21:19:00.000","baggage":null,"delay":"143","estimatedRunway":"2025-11-11T21:19:00.000","estimatedTime":"2025-11-11T21:08:00.000","gate":"2","iataCode":"UPN","icaoCode":"MMPN","scheduledTime":"2025-11-11T18:56:00.000","terminal":null},"flight":{"iataNumber":"Y43275","icaoNumber":"VOI3275","number":"3275"},"status":"scheduled","type":"arrival"},{"aircraft":{"icao24":"0D118C","icaoCode":"A320","regNumber":"XA-VDJ"},"airline":{"iataCode":"VB","icaoCode":"VIV","name":"VivaAerobus"},"arrival":{"actualRunway":"2025-11-11T21:02:00.000","actualTime":"2025-11-11T21:02:00.000","baggage":null,"delay":"22","estimatedRunway":"2025-11-11T21:02:00.000","estimatedTime":"2025-11-11T20:55:00.000","gate":null,"iataCode":"TIJ","icaoCode":"MMTJ","scheduledTime":"2025-11-11T20:40:00.000","terminal":"2"},"codeshared":null,"departure":{"actualRunway":"2025-11-11T20:16:00.000","actualTime":"2025-11-11T20:16:00.000","baggage":null,"delay":"42","estimatedRunway":"2025-11-11T20:16:00.000","estimatedTime":"2025-11-11T19:45:00.000","gate":null,"iataCode":"LAP","icaoCode":"MMLP","scheduledTime":"2025-11-11T19:35:00.000","terminal":null},"flight":{"iataNumber":"VB7371","icaoNumber":"VIV7371","number":"7371"},"status":"landed","type":"arrival"},{"aircraft":{"icao24":"0D111B","icaoCode":"A21N","regNumber":"XA-VUT"},"airline":{"iataCode":"Y4","icaoCode":"VOI","name":"Volaris"},"arrival":{"actualRunway":"2025-11-11T20:22:00.000","actualTime":"2025-11-11T20:22:00.000","baggage":null,"delay":null,"estimatedRunway":"2025-11-11T20:22:00.000","estimatedTime":"2025-11-11T20:23:00.000","gate":null,"iataCode":"TIJ","icaoCode":"MMTJ","scheduledTime":"2025-11-11T20:45:00.000","terminal":"2"},"codeshared":null,"departure":{"actualRunway":"2025-11-11T19:21:00.000","actualTime":"2025-11-11T19:21:00.000","baggage":null,"delay":"22","estimatedRunway":"2025-11-11T19:21:00.000","estimatedTime":"2025-11-11T19:00:00.000","gate":"17","iataCode":"MEX","icaoCode":"MMMX","scheduledTime":"2025-11-11T19:00:00.000","terminal":"1"},"flight":{"iataNumber":"Y4184","icaoNumber":"VOI184","number":"184"},"status":"landed","type":"arrival"},{"aircraft":{"icao24":"0D11B4","icaoCode":"E295","regNumber":"XA-MXB"},"airline":{"iataCode":"XN","icaoCode":"MXA","name":"Mexicana"},"arrival":{"actualRunway":"2025-11-11T21:06:00.000","actualTime":"2025-11-11T21:06:00.000","baggage":null,"delay":null,"estimatedRunway":"2025-11-11T21:06:00.000","estimatedTime":"2025-11-11T21:03:00.000","gate":null,"iataCode":"TIJ","icaoCode":"MMTJ","scheduledTime":"2025-11-11T21:10:00.000","terminal":"2"},"codeshared":null,"departure":{"actualRunway":"2025-11-11T19:59:00.000","actualTime":"2025-11-11T19:59:00.000","baggage":null,"delay":"19","estimatedRunway":"2025-11-11T19:59:00.000","estimatedTime":"2025-11-11T19:46:00.000","gate":null,"iataCode":"NLU","icaoCode":"MMSM","scheduledTime":"2025-11-11T19:40:00.000","terminal":null},"flight":{"iataNumber":"XN1204","icaoNumber":"MXA1204","number":"1204"},"status":"landed","type":"arrival"},{"aircraft":{"icao24":"A6D00B","icaoCode":"A20N","regNumber":"N538VL"},"airline":{"iataCode":"Y4","icaoCode":"VOI","name":"Volaris"},"arrival":{"actualRunway":"2025-11-11T21:52:00.000","actualTime":"2025-11-11T21:52:00.000","baggage":null,"delay":"24","estimatedRunway":"2025-11-11T21:52:00.000","estimatedTime":"2025-11-11T21:50:00.000","gate":null,"iataCode":"TIJ","icaoCode":"MMTJ","scheduledTime":"2025-11-11T21:28:00.000","terminal":"2"},"codeshared":null,"departure":{"actualRunway":"2025-11-11T21:43:00.000","actualTime":"2025-11-11T21:43:00.000","baggage":null,"delay":"42","estimatedRunway":"2025-11-11T21:43:00.000","estimatedTime":"2025-11-11T21:31:00.000","gate":"1","iataCode":"HMO","icaoCode":"MMHO","scheduledTime":"2025-11-11T21:02:00.000","terminal":null},"flight":{"iataNumber":"Y43187","icaoNumber":"VOI3187","number":"3187"},"status":"landed","type":"arrival"},{"aircraft":{"icao24":"0D0A0D","icaoCode":"A321","regNumber":"XA-VRB"},"airline":{"iataCode":"Y4","icaoCode":"VOI","name":"Volaris"},"arrival":{"actualRunway":"2025-11-11T22:42:00.000","actualTime":"2025-11-11T22:42:00.000","baggage":null,"delay":"50","estimatedRunway":"2025-11-11T22:42:00.000","estimatedTime":"2025-11-11T22:46:00.000","gate":null,"iataCode":"TIJ","icaoCode":"MMTJ","scheduledTime":"2025-11-11T21:53:00.000","terminal":"2"},"codeshared":null,"departure":{"actualRunway":"2025-11-11T21:21:00.000","actualTime":"2025-11-11T21:21:00.000","baggage":null,"delay":"75","estimatedRunway":"2025-11-11T21:21:00.000","estimatedTime":"2025-11-11T21:05:00.000","gate":"A1","iataCode":"TPQ","icaoCode":"MMEP","scheduledTime":"2025-11-11T20:07:00.000","terminal":null},"flight":{"iataNumber":"Y43241","icaoNumber":"VOI3241","number":"3241"},"status":"landed","type":"arrival"},{"aircraft":{"icao24":"A6A4D5","icaoCode":"A320","regNumber":"N527VL"},"airline":{"iataCode":"Y4","icaoCode":"VOI","name":"Volaris"},"arrival":{"actualRunway":"2025-11-11T22:20:00.000","actualTime":"2025-11-11T22:20:00.000","baggage":null,"delay":"25","estimatedRunway":"2025-11-11T22:20:00.000","estimatedTime":"2025-11-11T22:17:00.000","gate":null,"iataCode":"TIJ","icaoCode":"MMTJ","scheduledTime":"2025-11-11T21:55:00.000","terminal":"2"},"codeshared":null,"departure":{"actualRunway":"2025-11-11T21:42:00.000","actualTime":"2025-11-11T21:42:00.000","baggage":null,"delay":"43","estimatedRunway":"2025-11-11T21:42:00.000","estimatedTime":"2025-11-11T21:30:00.000","gate":"3","iataCode":"LMM","icaoCode":"MMLM","scheduledTime":"2025-11-11T21:00:00.000","terminal":null},"flight":{"iataNumber":"Y43259","icaoNumber":"VOI3259","number":"3259"},"status":"landed","type":"arrival"},{"aircraft":{"icao24":"0D0CB1","icaoCode":"A20N","regNumber":"XA-VRQ"},"airline":{"iataCode":"Y4","icaoCode":"VOI","name":"Volaris"},"arrival":{"actualRunway":"2025-11-11T21:56:00.000","actualTime":"2025-11-11T21:56:00.000","baggage":null,"delay":null,"estimatedRunway":"2025-11-11T21:56:00.000","estimatedTime":"2025-11-11T21:55:00.000","gate":null,"iataCode":"TIJ","icaoCode":"MMTJ","scheduledTime":"2025-11-11T21:57:00.000","terminal":"2"},"codeshared":null,"departure":{"actualRunway":"2025-11-11T21:29:00.000","actualTime":"2025-11-11T21:29:00.000","baggage":null,"delay":"10","estimatedRunway":"2025-11-11T21:29:00.000","estimatedTime":"2025-11-11T21:28:00.000","gate":null,"iataCode":"CEN","icaoCode":"MMCN","scheduledTime":"2025-11-11T21:19:00.000","terminal":null},"flight":{"iataNumber":"Y43317","icaoNumber":"VOI3317","number":"3317"},"status":"landed","type":"arrival"},{"aircraft":{"icao24":"0D0CFD","icaoCode":"A20N","regNumber":"XA-VRT"},"airline":{"iataCode":"Y4","icaoCode":"VOI","name":"Volaris"},"arrival":{"actualRunway":"2025-11-11T21:49:00.000","actualTime":"2025-11-11T21:49:00.000","baggage":null,"delay":null,"estimatedRunway":"2025-11-11T21:49:00.000","estimatedTime":"2025-11-11T21:46:00.000","gate":null,"iataCode":"TIJ","icaoCode":"MMTJ","scheduledTime":"2025-11-11T21:59:00.000","terminal":"2"},"codeshared":null,"departure":{"actualRunway":"2025-11-11T21:11:00.000","actualTime":"2025-11-11T21:11:00.000","baggage":null,"delay":"15","estimatedRunway":"2025-11-11T21:11:00.000","estimatedTime":"2025-11-11T20:57:00.000","gate":"D44","iataCode":"GDL","icaoCode":"MMGL","scheduledTime":"2025-11-11T20:57:00.000","terminal":"1"},"flight":{"iataNumber":"Y41016","icaoNumber":"VOI1016","number":"1016"},"status":"landed","type":"arrival"},{"aircraft":{"icao24":"0D0BBE","icaoCode":"A20N","regNumber":"XA-VRK"},"airline":{"iataCode":"Y4","icaoCode":"VOI","name":"Volaris"},"arrival":{"actualRunway":"2025-11-11T21:44:00.000","actualTime":"2025-11-11T21:44:00.000","baggage":null,"delay":null,"estimatedRunway":"2025-11-11T21:44:00.000","estimatedTime":"2025-11-11T21:53:00.000","gate":null,"iataCode":"TIJ","icaoCode":"MMTJ","scheduledTime":"2025-11-11T22:05:00.000","terminal":"2"},"codeshared":null,"departure":{"actualRunway":"2025-11-11T21:33:00.000","actualTime":"2025-11-11T21:33:00.000","baggage":null,"delay":null,"estimatedRunway":"2025-11-11T21:33:00.000","estimatedTime":"2025-11-11T21:35:00.000","gate":"2","iataCode":"DGO","icaoCode":"MMDO","scheduledTime":"2025-11-11T21:34:00.000","terminal":null},"flight":{"iataNumber":"Y43253","icaoNumber":"VOI3253","number":"3253"},"status":"landed","type":"arrival"},{"aircraft":{"icao24":"0D09D5","icaoCode":"A321","regNumber":"XA-VLU"},"airline":{"iataCode":"Y4","icaoCode":"VOI","name":"Volaris"},"arrival":{"actualRunway":"2025-11-11T22:23:00.000","actualTime":"2025-11-11T22:23:00.000","baggage":null,"delay":null,"estimatedRunway":"2025-11-11T22:23:00.000","estimatedTime":"2025-11-11T22:22:00.000","gate":null,"iataCode":"TIJ","icaoCode":"MMTJ","scheduledTime":"2025-11-11T22:33:00.000","terminal":"2"},"codeshared":null,"departure":{"actualRunway":"2025-11-11T22:49:00.000","actualTime":"2025-11-11T22:49:00.000","baggage":null,"delay":"16","estimatedRunway":"2025-11-11T22:49:00.000","estimatedTime":"2025-11-11T22:46:00.000","gate":"7","iataCode":"CJS","icaoCode":"MMCS","scheduledTime":"2025-11-11T22:34:00.000","terminal":null},"flight":{"iataNumber":"Y43283","icaoNumber":"VOI3283","number":"3283"},"status":"landed","type":"arrival"},{"aircraft":{"icao24":"A695F9","icaoCode":"A320","regNumber":"N523VL"},"airline":{"iataCode":"Y4","icaoCode":"VOI","name":"Volaris"},"arrival":{"actualRunway":null,"actualTime":null,"baggage":null,"delay":"69","estimatedRunway":null,"estimatedTime":"2025-11-11T23:42:00.000","gate":null,"iataCode":"TIJ","icaoCode":"MMTJ","scheduledTime":"2025-11-11T22:34:00.000","terminal":"2"},"codeshared":null,"departure":{"actualRunway":"2025-11-11T22:57:00.000","actualTime":"2025-11-11T22:57:00.000","baggage":null,"delay":"87","estimatedRunway":"2025-11-11T22:57:00.000","estimatedTime":"2025-11-11T22:34:00.000","gate":"DOS","iataCode":"CLQ","icaoCode":"MMIA","scheduledTime":"2025-11-11T21:30:00.000","terminal":null},"flight":{"iataNumber":"Y43265","icaoNumber":"VOI3265","number":"3265"},"status":"scheduled","type":"arrival"},{"aircraft":{"icao24":"0D0EE3","icaoCode":"A21N","regNumber":"XA-VXI"},"airline":{"iataCode":"IB","icaoCode":"IBE","name":"Iberia"},"arrival":{"actualRunway":"2025-11-11T22:34:00.000","actualTime":"2025-11-11T22:34:00.000","baggage":null,"delay":null,"estimatedRunway":"2025-11-11T22:34:00.000","estimatedTime":"2025-11-11T22:30:00.000","gate":null,"iataCode":"TIJ","icaoCode":"MMTJ","scheduledTime":"2025-11-11T22:40:00.000","terminal":"2"},"codeshared":{"airline":{"iataCode":"vb","icaoCode":"viv","name":"vivaaerobus"},"flight":{"iataNumber":"vb1250","icaoNumber":"viv1250","number":"1250"}},"departure":{"actualRunway":"2025-11-11T21:32:00.000","actualTime":"2025-11-11T21:32:00.000","baggage":null,"delay":"27","estimatedRunway":"2025-11-11T21:32:00.000","estimatedTime":"2025-11-11T21:17:00.000","gate":"25","iataCode":"MEX","icaoCode":"MMMX","scheduledTime":"2025-11-11T21:05:00.000","terminal":"1"},"flight":{"iataNumber":"IB7501","icaoNumber":"IBE7501","number":"7501"},"status":"landed","type":"arrival"},{"aircraft":{"icao24":"0D0EE3","icaoCode":"A21N","regNumber":"XA-VXI"},"airline":{"iataCode":"VB","icaoCode":"VIV","name":"VivaAerobus"},"arrival":{"actualRunway":"2025-11-11T22:34:00.000","actualTime":"2025-11-11T22:34:00.000","baggage":null,"delay":null,"estimatedRunway":"2025-11-11T22:34:00.000","estimatedTime":"2025-11-11T22:30:00.000","gate":null,"iataCode":"TIJ","icaoCode":"MMTJ","scheduledTime":"2025-11-11T22:40:00.000","terminal":"2"},"codeshared":null,"departure":{"actualRunway":"2025-11-11T21:32:00.000","actualTime":"2025-11-11T21:32:00.000","baggage":null,"delay":"27","estimatedRunway":"2025-11-11T21:32:00.000","estimatedTime":"2025-11-11T21:17:00.000","gate":"25","iataCode":"MEX","icaoCode":"MMMX","scheduledTime":"2025-11-11T21:05:00.000","terminal":"1"},"flight":{"iataNumber":"VB1250","icaoNumber":"VIV1250","number":"1250"},"status":"landed","type":"arrival"},{"aircraft":{"icao24":"0D0D75","icaoCode":"A321","regNumber":"XA-VBN"},"airline":{"iataCode":"VB","icaoCode":"VIV","name":"VivaAerobus"},"arrival":{"actualRunway":"2025-11-11T23:27:00.000","actualTime":"2025-11-11T23:27:00.000","baggage":null,"delay":"32","estimatedRunway":"2025-11-11T23:27:00.000","estimatedTime":"2025-11-11T23:29:00.000","gate":null,"iataCode":"TIJ","icaoCode":"MMTJ","scheduledTime":"2025-11-11T22:55:00.000","terminal":"2"},"codeshared":null,"departure":{"actualRunway":"2025-11-11T22:36:00.000","actualTime":"2025-11-11T22:36:00.000","baggage":null,"delay":"52","estimatedRunway":"2025-11-11T22:36:00.000","estimatedTime":"2025-11-11T21:55:00.000","gate":null,"iataCode":"CUL","icaoCode":"MMCL","scheduledTime":"2025-11-11T21:45:00.000","terminal":null},"flight":{"iataNumber":"VB5009","icaoNumber":"VIV5009","number":"5009"},"status":"landed","type":"arrival"},{"aircraft":{"icao24":"0D1154","icaoCode":"A20N","regNumber":"XA-VUU"},"airline":{"iataCode":"Y4","icaoCode":"VOI","name":"Volaris"},"arrival":{"actualRunway":null,"actualTime":null,"baggage":null,"delay":null,"estimatedRunway":null,"estimatedTime":null,"gate":null,"iataCode":"TIJ","icaoCode":"MMTJ","scheduledTime":"2025-11-11T22:58:00.000","terminal":"2"},"codeshared":null,"departure":{"actualRunway":null,"actualTime":null,"baggage":null,"delay":null,"estimatedRunway":null,"estimatedTime":"2025-11-11T21:56:00.000","gate":"2","iataCode":"MTY","icaoCode":"MMMY","scheduledTime":"2025-11-11T21:56:00.000","terminal":"A"},"flight":{"iataNumber":"Y45610","icaoNumber":"VOI5610","number":"5610"},"status":"scheduled","type":"arrival"},{"aircraft":{"icao24":"0D1158","icaoCode":"A21N","regNumber":"XA-VXV"},"airline":{"iataCode":"VB","icaoCode":"VIV","name":"VivaAerobus"},"arrival":{"actualRunway":"2025-11-11T22:39:00.000","actualTime":"2025-11-11T22:39:00.000","baggage":null,"delay":null,"estimatedRunway":"2025-11-11T22:39:00.000","estimatedTime":"2025-11-11T22:38:00.000","gate":null,"iataCode":"TIJ","icaoCode":"MMTJ","scheduledTime":"2025-11-11T23:00:00.000","terminal":"2"},"codeshared":null,"departure":{"actualRunway":"2025-11-11T21:37:00.000","actualTime":"2025-11-11T21:37:00.000","baggage":null,"delay":"7","estimatedRunway":"2025-11-11T21:37:00.000","estimatedTime":"2025-11-11T21:40:00.000","gate":null,"iataCode":"NLU","icaoCode":"MMSM","scheduledTime":"2025-11-11T21:30:00.000","terminal":null},"flight":{"iataNumber":"VB5067","icaoNumber":"VIV5067","number":"5067"},"status":"landed","type":"arrival"},{"aircraft":{"icao24":"0D0D37","icaoCode":"A20N","regNumber":"XA-VRX"},"airline":{"iataCode":"Y4","icaoCode":"VOI","name":"Volaris"},"arrival":{"actualRunway":null,"actualTime":null,"baggage":null,"delay":null,"estimatedRunway":null,"estimatedTime":null,"gate":null,"iataCode":"TIJ","icaoCode":"MMTJ","scheduledTime":"2025-11-11T23:05:00.000","terminal":"2"},"codeshared":null,"departure":{"actualRunway":null,"actualTime":null,"baggage":null,"delay":"289","estimatedRunway":null,"estimatedTime":"2025-11-12T02:01:00.000","gate":"B7","iataCode":"VER","icaoCode":"MMVR","scheduledTime":"2025-11-11T21:12:00.000","terminal":null},"flight":{"iataNumber":"Y43383","icaoNumber":"VOI3383","number":"3383"},"status":"cancelled","type":"arrival"},{"aircraft":{"icao24":"0D0D2B","icaoCode":"A321","regNumber":"XA-VBI"},"airline":{"iataCode":"IB","icaoCode":"IBE","name":"Iberia"},"arrival":{"actualRunway":null,"actualTime":null,"baggage":null,"delay":"53","estimatedRunway":null,"estimatedTime":"2025-11-12T00:12:00.000","gate":null,"iataCode":"TIJ","icaoCode":"MMTJ","scheduledTime":"2025-11-11T23:20:00.000","terminal":"2"},"codeshared":{"airline":{"iataCode":"vb","icaoCode":"viv","name":"vivaaerobus"},"flight":{"iataNumber":"vb1248","icaoNumber":"viv1248","number":"1248"}},"departure":{"actualRunway":"2025-11-11T23:09:00.000","actualTime":"2025-11-11T23:09:00.000","baggage":null,"delay":"85","estimatedRunway":"2025-11-11T23:09:00.000","estimatedTime":"2025-11-11T22:56:00.000","gate":"13","iataCode":"MEX","icaoCode":"MMMX","scheduledTime":"2025-11-11T21:45:00.000","terminal":"1"},"flight":{"iataNumber":"IB7500","icaoNumber":"IBE7500","number":"7500"},"status":"scheduled","type":"arrival"},{"aircraft":{"icao24":"0D0D2B","icaoCode":"A321","regNumber":"XA-VBI"},"airline":{"iataCode":"VB","icaoCode":"VIV","name":"VivaAerobus"},"arrival":{"actualRunway":null,"actualTime":null,"baggage":null,"delay":"53","estimatedRunway":null,"estimatedTime":"2025-11-12T00:12:00.000","gate":null,"iataCode":"TIJ","icaoCode":"MMTJ","scheduledTime":"2025-11-11T23:20:00.000","terminal":"2"},"codeshared":null,"departure":{"actualRunway":"2025-11-11T23:09:00.000","actualTime":"2025-11-11T23:09:00.000","baggage":null,"delay":"85","estimatedRunway":"2025-11-11T23:09:00.000","estimatedTime":"2025-11-11T22:56:00.000","gate":"13","iataCode":"MEX","icaoCode":"MMMX","scheduledTime":"2025-11-11T21:45:00.000","terminal":"1"},"flight":{"iataNumber":"VB1248","icaoNumber":"VIV1248","number":"1248"},"status":"scheduled","type":"arrival"},{"aircraft":{"icao24":"0D0BAC","icaoCode":"B39M","regNumber":"XA-IMH"},"airline":{"iataCode":"KL","icaoCode":"KLM","name":"KLM"},"arrival":{"actualRunway":"2025-11-11T23:00:00.000","actualTime":"2025-11-11T23:00:00.000","baggage":null,"delay":null,"estimatedRunway":"2025-11-11T23:00:00.000","estimatedTime":"2025-11-11T22:58:00.000","gate":null,"iataCode":"TIJ","icaoCode":"MMTJ","scheduledTime":"2025-11-11T23:32:00.000","terminal":"2"},"codeshared":{"airline":{"iataCode":"am","icaoCode":"amx","name":"aeromexico"},"flight":{"iataNumber":"am1192","icaoNumber":"amx1192","number":"1192"}},"departure":{"actualRunway":"2025-11-11T22:01:00.000","actualTime":"2025-11-11T22:01:00.000","baggage":null,"delay":"21","estimatedRunway":"2025-11-11T22:01:00.000","estimatedTime":"2025-11-11T21:35:00.000","gate":"62","iataCode":"MEX","icaoCode":"MMMX","scheduledTime":"2025-11-11T21:40:00.000","terminal":"2"},"flight":{"iataNumber":"KL8942","icaoNumber":"KLM8942","number":"8942"},"status":"landed","type":"arrival"},{"aircraft":{"icao24":"0D0BAC","icaoCode":"B39M","regNumber":"XA-IMH"},"airline":{"iataCode":"WS","icaoCode":"WJA","name":"WestJet"},"arrival":{"actualRunway":"2025-11-11T23:00:00.000","actualTime":"2025-11-11T23:00:00.000","baggage":null,"delay":null,"estimatedRunway":"2025-11-11T23:00:00.000","estimatedTime":"2025-11-11T22:58:00.000","gate":null,"iataCode":"TIJ","icaoCode":"MMTJ","scheduledTime":"2025-11-11T23:32:00.000","terminal":"2"},"codeshared":{"airline":{"iataCode":"am","icaoCode":"amx","name":"aeromexico"},"flight":{"iataNumber":"am1192","icaoNumber":"amx1192","number":"1192"}},"departure":{"actualRunway":"2025-11-11T22:01:00.000","actualTime":"2025-11-11T22:01:00.000","baggage":null,"delay":"21","estimatedRunway":"2025-11-11T22:01:00.000","estimatedTime":"2025-11-11T21:35:00.000","gate":"62","iataCode":"MEX","icaoCode":"MMMX","scheduledTime":"2025-11-11T21:40:00.000","terminal":"2"},"flight":{"iataNumber":"WS5775","icaoNumber":"WJA5775","number":"5775"},"status":"landed","type":"arrival"},{"aircraft":{"icao24":"0D0BAC","icaoCode":"B39M","regNumber":"XA-IMH"},"airline":{"iataCode":"AM","icaoCode":"AMX","name":"Aeromexico"},"arrival":{"actualRunway":"2025-11-11T23:00:00.000","actualTime":"2025-11-11T23:00:00.000","baggage":null,"delay":null,"estimatedRunway":"2025-11-11T23:00:00.000","estimatedTime":"2025-11-11T22:58:00.000","gate":null,"iataCode":"TIJ","icaoCode":"MMTJ","scheduledTime":"2025-11-11T23:32:00.000","terminal":"2"},"codeshared":null,"departure":{"actualRunway":"2025-11-11T22:01:00.000","actualTime":"2025-11-11T22:01:00.000","baggage":null,"delay":"21","estimatedRunway":"2025-11-11T22:01:00.000","estimatedTime":"2025-11-11T21:35:00.000","gate":"62","iataCode":"MEX","icaoCode":"MMMX","scheduledTime":"2025-11-11T21:40:00.000","terminal":"2"},"flight":{"iataNumber":"AM1192","icaoNumber":"AMX1192","number":"1192"},"status":"landed","type":"arrival"},{"aircraft":{"icao24":"0D10FE","icaoCode":"A20N","regNumber":"XA-VUR"},"airline":{"iataCode":"Y4","icaoCode":"VOI","name":"Volaris"},"arrival":{"actualRunway":"2025-11-11T23:24:00.000","actualTime":"2025-11-11T23:24:00.000","baggage":null,"delay":null,"estimatedRunway":"2025-11-11T23:24:00.000","estimatedTime":"2025-11-11T23:22:00.000","gate":null,"iataCode":"TIJ","icaoCode":"MMTJ","scheduledTime":"2025-11-11T23:38:00.000","terminal":"2"},"codeshared":null,"departure":{"actualRunway":"2025-11-11T22:43:00.000","actualTime":"2025-11-11T22:43:00.000","baggage":null,"delay":"15","estimatedRunway":"2025-11-11T22:43:00.000","estimatedTime":"2025-11-11T22:28:00.000","gate":"4","iataCode":"BJX","icaoCode":"MMLO","scheduledTime":"2025-11-11T22:28:00.000","terminal":null},"flight":{"iataNumber":"Y43047","icaoNumber":"VOI3047","number":"3047"},"status":"landed","type":"arrival"},{"aircraft":{"icao24":"0D0939","icaoCode":"A320","regNumber":"XA-VAN"},"airline":{"iataCode":"VB","icaoCode":"VIV","name":"VivaAerobus"},"arrival":{"actualRunway":null,"actualTime":null,"baggage":null,"delay":"43","estimatedRunway":null,"estimatedTime":"2025-11-12T00:23:00.000","gate":null,"iataCode":"TIJ","icaoCode":"MMTJ","scheduledTime":"2025-11-11T23:40:00.000","terminal":"2"},"codeshared":null,"departure":{"actualRunway":"2025-11-11T23:37:00.000","actualTime":"2025-11-11T23:37:00.000","baggage":null,"delay":"68","estimatedRunway":"2025-11-11T23:37:00.000","estimatedTime":"2025-11-11T22:40:00.000","gate":null,"iataCode":"BJX","icaoCode":"MMLO","scheduledTime":"2025-11-11T22:30:00.000","terminal":null},"flight":{"iataNumber":"VB7362","icaoNumber":"VIV7362","number":"7362"},"status":"scheduled","type":"arrival"},{"aircraft":{"icao24":"A66355","icaoCode":"A320","regNumber":"N510VL"},"airline":{"iataCode":"Y4","icaoCode":"VOI","name":"Volaris"},"arrival":{"actualRunway":null,"actualTime":null,"baggage":null,"delay":null,"estimatedRunway":null,"estimatedTime":null,"gate":null,"iataCode":"TIJ","icaoCode":"MMTJ","scheduledTime":"2025-11-11T23:45:00.000","terminal":"2"},"codeshared":null,"departure":{"actualRunway":null,"actualTime":null,"baggage":null,"delay":"80","estimatedRunway":null,"estimatedTime":"2025-11-11T23:20:00.000","gate":"15","iataCode":"MEX","icaoCode":"MMMX","scheduledTime":"2025-11-11T22:00:00.000","terminal":"1"},"flight":{"iataNumber":"Y4186","icaoNumber":"VOI186","number":"186"},"status":"scheduled","type":"arrival"},{"aircraft":{"icao24":"0D0E5E","icaoCode":"A21N","regNumber":"XA-VXF"},"airline":{"iataCode":"VB","icaoCode":"VIV","name":"VivaAerobus"},"arrival":{"actualRunway":null,"actualTime":null,"baggage":null,"delay":"34","estimatedRunway":null,"estimatedTime":"2025-11-12T01:04:00.000","gate":null,"iataCode":"TIJ","icaoCode":"MMTJ","scheduledTime":"2025-11-12T00:30:00.000","terminal":"2"},"codeshared":null,"departure":{"actualRunway":"2025-11-11T23:58:00.000","actualTime":"2025-11-11T23:58:00.000","baggage":null,"delay":"59","estimatedRunway":"2025-11-11T23:58:00.000","estimatedTime":"2025-11-11T23:00:00.000","gate":null,"iataCode":"MZT","icaoCode":"MMMZ","scheduledTime":"2025-11-11T23:00:00.000","terminal":null},"flight":{"iataNumber":"VB5043","icaoNumber":"VIV5043","number":"5043"},"status":"scheduled","type":"arrival"},{"aircraft":{"icao24":"0D0A18","icaoCode":"A321","regNumber":"XA-VRC"},"airline":{"iataCode":"Y4","icaoCode":"VOI","name":"Volaris"},"arrival":{"actualRunway":null,"actualTime":null,"baggage":null,"delay":null,"estimatedRunway":null,"estimatedTime":null,"gate":null,"iataCode":"TIJ","icaoCode":"MMTJ","scheduledTime":"2025-11-12T00:48:00.000","terminal":"2"},"codeshared":null,"departure":{"actualRunway":null,"actualTime":null,"baggage":null,"delay":null,"estimatedRunway":null,"estimatedTime":"2025-11-11T23:46:00.000","gate":"C35","iataCode":"GDL","icaoCode":"MMGL","scheduledTime":"2025-11-11T23:46:00.000","terminal":"1"},"flight":{"iataNumber":"Y41010","icaoNumber":"VOI1010","number":"1010"},"status":"cancelled","type":"arrival"},{"aircraft":{"icao24":"0D0EC4","icaoCode":"A21N","regNumber":"XA-VSC"},"airline":{"iataCode":"Y4","icaoCode":"VOI","name":"Volaris"},"arrival":{"actualRunway":null,"actualTime":null,"baggage":null,"delay":null,"estimatedRunway":null,"estimatedTime":null,"gate":null,"iataCode":"TIJ","icaoCode":"MMTJ","scheduledTime":"2025-11-12T00:51:00.000","terminal":"2"},"codeshared":null,"departure":{"actualRunway":null,"actualTime":null,"baggage":null,"delay":null,"estimatedRunway":null,"estimatedTime":"2025-11-11T23:19:00.000","gate":"108B","iataCode":"NLU","icaoCode":"MMSM","scheduledTime":"2025-11-11T23:19:00.000","terminal":null},"flight":{"iataNumber":"Y43297","icaoNumber":"VOI3297","number":"3297"},"status":"cancelled","type":"arrival"},{"aircraft":{"icao24":"0D0E5A","icaoCode":"A21N","regNumber":"XA-VXE"},"airline":{"iataCode":"VB","icaoCode":"VIV","name":"VivaAerobus"},"arrival":{"actualRunway":null,"actualTime":null,"baggage":null,"delay":null,"estimatedRunway":null,"estimatedTime":null,"gate":null,"iataCode":"TIJ","icaoCode":"MMTJ","scheduledTime":"2025-11-12T01:20:00.000","terminal":"2"},"codeshared":null,"departure":{"actualRunway":null,"actualTime":null,"baggage":null,"delay":"10","estimatedRunway":null,"estimatedTime":"2025-11-12T00:30:00.000","gate":null,"iataCode":"GDL","icaoCode":"MMGL","scheduledTime":"2025-11-12T00:20:00.000","terminal":"1"},"flight":{"iataNumber":"VB3118","icaoNumber":"VIV3118","number":"3118"},"status":"scheduled","type":"arrival"},{"aircraft":{"icao24":"","icaoCode":"A359","regNumber":""},"airline":{"iataCode":"CZ","icaoCode":"CSN","name":"China Southern Airlines"},"arrival":{"actualRunway":null,"actualTime":null,"baggage":null,"delay":null,"estimatedRunway":null,"estimatedTime":null,"gate":null,"iataCode":"TIJ","icaoCode":"MMTJ","scheduledTime":"2025-11-12T02:40:00.000","terminal":"2"},"codeshared":null,"departure":{"actualRunway":null,"actualTime":null,"baggage":null,"delay":"350","estimatedRunway":null,"estimatedTime":"2025-11-12T06:30:00.000","gate":"24","iataCode":"MEX","icaoCode":"MMMX","scheduledTime":"2025-11-12T00:40:00.000","terminal":"1"},"flight":{"iataNumber":"CZ8032","icaoNumber":"CSN8032","number":"8032"},"status":"scheduled","type":"arrival"}]}