{"pagination":{"limit":100,"offset":0,"count":28,"total":28},"data":[{"flight_date":"2025-11-01","flight_status":"scheduled","departure":{"airport":"Ingeniero Fernando Espinoza Guti\u00e9rrez International","timezone":"America\/Mexico_City","iata":"QRO","icao":"MMQT","terminal":null,"gate":"A4","delay":88,"scheduled":"2025-11-01T05:15:00+00:00","estimated":"2025-11-01T05:15:00+00:00","actual":"2025-11-01T06:42:00+00:00","estimated_runway":"2025-11-01T06:42:00+00:00","actual_runway":"2025-11-01T06:42:00+00:00"},"arrival":{"airport":"General A. L. Rodriguez International","timezone":"America\/Tijuana","iata":"TIJ","icao":"MMTJ","terminal":"1","gate":null,"baggage":null,"scheduled":"2025-11-01T07:23:00+00:00","delay":82,"estimated":"2025-11-01T08:45:00+00:00","actual":null,"estimated_runway":null,"actual_runway":null},"airline":{"name":"Volaris","iata":"Y4","icao":"VOI"},"flight":{"number":"3352","iata":"Y43352","icao":"VOI3352","codeshared":null},"aircraft":null,"live":null},{"flight_date":"2025-11-01","flight_status":"landed","departure":{"airport":"Internacional Benito Juarez","timezone":"America\/Mexico_City","iata":"MEX","icao":"MMMX","terminal":"1","gate":"17","delay":4,"scheduled":"2025-11-01T05:00:00+00:00","estimated":"2025-11-01T05:00:00+00:00","actual":"2025-11-01T05:03:00+00:00","estimated_runway":"2025-11-01T05:03:00+00:00","actual_runway":"2025-11-01T05:03:00+00:00"},"arrival":{"airport":"General A. L. Rodriguez International","timezone":"America\/Tijuana","iata":"TIJ","icao":"MMTJ","terminal":"1","gate":null,"baggage":null,"scheduled":"2025-11-01T07:35:00+00:00","delay":55,"estimated":"2025-11-01T08:26:00+00:00","actual":"2025-11-01T08:30:00+00:00","estimated_runway":"2025-11-01T08:30:00+00:00","actual_runway":"2025-11-01T08:30:00+00:00"},"airline":{"name":"Iberia","iata":"IB","icao":"IBE"},"flight":{"number":"7499","iata":"IB7499","icao":"IBE7499","codeshared":{"airline_name":"vivaaerobus","airline_iata":"vb","airline_icao":"viv","flight_number":"1232","flight_iata":"vb1232","flight_icao":"viv1232"}},"aircraft":null,"live":null},{"flight_date":"2025-11-01","flight_status":"landed","departure":{"airport":"Internacional Benito Juarez","timezone":"America\/Mexico_City","iata":"MEX","icao":"MMMX","terminal":"1","gate":"17","delay":4,"scheduled":"2025-11-01T05:00:00+00:00","estimated":"2025-11-01T05:00:00+00:00","actual":"2025-11-01T05:03:00+00:00","estimated_runway":"2025-11-01T05:03:00+00:00","actual_runway":"2025-11-01T05:03:00+00:00"},"arrival":{"airport":"General A. L. Rodriguez International","timezone":"America\/Tijuana","iata":"TIJ","icao":"MMTJ","terminal":"1","gate":null,"baggage":null,"scheduled":"2025-11-01T07:35:00+00:00","delay":55,"estimated":"2025-11-01T08:26:00+00:00","actual":"2025-11-01T08:30:00+00:00","estimated_runway":"2025-11-01T08:30:00+00:00","actual_runway":"2025-11-01T08:30:00+00:00"},"airline":{"name":"VivaAerobus","iata":"VB","icao":"VIV"},"flight":{"number":"1232","iata":"VB1232","icao":"VIV1232","codeshared":null},"aircraft":null,"live":null},{"flight_date":"2025-11-01","flight_status":"diverted","departure":{"airport":"Gen Mariano Escobedo","timezone":"America\/Monterrey","iata":"MTY","icao":"MMMY","terminal":"C","gate":null,"delay":36,"scheduled":"2025-11-01T06:30:00+00:00","estimated":"2025-11-01T06:30:00+00:00","actual":"2025-11-01T07:05:00+00:00","estimated_runway":"2025-11-01T07:05:00+00:00","actual_runway":"2025-11-01T07:05:00+00:00"},"arrival":{"airport":"General A. L. Rodriguez International","timezone":"America\/Tijuana","iata":"TIJ","icao":"MMTJ","terminal":"1","gate":null,"baggage":null,"scheduled":"2025-11-01T08:30:00+00:00","delay":83,"estimated":"2025-11-01T09:53:00+00:00","actual":null,"estimated_runway":null,"actual_runway":null},"airline":{"name":"Sky Airline","iata":"H2","icao":"SKU"},"flight":{"number":"4080","iata":"H24080","icao":"VI4080","codeshared":null},"aircraft":{"registration":"CC-DBL","iata":"A20N","icao":"A20N","icao24":"E80046"},"live":{"updated":"2025-11-04T14:39:31+00:00","latitude":31.8198,"longitude":-114.659,"altitude":11590,"direction":290,"speed_horizontal":807.472,"speed_vertical":0,"is_ground":false}},{"flight_date":"2025-11-01","flight_status":"landed","departure":{"airport":"Aguascalients","timezone":"America\/Mexico_City","iata":"AGU","icao":"MMAS","terminal":null,"gate":"3","delay":11,"scheduled":"2025-11-01T06:45:00+00:00","estimated":"2025-11-01T06:45:00+00:00","actual":"2025-11-01T06:56:00+00:00","estimated_runway":"2025-11-01T06:56:00+00:00","actual_runway":"2025-11-01T06:56:00+00:00"},"arrival":{"airport":"General A. L. Rodriguez International","timezone":"America\/Tijuana","iata":"TIJ","icao":"MMTJ","terminal":"1","gate":null,"baggage":null,"scheduled":"2025-11-01T08:34:00+00:00","delay":5,"estimated":"2025-11-01T08:35:00+00:00","actual":"2025-11-01T08:39:00+00:00","estimated_runway":"2025-11-01T08:39:00+00:00","actual_runway":"2025-11-01T08:39:00+00:00"},"airline":{"name":"Volaris","iata":"Y4","icao":"VOI"},"flight":{"number":"3201","iata":"Y43201","icao":"VOI3201","codeshared":null},"aircraft":null,"live":null},{"flight_date":"2025-11-01","flight_status":"landed","departure":{"airport":null,"timezone":null,"iata":"NLU","icao":"MMSM","terminal":null,"gate":null,"delay":8,"scheduled":"2025-11-01T06:15:00+00:00","estimated":"2025-11-01T06:15:00+00:00","actual":"2025-11-01T06:22:00+00:00","estimated_runway":"2025-11-01T06:22:00+00:00","actual_runway":"2025-11-01T06:22:00+00:00"},"arrival":{"airport":"General A. L. Rodriguez International","timezone":"America\/Tijuana","iata":"TIJ","icao":"MMTJ","terminal":"1","gate":null,"baggage":null,"scheduled":"2025-11-01T08:45:00+00:00","delay":null,"estimated":"2025-11-01T08:32:00+00:00","actual":"2025-11-01T08:35:00+00:00","estimated_runway":"2025-11-01T08:35:00+00:00","actual_runway":"2025-11-01T08:35:00+00:00"},"airline":{"name":"VivaAerobus","iata":"VB","icao":"VIV"},"flight":{"number":"5069","iata":"VB5069","icao":"VIV5069","codeshared":null},"aircraft":null,"live":null},{"flight_date":"2025-11-01","flight_status":"diverted","departure":{"airport":"Del Baj\u00edo International","timezone":"America\/Mexico_City","iata":"BJX","icao":"MMLO","terminal":null,"gate":null,"delay":8,"scheduled":"2025-11-01T06:50:00+00:00","estimated":"2025-11-01T06:50:00+00:00","actual":"2025-11-01T06:58:00+00:00","estimated_runway":"2025-11-01T06:58:00+00:00","actual_runway":"2025-11-01T06:58:00+00:00"},"arrival":{"airport":"General A. L. Rodriguez International","timezone":"America\/Tijuana","iata":"TIJ","icao":"MMTJ","terminal":null,"gate":null,"baggage":null,"scheduled":"2025-11-01T09:00:00+00:00","delay":3,"estimated":"2025-11-01T09:03:00+00:00","actual":null,"estimated_runway":null,"actual_runway":null},"airline":{"name":"VivaAerobus","iata":"VB","icao":"VIV"},"flight":{"number":"5025","iata":"VB5025","icao":"VIV5025","codeshared":null},"aircraft":null,"live":null},{"flight_date":"2025-11-01","flight_status":"landed","departure":{"airport":"Guadalupe Victoria","timezone":"America\/Monterrey","iata":"DGO","icao":"MMDO","terminal":null,"gate":"2","delay":9,"scheduled":"2025-11-01T07:37:00+00:00","estimated":"2025-11-01T07:37:00+00:00","actual":"2025-11-01T07:46:00+00:00","estimated_runway":"2025-11-01T07:46:00+00:00","actual_runway":"2025-11-01T07:46:00+00:00"},"arrival":{"airport":"General A. L. Rodriguez International","timezone":"America\/Tijuana","iata":"TIJ","icao":"MMTJ","terminal":null,"gate":null,"baggage":null,"scheduled":"2025-11-01T09:01:00+00:00","delay":12,"estimated":"2025-11-01T09:13:00+00:00","actual":"2025-11-01T09:13:00+00:00","estimated_runway":"2025-11-01T09:13:00+00:00","actual_runway":"2025-11-01T09:13:00+00:00"},"airline":{"name":"Volaris","iata":"Y4","icao":"VOI"},"flight":{"number":"3251","iata":"Y43251","icao":"VOI3251","codeshared":null},"aircraft":null,"live":null},{"flight_date":"2025-11-01","flight_status":"landed","departure":{"airport":"Ingeniero Fernando Espinoza Guti\u00e9rrez International","timezone":"America\/Mexico_City","iata":"QRO","icao":"MMQT","terminal":null,"gate":null,"delay":8,"scheduled":"2025-11-01T07:00:00+00:00","estimated":"2025-11-01T07:00:00+00:00","actual":"2025-11-01T07:07:00+00:00","estimated_runway":"2025-11-01T07:07:00+00:00","actual_runway":"2025-11-01T07:07:00+00:00"},"arrival":{"airport":"General A. L. Rodriguez International","timezone":"America\/Tijuana","iata":"TIJ","icao":"MMTJ","terminal":null,"gate":null,"baggage":null,"scheduled":"2025-11-01T09:20:00+00:00","delay":16,"estimated":"2025-11-01T09:35:00+00:00","actual":"2025-11-01T09:36:00+00:00","estimated_runway":"2025-11-01T09:36:00+00:00","actual_runway":"2025-11-01T09:36:00+00:00"},"airline":{"name":"VivaAerobus","iata":"VB","icao":"VIV"},"flight":{"number":"5147","iata":"VB5147","icao":"VIV5147","codeshared":null},"aircraft":null,"live":null},{"flight_date":"2025-11-01","flight_status":"cancelled","departure":{"airport":"Don Miguel Hidalgo y Costilla International","timezone":"America\/Mexico_City","iata":"GDL","icao":"MMGL","terminal":"1","gate":null,"delay":10,"scheduled":"2025-11-01T07:24:00+00:00","estimated":"2025-11-01T07:24:00+00:00","actual":null,"estimated_runway":null,"actual_runway":null},"arrival":{"airport":"General A. L. Rodriguez International","timezone":"America\/Tijuana","iata":"TIJ","icao":"MMTJ","terminal":null,"gate":null,"baggage":null,"scheduled":"2025-11-01T09:20:00+00:00","delay":null,"estimated":null,"actual":null,"estimated_runway":null,"actual_runway":null},"airline":{"name":"Volaris","iata":"Y4","icao":"VOI"},"flight":{"number":"1000","iata":"Y41000","icao":"VOI1000","codeshared":null},"aircraft":null,"live":null},{"flight_date":"2025-11-01","flight_status":"landed","departure":{"airport":"Xoxocotlan","timezone":"America\/Mexico_City","iata":"OAX","icao":"MMOX","terminal":null,"gate":null,"delay":2,"scheduled":"2025-11-01T06:30:00+00:00","estimated":"2025-11-01T06:30:00+00:00","actual":"2025-11-01T06:31:00+00:00","estimated_runway":"2025-11-01T06:31:00+00:00","actual_runway":"2025-11-01T06:31:00+00:00"},"arrival":{"airport":"General A. L. Rodriguez International","timezone":"America\/Tijuana","iata":"TIJ","icao":"MMTJ","terminal":null,"gate":null,"baggage":null,"scheduled":"2025-11-01T09:30:00+00:00","delay":13,"estimated":"2025-11-01T09:43:00+00:00","actual":"2025-11-01T09:43:00+00:00","estimated_runway":"2025-11-01T09:43:00+00:00","actual_runway":"2025-11-01T09:43:00+00:00"},"airline":{"name":"VivaAerobus","iata":"VB","icao":"VIV"},"flight":{"number":"5075","iata":"VB5075","icao":"VIV5075","codeshared":null},"aircraft":null,"live":null},{"flight_date":"2025-11-01","flight_status":"landed","departure":{"airport":"Internacional Benito Juarez","timezone":"America\/Mexico_City","iata":"MEX","icao":"MMMX","terminal":"2","gate":"70","delay":37,"scheduled":"2025-11-01T06:30:00+00:00","estimated":"2025-11-01T06:30:00+00:00","actual":"2025-11-01T07:06:00+00:00","estimated_runway":"2025-11-01T07:06:00+00:00","actual_runway":"2025-11-01T07:06:00+00:00"},"arrival":{"airport":"General A. L. Rodriguez International","timezone":"America\/Tijuana","iata":"TIJ","icao":"MMTJ","terminal":null,"gate":"3","baggage":null,"scheduled":"2025-11-01T09:33:00+00:00","delay":null,"estimated":"2025-11-01T09:24:00+00:00","actual":"2025-11-01T09:25:00+00:00","estimated_runway":"2025-11-01T09:25:00+00:00","actual_runway":"2025-11-01T09:25:00+00:00"},"airline":{"name":"Air France","iata":"AF","icao":"AFR"},"flight":{"number":"8149","iata":"AF8149","icao":"AFR8149","codeshared":{"airline_name":"aeromexico","airline_iata":"am","airline_icao":"amx","flight_number":"110","flight_iata":"am110","flight_icao":"amx110"}},"aircraft":null,"live":null},{"flight_date":"2025-11-01","flight_status":"landed","departure":{"airport":"Internacional Benito Juarez","timezone":"America\/Mexico_City","iata":"MEX","icao":"MMMX","terminal":"2","gate":"70","delay":37,"scheduled":"2025-11-01T06:30:00+00:00","estimated":"2025-11-01T06:30:00+00:00","actual":"2025-11-01T07:06:00+00:00","estimated_runway":"2025-11-01T07:06:00+00:00","actual_runway":"2025-11-01T07:06:00+00:00"},"arrival":{"airport":"General A. L. Rodriguez International","timezone":"America\/Tijuana","iata":"TIJ","icao":"MMTJ","terminal":null,"gate":"3","baggage":null,"scheduled":"2025-11-01T09:33:00+00:00","delay":null,"estimated":"2025-11-01T09:24:00+00:00","actual":"2025-11-01T09:25:00+00:00","estimated_runway":"2025-11-01T09:25:00+00:00","actual_runway":"2025-11-01T09:25:00+00:00"},"airline":{"name":"KLM","iata":"KL","icao":"KLM"},"flight":{"number":"8940","iata":"KL8940","icao":"KLM8940","codeshared":{"airline_name":"aeromexico","airline_iata":"am","airline_icao":"amx","flight_number":"110","flight_iata":"am110","flight_icao":"amx110"}},"aircraft":null,"live":null},{"flight_date":"2025-11-01","flight_status":"landed","departure":{"airport":"Internacional Benito Juarez","timezone":"America\/Mexico_City","iata":"MEX","icao":"MMMX","terminal":"2","gate":"70","delay":37,"scheduled":"2025-11-01T06:30:00+00:00","estimated":"2025-11-01T06:30:00+00:00","actual":"2025-11-01T07:06:00+00:00","estimated_runway":"2025-11-01T07:06:00+00:00","actual_runway":"2025-11-01T07:06:00+00:00"},"arrival":{"airport":"General A. L. Rodriguez International","timezone":"America\/Tijuana","iata":"TIJ","icao":"MMTJ","terminal":null,"gate":"3","baggage":null,"scheduled":"2025-11-01T09:33:00+00:00","delay":null,"estimated":"2025-11-01T09:24:00+00:00","actual":"2025-11-01T09:25:00+00:00","estimated_runway":"2025-11-01T09:25:00+00:00","actual_runway":"2025-11-01T09:25:00+00:00"},"airline":{"name":"KLM","iata":"KL","icao":"KLM"},"flight":{"number":"9048","iata":"KL9048","icao":"KLM9048","codeshared":{"airline_name":"aeromexico","airline_iata":"am","airline_icao":"amx","flight_number":"110","flight_iata":"am110","flight_icao":"amx110"}},"aircraft":null,"live":null},{"flight_date":"2025-11-01","flight_status":"landed","departure":{"airport":"Internacional Benito Juarez","timezone":"America\/Mexico_City","iata":"MEX","icao":"MMMX","terminal":"2","gate":"70","delay":37,"scheduled":"2025-11-01T06:30:00+00:00","estimated":"2025-11-01T06:30:00+00:00","actual":"2025-11-01T07:06:00+00:00","estimated_runway":"2025-11-01T07:06:00+00:00","actual_runway":"2025-11-01T07:06:00+00:00"},"arrival":{"airport":"General A. L. Rodriguez International","timezone":"America\/Tijuana","iata":"TIJ","icao":"MMTJ","terminal":null,"gate":"3","baggage":null,"scheduled":"2025-11-01T09:33:00+00:00","delay":null,"estimated":"2025-11-01T09:24:00+00:00","actual":"2025-11-01T09:25:00+00:00","estimated_runway":"2025-11-01T09:25:00+00:00","actual_runway":"2025-11-01T09:25:00+00:00"},"airline":{"name":"Aeromexico","iata":"AM","icao":"AMX"},"flight":{"number":"110","iata":"AM110","icao":"AMX110","codeshared":null},"aircraft":null,"live":null},{"flight_date":"2025-11-01","flight_status":"scheduled","departure":{"airport":"Fedl De Bachigualato","timezone":"America\/Mazatlan","iata":"CUL","icao":"MMCL","terminal":null,"gate":"1","delay":137,"scheduled":"2025-11-01T12:19:00+00:00","estimated":"2025-11-01T12:19:00+00:00","actual":"2025-11-01T14:36:00+00:00","estimated_runway":"2025-11-01T14:36:00+00:00","actual_runway":"2025-11-01T14:36:00+00:00"},"arrival":{"airport":"General A. L. Rodriguez International","timezone":"America\/Tijuana","iata":"TIJ","icao":"MMTJ","terminal":null,"gate":null,"baggage":null,"scheduled":"2025-11-01T14:22:00+00:00","delay":119,"estimated":"2025-11-01T16:21:00+00:00","actual":null,"estimated_runway":null,"actual_runway":null},"airline":{"name":"Volaris","iata":"Y4","icao":"VOI"},"flight":{"number":"3003","iata":"Y43003","icao":"VOI3003","codeshared":null},"aircraft":null,"live":null},{"flight_date":"2025-11-01","flight_status":"landed","departure":{"airport":"Don Miguel Hidalgo y Costilla International","timezone":"America\/Mexico_City","iata":"GDL","icao":"MMGL","terminal":"1","gate":null,"delay":18,"scheduled":"2025-11-01T12:25:00+00:00","estimated":"2025-11-01T12:25:00+00:00","actual":"2025-11-01T12:42:00+00:00","estimated_runway":"2025-11-01T12:42:00+00:00","actual_runway":"2025-11-01T12:42:00+00:00"},"arrival":{"airport":"General A. L. Rodriguez International","timezone":"America\/Tijuana","iata":"TIJ","icao":"MMTJ","terminal":null,"gate":null,"baggage":null,"scheduled":"2025-11-01T14:25:00+00:00","delay":null,"estimated":"2025-11-01T14:17:00+00:00","actual":"2025-11-01T14:17:00+00:00","estimated_runway":"2025-11-01T14:17:00+00:00","actual_runway":"2025-11-01T14:17:00+00:00"},"airline":{"name":"VivaAerobus","iata":"VB","icao":"VIV"},"flight":{"number":"3110","iata":"VB3110","icao":"VIV3110","codeshared":null},"aircraft":null,"live":null},{"flight_date":"2025-11-01","flight_status":"landed","departure":{"airport":"Gen Pesqueira Garcia","timezone":"America\/Hermosillo","iata":"HMO","icao":"MMHO","terminal":null,"gate":"4","delay":7,"scheduled":"2025-11-01T13:21:00+00:00","estimated":"2025-11-01T13:21:00+00:00","actual":"2025-11-01T13:28:00+00:00","estimated_runway":"2025-11-01T13:28:00+00:00","actual_runway":"2025-11-01T13:28:00+00:00"},"arrival":{"airport":"General A. L. Rodriguez International","timezone":"America\/Tijuana","iata":"TIJ","icao":"MMTJ","terminal":null,"gate":null,"baggage":null,"scheduled":"2025-11-01T14:41:00+00:00","delay":null,"estimated":"2025-11-01T14:28:00+00:00","actual":"2025-11-01T14:28:00+00:00","estimated_runway":"2025-11-01T14:28:00+00:00","actual_runway":"2025-11-01T14:28:00+00:00"},"airline":{"name":"Volaris","iata":"Y4","icao":"VOI"},"flight":{"number":"3183","iata":"Y43183","icao":"VOI3183","codeshared":null},"aircraft":null,"live":null},{"flight_date":"2025-11-01","flight_status":"landed","departure":{"airport":"Vancouver International","timezone":"America\/Vancouver","iata":"YVR","icao":"CYVR","terminal":null,"gate":null,"delay":25,"scheduled":"2025-11-01T12:00:00+00:00","estimated":"2025-11-01T12:00:00+00:00","actual":"2025-11-01T12:25:00+00:00","estimated_runway":"2025-11-01T12:25:00+00:00","actual_runway":"2025-11-01T12:25:00+00:00"},"arrival":{"airport":"General A. L. Rodriguez International","timezone":"America\/Tijuana","iata":"TIJ","icao":"MMTJ","terminal":null,"gate":null,"baggage":null,"scheduled":"2025-11-01T14:43:00+00:00","delay":35,"estimated":"2025-11-01T15:13:00+00:00","actual":"2025-11-01T15:18:00+00:00","estimated_runway":"2025-11-01T15:18:00+00:00","actual_runway":"2025-11-01T15:18:00+00:00"},"airline":{"name":"empty","iata":null,"icao":null},"flight":{"number":null,"iata":null,"icao":null,"codeshared":null},"aircraft":null,"live":null},{"flight_date":"2025-11-01","flight_status":"landed","departure":{"airport":"Don Miguel Hidalgo y Costilla International","timezone":"America\/Mexico_City","iata":"GDL","icao":"MMGL","terminal":"1","gate":"D41","delay":23,"scheduled":"2025-11-01T12:55:00+00:00","estimated":"2025-11-01T12:55:00+00:00","actual":"2025-11-01T13:18:00+00:00","estimated_runway":"2025-11-01T13:18:00+00:00","actual_runway":"2025-11-01T13:18:00+00:00"},"arrival":{"airport":"General A. L. Rodriguez International","timezone":"America\/Tijuana","iata":"TIJ","icao":"MMTJ","terminal":null,"gate":null,"baggage":null,"scheduled":"2025-11-01T14:51:00+00:00","delay":1,"estimated":"2025-11-01T14:54:00+00:00","actual":"2025-11-01T14:52:00+00:00","estimated_runway":"2025-11-01T14:52:00+00:00","actual_runway":"2025-11-01T14:52:00+00:00"},"airline":{"name":"Volaris","iata":"Y4","icao":"VOI"},"flight":{"number":"1014","iata":"Y41014","icao":"VOI1014","codeshared":null},"aircraft":null,"live":null},{"flight_date":"2025-11-01","flight_status":"landed","departure":{"airport":"Los Cabos","timezone":"America\/Mazatlan","iata":"SJD","icao":"MMSD","terminal":"1","gate":"6","delay":23,"scheduled":"2025-11-01T12:54:00+00:00","estimated":"2025-11-01T12:54:00+00:00","actual":"2025-11-01T13:16:00+00:00","estimated_runway":"2025-11-01T13:16:00+00:00","actual_runway":"2025-11-01T13:16:00+00:00"},"arrival":{"airport":"General A. L. Rodriguez International","timezone":"America\/Tijuana","iata":"TIJ","icao":"MMTJ","terminal":null,"gate":null,"baggage":null,"scheduled":"2025-11-01T14:57:00+00:00","delay":10,"estimated":"2025-11-01T15:07:00+00:00","actual":"2025-11-01T15:07:00+00:00","estimated_runway":"2025-11-01T15:07:00+00:00","actual_runway":"2025-11-01T15:07:00+00:00"},"airline":{"name":"Volaris","iata":"Y4","icao":"VOI"},"flight":{"number":"3101","iata":"Y43101","icao":"VOI3101","codeshared":null},"aircraft":null,"live":null},{"flight_date":"2025-11-01","flight_status":"landed","departure":{"airport":"Xoxocotlan","timezone":"America\/Mexico_City","iata":"OAX","icao":"MMOX","terminal":null,"gate":"12","delay":3,"scheduled":"2025-11-01T12:07:00+00:00","estimated":"2025-11-01T12:07:00+00:00","actual":"2025-11-01T12:10:00+00:00","estimated_runway":"2025-11-01T12:10:00+00:00","actual_runway":"2025-11-01T12:10:00+00:00"},"arrival":{"airport":"General A. L. Rodriguez International","timezone":"America\/Tijuana","iata":"TIJ","icao":"MMTJ","terminal":null,"gate":null,"baggage":null,"scheduled":"2025-11-01T14:57:00+00:00","delay":null,"estimated":"2025-11-01T14:48:00+00:00","actual":"2025-11-01T14:49:00+00:00","estimated_runway":"2025-11-01T14:49:00+00:00","actual_runway":"2025-11-01T14:49:00+00:00"},"airline":{"name":"Volaris","iata":"Y4","icao":"VOI"},"flight":{"number":"3141","iata":"Y43141","icao":"VOI3141","codeshared":null},"aircraft":null,"live":null},{"flight_date":"2025-11-01","flight_status":"landed","departure":{"airport":"Don Miguel Hidalgo y Costilla International","timezone":"America\/Mexico_City","iata":"GDL","icao":"MMGL","terminal":"1","gate":"A8","delay":20,"scheduled":"2025-11-01T15:18:00+00:00","estimated":"2025-11-01T15:18:00+00:00","actual":"2025-11-01T15:38:00+00:00","estimated_runway":"2025-11-01T15:38:00+00:00","actual_runway":"2025-11-01T15:38:00+00:00"},"arrival":{"airport":"General A. L. Rodriguez International","timezone":"America\/Tijuana","iata":"TIJ","icao":"MMTJ","terminal":null,"gate":null,"baggage":null,"scheduled":"2025-11-01T17:14:00+00:00","delay":null,"estimated":"2025-11-01T17:08:00+00:00","actual":"2025-11-01T17:07:00+00:00","estimated_runway":"2025-11-01T17:07:00+00:00","actual_runway":"2025-11-01T17:07:00+00:00"},"airline":{"name":"Volaris","iata":"Y4","icao":"VOI"},"flight":{"number":"1004","iata":"Y41004","icao":"VOI1004","codeshared":null},"aircraft":null,"live":null},{"flight_date":"2025-11-01","flight_status":"landed","departure":{"airport":"Beijing Capital International","timezone":"Asia\/Shanghai","iata":"PEK","icao":"ZBAA","terminal":"2","gate":"C09","delay":14,"scheduled":"2025-11-01T20:15:00+00:00","estimated":"2025-11-01T20:15:00+00:00","actual":"2025-11-01T20:28:00+00:00","estimated_runway":"2025-11-01T20:28:00+00:00","actual_runway":"2025-11-01T20:28:00+00:00"},"arrival":{"airport":"General A. L. Rodriguez International","timezone":"America\/Tijuana","iata":"TIJ","icao":"MMTJ","terminal":null,"gate":null,"baggage":"6","scheduled":"2025-11-01T17:20:00+00:00","delay":3,"estimated":"2025-11-01T17:16:00+00:00","actual":"2025-11-01T17:23:00+00:00","estimated_runway":"2025-11-01T17:23:00+00:00","actual_runway":"2025-11-01T17:23:00+00:00"},"airline":{"name":"Hainan Airlines","iata":"HU","icao":"CHH"},"flight":{"number":"7925","iata":"HU7925","icao":"CHH7925","codeshared":null},"aircraft":null,"live":null},{"flight_date":"2025-11-01","flight_status":"landed","departure":{"airport":"General Manuel M\u00e1rquez De Le\u00f3n International Airport","timezone":"America\/Mazatlan","iata":"LAP","icao":"MMLP","terminal":null,"gate":"5","delay":3,"scheduled":"2025-11-01T15:39:00+00:00","estimated":"2025-11-01T15:39:00+00:00","actual":"2025-11-01T15:42:00+00:00","estimated_runway":"2025-11-01T15:42:00+00:00","actual_runway":"2025-11-01T15:42:00+00:00"},"arrival":{"airport":"General A. L. Rodriguez International","timezone":"America\/Tijuana","iata":"TIJ","icao":"MMTJ","terminal":null,"gate":null,"baggage":null,"scheduled":"2025-11-01T17:30:00+00:00","delay":null,"estimated":"2025-11-01T17:19:00+00:00","actual":"2025-11-01T17:19:00+00:00","estimated_runway":"2025-11-01T17:19:00+00:00","actual_runway":"2025-11-01T17:19:00+00:00"},"airline":{"name":"Volaris","iata":"Y4","icao":"VOI"},"flight":{"number":"3233","iata":"Y43233","icao":"VOI3233","codeshared":null},"aircraft":null,"live":null},{"flight_date":"2025-11-01","flight_status":"scheduled","departure":{"airport":"Canc\u00fan International","timezone":"America\/Cancun","iata":"CUN","icao":"MMUN","terminal":"2","gate":"B1","delay":39,"scheduled":"2025-11-01T14:57:00+00:00","estimated":"2025-11-01T14:57:00+00:00","actual":"2025-11-01T15:35:00+00:00","estimated_runway":"2025-11-01T15:35:00+00:00","actual_runway":"2025-11-01T15:35:00+00:00"},"arrival":{"airport":"General A. L. Rodriguez International","timezone":"America\/Tijuana","iata":"TIJ","icao":"MMTJ","terminal":null,"gate":null,"baggage":null,"scheduled":"2025-11-01T17:33:00+00:00","delay":31,"estimated":"2025-11-01T18:04:00+00:00","actual":null,"estimated_runway":null,"actual_runway":null},"airline":{"name":"Volaris","iata":"Y4","icao":"VOI"},"flight":{"number":"3081","iata":"Y43081","icao":"VOI3081","codeshared":null},"aircraft":null,"live":null},{"flight_date":"2025-11-01","flight_status":"landed","departure":{"airport":"Licenciado Gustavo D\u00edaz Ordaz International","timezone":"America\/Mexico_City","iata":"PVR","icao":"MMPR","terminal":null,"gate":"5","delay":27,"scheduled":"2025-11-01T16:00:00+00:00","estimated":"2025-11-01T16:00:00+00:00","actual":"2025-11-01T16:27:00+00:00","estimated_runway":"2025-11-01T16:27:00+00:00","actual_runway":"2025-11-01T16:27:00+00:00"},"arrival":{"airport":"General A. L. Rodriguez International","timezone":"America\/Tijuana","iata":"TIJ","icao":"MMTJ","terminal":null,"gate":null,"baggage":null,"scheduled":"2025-11-01T17:39:00+00:00","delay":13,"estimated":"2025-11-01T17:56:00+00:00","actual":"2025-11-01T17:52:00+00:00","estimated_runway":"2025-11-01T17:52:00+00:00","actual_runway":"2025-11-01T17:52:00+00:00"},"airline":{"name":"Volaris","iata":"Y4","icao":"VOI"},"flight":{"number":"3123","iata":"Y43123","icao":"VOI3123","codeshared":null},"aircraft":null,"live":null},{"flight_date":"2025-11-01","flight_status":"active","departure":{"airport":"Ciudad Obregon","timezone":"America\/Hermosillo","iata":"CEN","icao":"MMCN","terminal":null,"gate":null,"delay":10,"scheduled":"2025-11-01T21:26:00+00:00","estimated":"2025-11-01T21:26:00+00:00","actual":"2025-11-01T21:36:00+00:00","estimated_runway":"2025-11-01T21:36:00+00:00","actual_runway":"2025-11-01T21:36:00+00:00"},"arrival":{"airport":"General A. L. Rodriguez International","timezone":"America\/Tijuana","iata":"TIJ","icao":"MMTJ","terminal":null,"gate":null,"baggage":null,"scheduled":"2025-11-01T22:34:00+00:00","delay":null,"estimated":null,"actual":null,"estimated_runway":null,"actual_runway":null},"airline":{"name":"Volaris","iata":"Y4","icao":"VOI"},"flight":{"number":"3317","iata":"Y43317","icao":"VOI3317","codeshared":null},"aircraft":null,"live":null}]}