{"pagination":{"limit":null,"offset":null,"count":92,"total":92},"data":[{"aircraft":{"icao24":"0D09D5","icaoCode":"A321","regNumber":"XA-VLU"},"airline":{"iataCode":"Y4","icaoCode":"VOI","name":"Volaris"},"arrival":{"actualRunway":null,"actualTime":null,"baggage":null,"delay":null,"estimatedRunway":null,"estimatedTime":null,"gate":null,"iataCode":"TIJ","icaoCode":"MMTJ","scheduledTime":"2025-11-12T06:29:00.000","terminal":"A"},"codeshared":null,"departure":{"actualRunway":null,"actualTime":null,"baggage":null,"delay":"183","estimatedRunway":null,"estimatedTime":"2025-11-12T08:30:00.000","gate":"A6","iataCode":"GDL","icaoCode":"MMGL","scheduledTime":"2025-11-12T05:27:00.000","terminal":"1"},"flight":{"iataNumber":"Y41002","icaoNumber":"VOI1002","number":"1002"},"status":"unknown","type":"arrival"},{"aircraft":{"icao24":"78110D","icaoCode":"B789","regNumber":"B-7302"},"airline":{"iataCode":"HU","icaoCode":"CHH","name":"Hainan Airlines"},"arrival":{"actualRunway":null,"actualTime":null,"baggage":null,"delay":"141","estimatedRunway":null,"estimatedTime":"2025-11-12T08:51:00.000","gate":null,"iataCode":"TIJ","icaoCode":"MMTJ","scheduledTime":"2025-11-12T06:30:00.000","terminal":"A"},"codeshared":null,"departure":{"actualRunway":"2025-11-12T07:51:00.000","actualTime":"2025-11-12T07:51:00.000","baggage":null,"delay":"157","estimatedRunway":"2025-11-12T07:51:00.000","estimatedTime":"2025-11-12T07:45:00.000","gate":"F1","iataCode":"MEX","icaoCode":"MMMX","scheduledTime":"2025-11-12T05:15:00.000","terminal":"1"},"flight":{"iataNumber":"HU7926","icaoNumber":"CHH7926","number":"7926"},"status":"scheduled","type":"arrival"},{"aircraft":{"icao24":"0D099A","icaoCode":"A320","regNumber":"XA-VAR"},"airline":{"iataCode":"IB","icaoCode":"IBE","name":"Iberia"},"arrival":{"actualRunway":"2025-11-12T07:19:00.000","actualTime":"2025-11-12T07:19:00.000","baggage":null,"delay":"45","estimatedRunway":"2025-11-12T07:19:00.000","estimatedTime":"2025-11-12T07:17:00.000","gate":null,"iataCode":"TIJ","icaoCode":"MMTJ","scheduledTime":"2025-11-12T06:35:00.000","terminal":"A"},"codeshared":{"airline":{"iataCode":"vb","icaoCode":"viv","name":"vivaaerobus"},"flight":{"iataNumber":"vb1232","icaoNumber":"viv1232","number":"1232"}},"departure":{"actualRunway":"2025-11-12T05:46:00.000","actualTime":"2025-11-12T05:46:00.000","baggage":null,"delay":"47","estimatedRunway":"2025-11-12T05:46:00.000","estimatedTime":"2025-11-12T05:20:00.000","gate":"19","iataCode":"MEX","icaoCode":"MMMX","scheduledTime":"2025-11-12T05:00:00.000","terminal":"1"},"flight":{"iataNumber":"IB7499","icaoNumber":"IBE7499","number":"7499"},"status":"landed","type":"arrival"},{"aircraft":{"icao24":"0D099A","icaoCode":"A320","regNumber":"XA-VAR"},"airline":{"iataCode":"VB","icaoCode":"VIV","name":"VivaAerobus"},"arrival":{"actualRunway":"2025-11-12T07:19:00.000","actualTime":"2025-11-12T07:19:00.000","baggage":null,"delay":"45","estimatedRunway":"2025-11-12T07:19:00.000","estimatedTime":"2025-11-12T07:17:00.000","gate":null,"iataCode":"TIJ","icaoCode":"MMTJ","scheduledTime":"2025-11-12T06:35:00.000","terminal":"A"},"codeshared":null,"departure":{"actualRunway":"2025-11-12T05:46:00.000","actualTime":"2025-11-12T05:46:00.000","baggage":null,"delay":"47","estimatedRunway":"2025-11-12T05:46:00.000","estimatedTime":"2025-11-12T05:20:00.000","gate":"19","iataCode":"MEX","icaoCode":"MMMX","scheduledTime":"2025-11-12T05:00:00.000","terminal":"1"},"flight":{"iataNumber":"VB1232","icaoNumber":"VIV1232","number":"1232"},"status":"landed","type":"arrival"},{"aircraft":{"icao24":"0D0CDD","icaoCode":"A320","regNumber":"XA-VAI"},"airline":{"iataCode":"VB","icaoCode":"VIV","name":"VivaAerobus"},"arrival":{"actualRunway":"2025-11-12T06:53:00.000","actualTime":"2025-11-12T06:53:00.000","baggage":null,"delay":null,"estimatedRunway":"2025-11-12T06:53:00.000","estimatedTime":"2025-11-12T06:52:00.000","gate":null,"iataCode":"TIJ","icaoCode":"MMTJ","scheduledTime":"2025-11-12T07:05:00.000","terminal":"A"},"codeshared":null,"departure":{"actualRunway":"2025-11-12T06:12:00.000","actualTime":"2025-11-12T06:12:00.000","baggage":null,"delay":"13","estimatedRunway":"2025-11-12T06:12:00.000","estimatedTime":"2025-11-12T06:10:00.000","gate":null,"iataCode":"GDL","icaoCode":"MMGL","scheduledTime":"2025-11-12T06:00:00.000","terminal":"1"},"flight":{"iataNumber":"VB3114","icaoNumber":"VIV3114","number":"3114"},"status":"landed","type":"arrival"},{"aircraft":{"icao24":"0D0DD3","icaoCode":"A21N","regNumber":"XA-VSK"},"airline":{"iataCode":"Y4","icaoCode":"VOI","name":"Volaris"},"arrival":{"actualRunway":null,"actualTime":null,"baggage":null,"delay":"100","estimatedRunway":null,"estimatedTime":"2025-11-12T08:55:00.000","gate":null,"iataCode":"TIJ","icaoCode":"MMTJ","scheduledTime":"2025-11-12T07:15:00.000","terminal":"A"},"codeshared":null,"departure":{"actualRunway":"2025-11-12T07:48:00.000","actualTime":"2025-11-12T07:48:00.000","baggage":null,"delay":"138","estimatedRunway":"2025-11-12T07:48:00.000","estimatedTime":"2025-11-12T07:49:00.000","gate":"31","iataCode":"MEX","icaoCode":"MMMX","scheduledTime":"2025-11-12T05:30:00.000","terminal":"1"},"flight":{"iataNumber":"Y4180","icaoNumber":"VOI180","number":"180"},"status":"scheduled","type":"arrival"},{"aircraft":{"icao24":"E80046","icaoCode":"A20N","regNumber":"CC-DBL"},"airline":{"iataCode":"H2","icaoCode":"SKU","name":"Sky Airline"},"arrival":{"actualRunway":"2025-11-12T07:16:00.000","actualTime":"2025-11-12T07:16:00.000","baggage":null,"delay":null,"estimatedRunway":"2025-11-12T07:16:00.000","estimatedTime":"2025-11-12T07:14:00.000","gate":null,"iataCode":"TIJ","icaoCode":"MMTJ","scheduledTime":"2025-11-12T07:30:00.000","terminal":"A"},"codeshared":null,"departure":{"actualRunway":"2025-11-12T06:44:00.000","actualTime":"2025-11-12T06:44:00.000","baggage":null,"delay":"15","estimatedRunway":"2025-11-12T06:44:00.000","estimatedTime":"2025-11-12T06:30:00.000","gate":null,"iataCode":"MTY","icaoCode":"MMMY","scheduledTime":"2025-11-12T06:30:00.000","terminal":"A"},"flight":{"iataNumber":"H24080","icaoNumber":"SKU4080","number":"4080"},"status":"landed","type":"arrival"},{"aircraft":{"icao24":"A65220","icaoCode":"A320","regNumber":"N506VL"},"airline":{"iataCode":"Y4","icaoCode":"VOI","name":"Volaris"},"arrival":{"actualRunway":null,"actualTime":null,"baggage":null,"delay":"177","estimatedRunway":null,"estimatedTime":"2025-11-12T10:27:00.000","gate":null,"iataCode":"TIJ","icaoCode":"MMTJ","scheduledTime":"2025-11-12T07:30:00.000","terminal":"A"},"codeshared":null,"departure":{"actualRunway":"2025-11-12T09:51:00.000","actualTime":"2025-11-12T09:51:00.000","baggage":null,"delay":"203","estimatedRunway":"2025-11-12T09:51:00.000","estimatedTime":"2025-11-12T09:28:00.000","gate":"A5","iataCode":"GDL","icaoCode":"MMGL","scheduledTime":"2025-11-12T06:28:00.000","terminal":"1"},"flight":{"iataNumber":"Y41004","icaoNumber":"VOI1004","number":"1004"},"status":"scheduled","type":"arrival"},{"aircraft":{"icao24":"0D0FFD","icaoCode":"A320","regNumber":"XA-VVA"},"airline":{"iataCode":"Y4","icaoCode":"VOI","name":"Volaris"},"arrival":{"actualRunway":null,"actualTime":null,"baggage":null,"delay":"112","estimatedRunway":null,"estimatedTime":"2025-11-12T09:31:00.000","gate":null,"iataCode":"TIJ","icaoCode":"MMTJ","scheduledTime":"2025-11-12T07:40:00.000","terminal":"A"},"codeshared":null,"departure":{"actualRunway":"2025-11-12T08:38:00.000","actualTime":"2025-11-12T08:38:00.000","baggage":null,"delay":"140","estimatedRunway":"2025-11-12T08:38:00.000","estimatedTime":"2025-11-12T08:36:00.000","gate":"B1","iataCode":"QRO","icaoCode":"MMQT","scheduledTime":"2025-11-12T06:18:00.000","terminal":null},"flight":{"iataNumber":"Y43352","icaoNumber":"VOI3352","number":"3352"},"status":"scheduled","type":"arrival"},{"aircraft":{"icao24":"0D1158","icaoCode":"A21N","regNumber":"XA-VXV"},"airline":{"iataCode":"VB","icaoCode":"VIV","name":"VivaAerobus"},"arrival":{"actualRunway":"2025-11-12T07:41:00.000","actualTime":"2025-11-12T07:41:00.000","baggage":null,"delay":null,"estimatedRunway":"2025-11-12T07:41:00.000","estimatedTime":"2025-11-12T07:41:00.000","gate":null,"iataCode":"TIJ","icaoCode":"MMTJ","scheduledTime":"2025-11-12T07:45:00.000","terminal":"A"},"codeshared":null,"departure":{"actualRunway":"2025-11-12T06:34:00.000","actualTime":"2025-11-12T06:34:00.000","baggage":null,"delay":"20","estimatedRunway":"2025-11-12T06:34:00.000","estimatedTime":"2025-11-12T06:25:00.000","gate":null,"iataCode":"NLU","icaoCode":"MMSM","scheduledTime":"2025-11-12T06:15:00.000","terminal":null},"flight":{"iataNumber":"VB5069","icaoNumber":"VIV5069","number":"5069"},"status":"landed","type":"arrival"},{"aircraft":{"icao24":"0D0CB1","icaoCode":"A20N","regNumber":"XA-VRQ"},"airline":{"iataCode":"Y4","icaoCode":"VOI","name":"Volaris"},"arrival":{"actualRunway":null,"actualTime":null,"baggage":null,"delay":"92","estimatedRunway":null,"estimatedTime":"2025-11-12T09:29:00.000","gate":null,"iataCode":"TIJ","icaoCode":"MMTJ","scheduledTime":"2025-11-12T07:58:00.000","terminal":"A"},"codeshared":null,"departure":{"actualRunway":"2025-11-12T08:58:00.000","actualTime":"2025-11-12T08:58:00.000","baggage":null,"delay":"118","estimatedRunway":"2025-11-12T08:58:00.000","estimatedTime":"2025-11-12T09:00:00.000","gate":"1","iataCode":"AGU","icaoCode":"MMAS","scheduledTime":"2025-11-12T07:00:00.000","terminal":null},"flight":{"iataNumber":"Y43201","icaoNumber":"VOI3201","number":"3201"},"status":"scheduled","type":"arrival"},{"aircraft":{"icao24":"0D1068","icaoCode":"A320","regNumber":"XA-VDE"},"airline":{"iataCode":"VB","icaoCode":"VIV","name":"VivaAerobus"},"arrival":{"actualRunway":"2025-11-12T07:38:00.000","actualTime":"2025-11-12T07:38:00.000","baggage":null,"delay":null,"estimatedRunway":"2025-11-12T07:38:00.000","estimatedTime":"2025-11-12T07:35:00.000","gate":null,"iataCode":"TIJ","icaoCode":"MMTJ","scheduledTime":"2025-11-12T08:00:00.000","terminal":"A"},"codeshared":null,"departure":{"actualRunway":"2025-11-12T06:54:00.000","actualTime":"2025-11-12T06:54:00.000","baggage":null,"delay":"4","estimatedRunway":"2025-11-12T06:54:00.000","estimatedTime":"2025-11-12T07:00:00.000","gate":null,"iataCode":"BJX","icaoCode":"MMLO","scheduledTime":"2025-11-12T06:50:00.000","terminal":null},"flight":{"iataNumber":"VB5025","icaoNumber":"VIV5025","number":"5025"},"status":"landed","type":"arrival"},{"aircraft":{"icao24":"0D0C9C","icaoCode":"B734","regNumber":"XA-EST"},"airline":{"iataCode":"E7","icaoCode":"ESF","name":"Estafeta Carga Aerea"},"arrival":{"actualRunway":null,"actualTime":null,"baggage":null,"delay":"16","estimatedRunway":null,"estimatedTime":"2025-11-12T08:21:00.000","gate":null,"iataCode":"TIJ","icaoCode":"MMTJ","scheduledTime":"2025-11-12T08:05:00.000","terminal":"A"},"codeshared":null,"departure":{"actualRunway":"2025-11-12T07:39:00.000","actualTime":"2025-11-12T07:39:00.000","baggage":null,"delay":"99","estimatedRunway":"2025-11-12T07:39:00.000","estimatedTime":null,"gate":null,"iataCode":"GDL","icaoCode":"MMGL","scheduledTime":"2025-11-12T06:00:00.000","terminal":null},"flight":{"iataNumber":"E7314","icaoNumber":"ESF314","number":"314"},"status":"diverted","type":"arrival"},{"aircraft":{"icao24":"0D0A0D","icaoCode":"A321","regNumber":"XA-VRB"},"airline":{"iataCode":"Y4","icaoCode":"VOI","name":"Volaris"},"arrival":{"actualRunway":null,"actualTime":null,"baggage":null,"delay":"88","estimatedRunway":null,"estimatedTime":"2025-11-12T09:36:00.000","gate":null,"iataCode":"TIJ","icaoCode":"MMTJ","scheduledTime":"2025-11-12T08:08:00.000","terminal":"A"},"codeshared":null,"departure":{"actualRunway":"2025-11-12T09:28:00.000","actualTime":"2025-11-12T09:28:00.000","baggage":null,"delay":"112","estimatedRunway":"2025-11-12T09:28:00.000","estimatedTime":"2025-11-12T09:31:00.000","gate":"2","iataCode":"DGO","icaoCode":"MMDO","scheduledTime":"2025-11-12T07:37:00.000","terminal":null},"flight":{"iataNumber":"Y43251","icaoNumber":"VOI3251","number":"3251"},"status":"scheduled","type":"arrival"},{"aircraft":{"icao24":"0D0B35","icaoCode":"A20N","regNumber":"XA-VRF"},"airline":{"iataCode":"Y4","icaoCode":"VOI","name":"Volaris"},"arrival":{"actualRunway":null,"actualTime":null,"baggage":null,"delay":"63","estimatedRunway":null,"estimatedTime":"2025-11-12T09:12:00.000","gate":null,"iataCode":"TIJ","icaoCode":"MMTJ","scheduledTime":"2025-11-12T08:10:00.000","terminal":"A"},"codeshared":null,"departure":{"actualRunway":"2025-11-12T08:25:00.000","actualTime":"2025-11-12T08:25:00.000","baggage":null,"delay":"85","estimatedRunway":"2025-11-12T08:25:00.000","estimatedTime":"2025-11-12T08:15:00.000","gate":"4","iataCode":"BJX","icaoCode":"MMLO","scheduledTime":"2025-11-12T07:00:00.000","terminal":null},"flight":{"iataNumber":"Y43045","icaoNumber":"VOI3045","number":"3045"},"status":"scheduled","type":"arrival"},{"aircraft":{"icao24":"0D10E4","icaoCode":"A21N","regNumber":"XA-VUQ"},"airline":{"iataCode":"Y4","icaoCode":"VOI","name":"Volaris"},"arrival":{"actualRunway":null,"actualTime":null,"baggage":null,"delay":"71","estimatedRunway":null,"estimatedTime":"2025-11-12T09:23:00.000","gate":null,"iataCode":"TIJ","icaoCode":"MMTJ","scheduledTime":"2025-11-12T08:12:00.000","terminal":"A"},"codeshared":null,"departure":{"actualRunway":"2025-11-12T08:59:00.000","actualTime":"2025-11-12T08:59:00.000","baggage":null,"delay":"99","estimatedRunway":"2025-11-12T08:59:00.000","estimatedTime":"2025-11-12T08:59:00.000","gate":"3","iataCode":"ZCL","icaoCode":"MMZC","scheduledTime":"2025-11-12T07:20:00.000","terminal":null},"flight":{"iataNumber":"Y43211","icaoNumber":"VOI3211","number":"3211"},"status":"scheduled","type":"arrival"},{"aircraft":{"icao24":"","icaoCode":"CVLT","regNumber":""},"airline":{"iataCode":"","icaoCode":"","name":"empty"},"arrival":{"actualRunway":null,"actualTime":null,"baggage":null,"delay":null,"estimatedRunway":null,"estimatedTime":null,"gate":null,"iataCode":"TIJ","icaoCode":"MMTJ","scheduledTime":"2025-11-12T08:17:00.000","terminal":"A"},"codeshared":null,"departure":{"actualRunway":null,"actualTime":null,"baggage":null,"delay":"20","estimatedRunway":null,"estimatedTime":"2025-11-12T07:50:00.000","gate":null,"iataCode":"ONT","icaoCode":"KONT","scheduledTime":"2025-11-12T07:30:00.000","terminal":null},"flight":{"iataNumber":"","icaoNumber":"","number":null},"status":"scheduled","type":"arrival"},{"aircraft":{"icao24":"0D0D75","icaoCode":"A321","regNumber":"XA-VBN"},"airline":{"iataCode":"VB","icaoCode":"VIV","name":"VivaAerobus"},"arrival":{"actualRunway":"2025-11-12T07:49:00.000","actualTime":"2025-11-12T07:49:00.000","baggage":null,"delay":null,"estimatedRunway":"2025-11-12T07:49:00.000","estimatedTime":"2025-11-12T07:50:00.000","gate":null,"iataCode":"TIJ","icaoCode":"MMTJ","scheduledTime":"2025-11-12T08:20:00.000","terminal":"A"},"codeshared":null,"departure":{"actualRunway":"2025-11-12T07:00:00.000","actualTime":"2025-11-12T07:00:00.000","baggage":null,"delay":null,"estimatedRunway":"2025-11-12T07:00:00.000","estimatedTime":"2025-11-12T07:15:00.000","gate":null,"iataCode":"MLM","icaoCode":"MMMM","scheduledTime":"2025-11-12T07:05:00.000","terminal":null},"flight":{"iataNumber":"VB5019","icaoNumber":"VIV5019","number":"5019"},"status":"landed","type":"arrival"},{"aircraft":{"icao24":"0D11E6","icaoCode":"A21N","regNumber":"XA-VXX"},"airline":{"iataCode":"VB","icaoCode":"VIV","name":"VivaAerobus"},"arrival":{"actualRunway":"2025-11-12T08:03:00.000","actualTime":"2025-11-12T08:03:00.000","baggage":null,"delay":null,"estimatedRunway":"2025-11-12T08:03:00.000","estimatedTime":"2025-11-12T08:04:00.000","gate":null,"iataCode":"TIJ","icaoCode":"MMTJ","scheduledTime":"2025-11-12T08:20:00.000","terminal":"A"},"codeshared":null,"departure":{"actualRunway":"2025-11-12T07:10:00.000","actualTime":"2025-11-12T07:10:00.000","baggage":null,"delay":"10","estimatedRunway":"2025-11-12T07:10:00.000","estimatedTime":"2025-11-12T07:10:00.000","gate":null,"iataCode":"QRO","icaoCode":"MMQT","scheduledTime":"2025-11-12T07:00:00.000","terminal":null},"flight":{"iataNumber":"VB5147","icaoNumber":"VIV5147","number":"5147"},"status":"landed","type":"arrival"},{"aircraft":{"icao24":"A684C4","icaoCode":"A320","regNumber":"N519VL"},"airline":{"iataCode":"Y4","icaoCode":"VOI","name":"Volaris"},"arrival":{"actualRunway":"2025-11-12T08:40:00.000","actualTime":"2025-11-12T08:40:00.000","baggage":null,"delay":"19","estimatedRunway":"2025-11-12T08:40:00.000","estimatedTime":"2025-11-12T08:40:00.000","gate":null,"iataCode":"TIJ","icaoCode":"MMTJ","scheduledTime":"2025-11-12T08:21:00.000","terminal":"A"},"codeshared":null,"departure":{"actualRunway":"2025-11-12T07:50:00.000","actualTime":"2025-11-12T07:50:00.000","baggage":null,"delay":"48","estimatedRunway":"2025-11-12T07:50:00.000","estimatedTime":"2025-11-12T07:02:00.000","gate":"4","iataCode":"MLM","icaoCode":"MMMM","scheduledTime":"2025-11-12T07:02:00.000","terminal":null},"flight":{"iataNumber":"Y43063","icaoNumber":"VOI3063","number":"3063"},"status":"landed","type":"arrival"},{"aircraft":{"icao24":"0D0B67","icaoCode":"B738","regNumber":"XA-DRC"},"airline":{"iataCode":"AF","icaoCode":"AFR","name":"Air France"},"arrival":{"actualRunway":"2025-11-12T08:06:00.000","actualTime":"2025-11-12T08:06:00.000","baggage":null,"delay":null,"estimatedRunway":"2025-11-12T08:06:00.000","estimatedTime":"2025-11-12T08:09:00.000","gate":"3","iataCode":"TIJ","icaoCode":"MMTJ","scheduledTime":"2025-11-12T08:23:00.000","terminal":"A"},"codeshared":{"airline":{"iataCode":"am","icaoCode":"amx","name":"aeromexico"},"flight":{"iataNumber":"am110","icaoNumber":"amx110","number":"110"}},"departure":{"actualRunway":"2025-11-12T06:58:00.000","actualTime":"2025-11-12T06:58:00.000","baggage":null,"delay":"39","estimatedRunway":"2025-11-12T06:58:00.000","estimatedTime":"2025-11-12T06:17:00.000","gate":"70","iataCode":"MEX","icaoCode":"MMMX","scheduledTime":"2025-11-12T06:20:00.000","terminal":"2"},"flight":{"iataNumber":"AF8149","icaoNumber":"AFR8149","number":"8149"},"status":"landed","type":"arrival"},{"aircraft":{"icao24":"0D0B67","icaoCode":"B738","regNumber":"XA-DRC"},"airline":{"iataCode":"KL","icaoCode":"KLM","name":"KLM"},"arrival":{"actualRunway":"2025-11-12T08:06:00.000","actualTime":"2025-11-12T08:06:00.000","baggage":null,"delay":null,"estimatedRunway":"2025-11-12T08:06:00.000","estimatedTime":"2025-11-12T08:09:00.000","gate":"3","iataCode":"TIJ","icaoCode":"MMTJ","scheduledTime":"2025-11-12T08:23:00.000","terminal":"A"},"codeshared":{"airline":{"iataCode":"am","icaoCode":"amx","name":"aeromexico"},"flight":{"iataNumber":"am110","icaoNumber":"amx110","number":"110"}},"departure":{"actualRunway":"2025-11-12T06:58:00.000","actualTime":"2025-11-12T06:58:00.000","baggage":null,"delay":"39","estimatedRunway":"2025-11-12T06:58:00.000","estimatedTime":"2025-11-12T06:17:00.000","gate":"70","iataCode":"MEX","icaoCode":"MMMX","scheduledTime":"2025-11-12T06:20:00.000","terminal":"2"},"flight":{"iataNumber":"KL8940","icaoNumber":"KLM8940","number":"8940"},"status":"landed","type":"arrival"},{"aircraft":{"icao24":"0D0B67","icaoCode":"B738","regNumber":"XA-DRC"},"airline":{"iataCode":"WS","icaoCode":"WJA","name":"WestJet"},"arrival":{"actualRunway":"2025-11-12T08:06:00.000","actualTime":"2025-11-12T08:06:00.000","baggage":null,"delay":null,"estimatedRunway":"2025-11-12T08:06:00.000","estimatedTime":"2025-11-12T08:09:00.000","gate":"3","iataCode":"TIJ","icaoCode":"MMTJ","scheduledTime":"2025-11-12T08:23:00.000","terminal":"A"},"codeshared":{"airline":{"iataCode":"am","icaoCode":"amx","name":"aeromexico"},"flight":{"iataNumber":"am110","icaoNumber":"amx110","number":"110"}},"departure":{"actualRunway":"2025-11-12T06:58:00.000","actualTime":"2025-11-12T06:58:00.000","baggage":null,"delay":"39","estimatedRunway":"2025-11-12T06:58:00.000","estimatedTime":"2025-11-12T06:17:00.000","gate":"70","iataCode":"MEX","icaoCode":"MMMX","scheduledTime":"2025-11-12T06:20:00.000","terminal":"2"},"flight":{"iataNumber":"WS5789","icaoNumber":"WJA5789","number":"5789"},"status":"landed","type":"arrival"},{"aircraft":{"icao24":"0D0B67","icaoCode":"B738","regNumber":"XA-DRC"},"airline":{"iataCode":"AM","icaoCode":"AMX","name":"Aeromexico"},"arrival":{"actualRunway":"2025-11-12T08:06:00.000","actualTime":"2025-11-12T08:06:00.000","baggage":null,"delay":null,"estimatedRunway":"2025-11-12T08:06:00.000","estimatedTime":"2025-11-12T08:09:00.000","gate":"3","iataCode":"TIJ","icaoCode":"MMTJ","scheduledTime":"2025-11-12T08:23:00.000","terminal":"A"},"codeshared":null,"departure":{"actualRunway":"2025-11-12T06:58:00.000","actualTime":"2025-11-12T06:58:00.000","baggage":null,"delay":"39","estimatedRunway":"2025-11-12T06:58:00.000","estimatedTime":"2025-11-12T06:17:00.000","gate":"70","iataCode":"MEX","icaoCode":"MMMX","scheduledTime":"2025-11-12T06:20:00.000","terminal":"2"},"flight":{"iataNumber":"AM110","icaoNumber":"AMX110","number":"110"},"status":"landed","type":"arrival"},{"aircraft":{"icao24":"A9767F","icaoCode":"AT76","regNumber":"N709FE"},"airline":{"iataCode":"FX","icaoCode":"FDX","name":"FedEx"},"arrival":{"actualRunway":"2025-11-12T08:12:00.000","actualTime":"2025-11-12T08:12:00.000","baggage":null,"delay":null,"estimatedRunway":"2025-11-12T08:12:00.000","estimatedTime":"2025-11-12T08:12:00.000","gate":null,"iataCode":"TIJ","icaoCode":"MMTJ","scheduledTime":"2025-11-12T08:26:00.000","terminal":"A"},"codeshared":null,"departure":{"actualRunway":"2025-11-12T07:53:00.000","actualTime":"2025-11-12T07:53:00.000","baggage":null,"delay":null,"estimatedRunway":"2025-11-12T07:53:00.000","estimatedTime":"2025-11-12T08:14:00.000","gate":null,"iataCode":"SAN","icaoCode":"KSAN","scheduledTime":"2025-11-12T08:00:00.000","terminal":null},"flight":{"iataNumber":"FX8122","icaoNumber":"FDX8122","number":"8122"},"status":"landed","type":"arrival"},{"aircraft":{"icao24":"0D0D27","icaoCode":"A20N","regNumber":"XA-VRU"},"airline":{"iataCode":"Y4","icaoCode":"VOI","name":"Volaris"},"arrival":{"actualRunway":"2025-11-12T08:27:00.000","actualTime":"2025-11-12T08:27:00.000","baggage":null,"delay":null,"estimatedRunway":"2025-11-12T08:27:00.000","estimatedTime":"2025-11-12T08:25:00.000","gate":null,"iataCode":"TIJ","icaoCode":"MMTJ","scheduledTime":"2025-11-12T08:28:00.000","terminal":"A"},"codeshared":null,"departure":{"actualRunway":"2025-11-12T06:29:00.000","actualTime":"2025-11-12T06:29:00.000","baggage":null,"delay":"25","estimatedRunway":"2025-11-12T06:29:00.000","estimatedTime":"2025-11-12T06:20:00.000","gate":"A6","iataCode":"TGZ","icaoCode":"MMTG","scheduledTime":"2025-11-12T06:05:00.000","terminal":null},"flight":{"iataNumber":"Y43343","icaoNumber":"VOI3343","number":"3343"},"status":"landed","type":"arrival"},{"aircraft":{"icao24":"A6C12F","icaoCode":"A21N","regNumber":"N534VL"},"airline":{"iataCode":"Y4","icaoCode":"VOI","name":"Volaris"},"arrival":{"actualRunway":"2025-11-12T09:10:00.000","actualTime":"2025-11-12T09:10:00.000","baggage":null,"delay":"39","estimatedRunway":"2025-11-12T09:10:00.000","estimatedTime":"2025-11-12T09:12:00.000","gate":null,"iataCode":"TIJ","icaoCode":"MMTJ","scheduledTime":"2025-11-12T08:32:00.000","terminal":"A"},"codeshared":null,"departure":{"actualRunway":"2025-11-12T08:38:00.000","actualTime":"2025-11-12T08:38:00.000","baggage":null,"delay":"68","estimatedRunway":"2025-11-12T08:38:00.000","estimatedTime":"2025-11-12T08:35:00.000","gate":"A8","iataCode":"GDL","icaoCode":"MMGL","scheduledTime":"2025-11-12T07:30:00.000","terminal":"1"},"flight":{"iataNumber":"Y41000","icaoNumber":"VOI1000","number":"1000"},"status":"landed","type":"arrival"},{"aircraft":{"icao24":"0D0B91","icaoCode":"A20N","regNumber":"XA-VRJ"},"airline":{"iataCode":"Y4","icaoCode":"VOI","name":"Volaris"},"arrival":{"actualRunway":null,"actualTime":null,"baggage":null,"delay":"103","estimatedRunway":null,"estimatedTime":"2025-11-12T10:44:00.000","gate":null,"iataCode":"TIJ","icaoCode":"MMTJ","scheduledTime":"2025-11-12T09:01:00.000","terminal":"A"},"codeshared":null,"departure":{"actualRunway":"2025-11-12T09:16:00.000","actualTime":"2025-11-12T09:16:00.000","baggage":null,"delay":"137","estimatedRunway":"2025-11-12T09:16:00.000","estimatedTime":"2025-11-12T09:17:00.000","gate":"12","iataCode":"OAX","icaoCode":"MMOX","scheduledTime":"2025-11-12T07:00:00.000","terminal":null},"flight":{"iataNumber":"Y43141","icaoNumber":"VOI3141","number":"3141"},"status":"scheduled","type":"arrival"},{"aircraft":{"icao24":"0D08FD","icaoCode":"A320","regNumber":"XA-VLK"},"airline":{"iataCode":"Y4","icaoCode":"VOI","name":"Volaris"},"arrival":{"actualRunway":null,"actualTime":null,"baggage":null,"delay":"56","estimatedRunway":null,"estimatedTime":"2025-11-12T10:15:00.000","gate":null,"iataCode":"TIJ","icaoCode":"MMTJ","scheduledTime":"2025-11-12T09:19:00.000","terminal":"A"},"codeshared":null,"departure":{"actualRunway":"2025-11-12T09:35:00.000","actualTime":"2025-11-12T09:35:00.000","baggage":null,"delay":"96","estimatedRunway":"2025-11-12T09:35:00.000","estimatedTime":"2025-11-12T09:15:00.000","gate":"4","iataCode":"MLM","icaoCode":"MMMM","scheduledTime":"2025-11-12T08:00:00.000","terminal":null},"flight":{"iataNumber":"Y45907","icaoNumber":"VOI5907","number":"5907"},"status":"scheduled","type":"arrival"},{"aircraft":{"icao24":"0D103F","icaoCode":"A320","regNumber":"XA-VDB"},"airline":{"iataCode":"VB","icaoCode":"VIV","name":"VivaAerobus"},"arrival":{"actualRunway":"2025-11-12T09:14:00.000","actualTime":"2025-11-12T09:14:00.000","baggage":null,"delay":null,"estimatedRunway":"2025-11-12T09:14:00.000","estimatedTime":"2025-11-12T09:18:00.000","gate":null,"iataCode":"TIJ","icaoCode":"MMTJ","scheduledTime":"2025-11-12T09:30:00.000","terminal":"A"},"codeshared":null,"departure":{"actualRunway":"2025-11-12T08:41:00.000","actualTime":"2025-11-12T08:41:00.000","baggage":null,"delay":"17","estimatedRunway":"2025-11-12T08:41:00.000","estimatedTime":"2025-11-12T08:35:00.000","gate":null,"iataCode":"GDL","icaoCode":"MMGL","scheduledTime":"2025-11-12T08:25:00.000","terminal":"1"},"flight":{"iataNumber":"VB3120","icaoNumber":"VIV3120","number":"3120"},"status":"landed","type":"arrival"},{"aircraft":{"icao24":"0D09EF","icaoCode":"A20N","regNumber":"XA-VIV"},"airline":{"iataCode":"VB","icaoCode":"VIV","name":"VivaAerobus"},"arrival":{"actualRunway":"2025-11-12T09:21:00.000","actualTime":"2025-11-12T09:21:00.000","baggage":null,"delay":null,"estimatedRunway":"2025-11-12T09:21:00.000","estimatedTime":"2025-11-12T09:21:00.000","gate":null,"iataCode":"TIJ","icaoCode":"MMTJ","scheduledTime":"2025-11-12T09:30:00.000","terminal":"A"},"codeshared":null,"departure":{"actualRunway":"2025-11-12T07:56:00.000","actualTime":"2025-11-12T07:56:00.000","baggage":null,"delay":"26","estimatedRunway":"2025-11-12T07:56:00.000","estimatedTime":"2025-11-12T07:40:00.000","gate":null,"iataCode":"OAX","icaoCode":"MMOX","scheduledTime":"2025-11-12T07:30:00.000","terminal":null},"flight":{"iataNumber":"VB5075","icaoNumber":"VIV5075","number":"5075"},"status":"landed","type":"arrival"},{"aircraft":{"icao24":"0D08F4","icaoCode":"A321","regNumber":"XA-VLJ"},"airline":{"iataCode":"Y4","icaoCode":"VOI","name":"Volaris"},"arrival":{"actualRunway":"2025-11-12T09:24:00.000","actualTime":"2025-11-12T09:24:00.000","baggage":null,"delay":null,"estimatedRunway":"2025-11-12T09:24:00.000","estimatedTime":"2025-11-12T09:25:00.000","gate":null,"iataCode":"TIJ","icaoCode":"MMTJ","scheduledTime":"2025-11-12T09:31:00.000","terminal":"A"},"codeshared":null,"departure":{"actualRunway":"2025-11-12T08:46:00.000","actualTime":"2025-11-12T08:46:00.000","baggage":null,"delay":"15","estimatedRunway":"2025-11-12T08:46:00.000","estimatedTime":"2025-11-12T08:32:00.000","gate":"5","iataCode":"LAP","icaoCode":"MMLP","scheduledTime":"2025-11-12T08:32:00.000","terminal":null},"flight":{"iataNumber":"Y43231","icaoNumber":"VOI3231","number":"3231"},"status":"landed","type":"arrival"},{"aircraft":{"icao24":"0D0CCE","icaoCode":"A20N","regNumber":"XA-VRO"},"airline":{"iataCode":"Y4","icaoCode":"VOI","name":"Volaris"},"arrival":{"actualRunway":null,"actualTime":null,"baggage":null,"delay":"98","estimatedRunway":null,"estimatedTime":"2025-11-12T11:14:00.000","gate":null,"iataCode":"TIJ","icaoCode":"MMTJ","scheduledTime":"2025-11-12T09:36:00.000","terminal":"A"},"codeshared":null,"departure":{"actualRunway":"2025-11-12T09:06:00.000","actualTime":"2025-11-12T09:06:00.000","baggage":null,"delay":"127","estimatedRunway":"2025-11-12T09:06:00.000","estimatedTime":"2025-11-12T08:58:00.000","gate":"A2","iataCode":"TAP","icaoCode":"MMTP","scheduledTime":"2025-11-12T07:00:00.000","terminal":null},"flight":{"iataNumber":"Y43359","icaoNumber":"VOI3359","number":"3359"},"status":"scheduled","type":"arrival"},{"aircraft":{"icao24":"A6CC54","icaoCode":"A21N","regNumber":"N537VL"},"airline":{"iataCode":"Y4","icaoCode":"VOI","name":"Volaris"},"arrival":{"actualRunway":null,"actualTime":null,"baggage":null,"delay":null,"estimatedRunway":null,"estimatedTime":null,"gate":null,"iataCode":"TIJ","icaoCode":"MMTJ","scheduledTime":"2025-11-12T10:01:00.000","terminal":"A"},"codeshared":null,"departure":{"actualRunway":null,"actualTime":null,"baggage":null,"delay":null,"estimatedRunway":null,"estimatedTime":"2025-11-12T09:35:00.000","gate":null,"iataCode":"HMO","icaoCode":"MMHO","scheduledTime":"2025-11-12T09:35:00.000","terminal":null},"flight":{"iataNumber":"Y43181","icaoNumber":"VOI3181","number":"3181"},"status":"cancelled","type":"arrival"},{"aircraft":{"icao24":"0D106E","icaoCode":"B39M","regNumber":"XA-SGP"},"airline":{"iataCode":"AZ","icaoCode":"AZA","name":"Alitalia"},"arrival":{"actualRunway":"2025-11-12T09:37:00.000","actualTime":"2025-11-12T09:37:00.000","baggage":null,"delay":null,"estimatedRunway":"2025-11-12T09:37:00.000","estimatedTime":"2025-11-12T09:37:00.000","gate":"1","iataCode":"TIJ","icaoCode":"MMTJ","scheduledTime":"2025-11-12T10:15:00.000","terminal":"A"},"codeshared":{"airline":{"iataCode":"am","icaoCode":"amx","name":"aeromexico"},"flight":{"iataNumber":"am170","icaoNumber":"amx170","number":"170"}},"departure":{"actualRunway":"2025-11-12T08:36:00.000","actualTime":"2025-11-12T08:36:00.000","baggage":null,"delay":"21","estimatedRunway":"2025-11-12T08:36:00.000","estimatedTime":"2025-11-12T08:21:00.000","gate":"S6","iataCode":"MEX","icaoCode":"MMMX","scheduledTime":"2025-11-12T08:15:00.000","terminal":"2"},"flight":{"iataNumber":"AZ6705","icaoNumber":"AZA6705","number":"6705"},"status":"landed","type":"arrival"},{"aircraft":{"icao24":"0D106E","icaoCode":"B39M","regNumber":"XA-SGP"},"airline":{"iataCode":"UX","icaoCode":"AEA","name":"Air Europa"},"arrival":{"actualRunway":"2025-11-12T09:37:00.000","actualTime":"2025-11-12T09:37:00.000","baggage":null,"delay":null,"estimatedRunway":"2025-11-12T09:37:00.000","estimatedTime":"2025-11-12T09:37:00.000","gate":"1","iataCode":"TIJ","icaoCode":"MMTJ","scheduledTime":"2025-11-12T10:15:00.000","terminal":"A"},"codeshared":{"airline":{"iataCode":"am","icaoCode":"amx","name":"aeromexico"},"flight":{"iataNumber":"am170","icaoNumber":"amx170","number":"170"}},"departure":{"actualRunway":"2025-11-12T08:36:00.000","actualTime":"2025-11-12T08:36:00.000","baggage":null,"delay":"21","estimatedRunway":"2025-11-12T08:36:00.000","estimatedTime":"2025-11-12T08:21:00.000","gate":"S6","iataCode":"MEX","icaoCode":"MMMX","scheduledTime":"2025-11-12T08:15:00.000","terminal":"2"},"flight":{"iataNumber":"UX2513","icaoNumber":"AEA2513","number":"2513"},"status":"landed","type":"arrival"},{"aircraft":{"icao24":"0D106E","icaoCode":"B39M","regNumber":"XA-SGP"},"airline":{"iataCode":"AM","icaoCode":"AMX","name":"Aeromexico"},"arrival":{"actualRunway":"2025-11-12T09:37:00.000","actualTime":"2025-11-12T09:37:00.000","baggage":null,"delay":null,"estimatedRunway":"2025-11-12T09:37:00.000","estimatedTime":"2025-11-12T09:37:00.000","gate":"1","iataCode":"TIJ","icaoCode":"MMTJ","scheduledTime":"2025-11-12T10:15:00.000","terminal":"A"},"codeshared":null,"departure":{"actualRunway":"2025-11-12T08:36:00.000","actualTime":"2025-11-12T08:36:00.000","baggage":null,"delay":"21","estimatedRunway":"2025-11-12T08:36:00.000","estimatedTime":"2025-11-12T08:21:00.000","gate":"S6","iataCode":"MEX","icaoCode":"MMMX","scheduledTime":"2025-11-12T08:15:00.000","terminal":"2"},"flight":{"iataNumber":"AM170","icaoNumber":"AMX170","number":"170"},"status":"landed","type":"arrival"},{"aircraft":{"icao24":"0D0FF8","icaoCode":"A320","regNumber":"XA-VVB"},"airline":{"iataCode":"Y4","icaoCode":"VOI","name":"Volaris"},"arrival":{"actualRunway":"2025-11-12T10:49:00.000","actualTime":"2025-11-12T10:49:00.000","baggage":null,"delay":null,"estimatedRunway":"2025-11-12T10:49:00.000","estimatedTime":"2025-11-12T10:49:00.000","gate":null,"iataCode":"TIJ","icaoCode":"MMTJ","scheduledTime":"2025-11-12T10:52:00.000","terminal":"A"},"codeshared":null,"departure":{"actualRunway":"2025-11-12T10:01:00.000","actualTime":"2025-11-12T10:01:00.000","baggage":null,"delay":"21","estimatedRunway":"2025-11-12T10:01:00.000","estimatedTime":"2025-11-12T09:51:00.000","gate":"1","iataCode":"CUL","icaoCode":"MMCL","scheduledTime":"2025-11-12T09:41:00.000","terminal":null},"flight":{"iataNumber":"Y43001","icaoNumber":"VOI3001","number":"3001"},"status":"landed","type":"arrival"},{"aircraft":{"icao24":"0D0E46","icaoCode":"A21N","regNumber":"XA-VST"},"airline":{"iataCode":"Y4","icaoCode":"VOI","name":"Volaris"},"arrival":{"actualRunway":"2025-11-12T10:30:00.000","actualTime":"2025-11-12T10:30:00.000","baggage":null,"delay":null,"estimatedRunway":"2025-11-12T10:30:00.000","estimatedTime":"2025-11-12T10:29:00.000","gate":null,"iataCode":"TIJ","icaoCode":"MMTJ","scheduledTime":"2025-11-12T10:55:00.000","terminal":"A"},"codeshared":null,"departure":{"actualRunway":"2025-11-12T10:56:00.000","actualTime":"2025-11-12T10:56:00.000","baggage":null,"delay":"6","estimatedRunway":"2025-11-12T10:56:00.000","estimatedTime":"2025-11-12T10:50:00.000","gate":"2","iataCode":"CUU","icaoCode":"MMCU","scheduledTime":"2025-11-12T10:50:00.000","terminal":null},"flight":{"iataNumber":"Y43291","icaoNumber":"VOI3291","number":"3291"},"status":"landed","type":"arrival"},{"aircraft":{"icao24":"0D0A08","icaoCode":"A320","regNumber":"XA-VLX"},"airline":{"iataCode":"Y4","icaoCode":"VOI","name":"Volaris"},"arrival":{"actualRunway":"2025-11-12T10:32:00.000","actualTime":"2025-11-12T10:32:00.000","baggage":null,"delay":null,"estimatedRunway":"2025-11-12T10:32:00.000","estimatedTime":"2025-11-12T10:34:00.000","gate":null,"iataCode":"TIJ","icaoCode":"MMTJ","scheduledTime":"2025-11-12T10:57:00.000","terminal":"A"},"codeshared":null,"departure":{"actualRunway":"2025-11-12T10:08:00.000","actualTime":"2025-11-12T10:08:00.000","baggage":null,"delay":"14","estimatedRunway":"2025-11-12T10:08:00.000","estimatedTime":"2025-11-12T10:07:00.000","gate":"4","iataCode":"MTY","icaoCode":"MMMY","scheduledTime":"2025-11-12T09:55:00.000","terminal":"A"},"flight":{"iataNumber":"Y45608","icaoNumber":"VOI5608","number":"5608"},"status":"landed","type":"arrival"},{"aircraft":{"icao24":"0D0939","icaoCode":"A320","regNumber":"XA-VAN"},"airline":{"iataCode":"VB","icaoCode":"VIV","name":"VivaAerobus"},"arrival":{"actualRunway":"2025-11-12T10:55:00.000","actualTime":"2025-11-12T10:55:00.000","baggage":null,"delay":null,"estimatedRunway":"2025-11-12T10:55:00.000","estimatedTime":"2025-11-12T10:56:00.000","gate":null,"iataCode":"TIJ","icaoCode":"MMTJ","scheduledTime":"2025-11-12T11:00:00.000","terminal":"A"},"codeshared":null,"departure":{"actualRunway":"2025-11-12T10:09:00.000","actualTime":"2025-11-12T10:09:00.000","baggage":null,"delay":"19","estimatedRunway":"2025-11-12T10:09:00.000","estimatedTime":"2025-11-12T10:00:00.000","gate":null,"iataCode":"CUL","icaoCode":"MMCL","scheduledTime":"2025-11-12T09:50:00.000","terminal":null},"flight":{"iataNumber":"VB5003","icaoNumber":"VIV5003","number":"5003"},"status":"landed","type":"arrival"},{"aircraft":{"icao24":"A6A4D5","icaoCode":"A320","regNumber":"N527VL"},"airline":{"iataCode":"Y4","icaoCode":"VOI","name":"Volaris"},"arrival":{"actualRunway":"2025-11-12T11:05:00.000","actualTime":"2025-11-12T11:05:00.000","baggage":null,"delay":null,"estimatedRunway":"2025-11-12T11:05:00.000","estimatedTime":"2025-11-12T11:05:00.000","gate":null,"iataCode":"TIJ","icaoCode":"MMTJ","scheduledTime":"2025-11-12T11:24:00.000","terminal":"A"},"codeshared":null,"departure":{"actualRunway":"2025-11-12T09:59:00.000","actualTime":"2025-11-12T09:59:00.000","baggage":null,"delay":"4","estimatedRunway":"2025-11-12T09:59:00.000","estimatedTime":"2025-11-12T09:56:00.000","gate":"8","iataCode":"MZT","icaoCode":"MMMZ","scheduledTime":"2025-11-12T09:56:00.000","terminal":null},"flight":{"iataNumber":"Y43193","icaoNumber":"VOI3193","number":"3193"},"status":"landed","type":"arrival"},{"aircraft":{"icao24":"0D0A04","icaoCode":"A321","regNumber":"XA-VLW"},"airline":{"iataCode":"Y4","icaoCode":"VOI","name":"Volaris"},"arrival":{"actualRunway":"2025-11-12T11:01:00.000","actualTime":"2025-11-12T11:01:00.000","baggage":null,"delay":null,"estimatedRunway":"2025-11-12T11:01:00.000","estimatedTime":"2025-11-12T11:03:00.000","gate":null,"iataCode":"TIJ","icaoCode":"MMTJ","scheduledTime":"2025-11-12T11:45:00.000","terminal":"A"},"codeshared":null,"departure":{"actualRunway":"2025-11-12T09:51:00.000","actualTime":"2025-11-12T09:51:00.000","baggage":null,"delay":null,"estimatedRunway":"2025-11-12T09:51:00.000","estimatedTime":"2025-11-12T10:00:00.000","gate":"2","iataCode":"ACA","icaoCode":"MMAA","scheduledTime":"2025-11-12T10:00:00.000","terminal":null},"flight":{"iataNumber":"Y43269","icaoNumber":"VOI3269","number":"3269"},"status":"landed","type":"arrival"},{"aircraft":{"icao24":"0D1154","icaoCode":"A20N","regNumber":"XA-VUU"},"airline":{"iataCode":"Y4","icaoCode":"VOI","name":"Volaris"},"arrival":{"actualRunway":null,"actualTime":null,"baggage":null,"delay":null,"estimatedRunway":null,"estimatedTime":null,"gate":null,"iataCode":"TIJ","icaoCode":"MMTJ","scheduledTime":"2025-11-12T12:15:00.000","terminal":"A"},"codeshared":null,"departure":{"actualRunway":null,"actualTime":null,"baggage":null,"delay":"274","estimatedRunway":null,"estimatedTime":"2025-11-12T15:03:00.000","gate":"A1","iataCode":"TPQ","icaoCode":"MMEP","scheduledTime":"2025-11-12T10:29:00.000","terminal":null},"flight":{"iataNumber":"Y43243","icaoNumber":"VOI3243","number":"3243"},"status":"unknown","type":"arrival"},{"aircraft":{"icao24":"A5BB16","icaoCode":"B39M","regNumber":"N469AM"},"airline":{"iataCode":"AM","icaoCode":"AMX","name":"Aeromexico"},"arrival":{"actualRunway":"2025-11-12T12:25:00.000","actualTime":"2025-11-12T12:25:00.000","baggage":null,"delay":null,"estimatedRunway":"2025-11-12T12:25:00.000","estimatedTime":"2025-11-12T12:25:00.000","gate":null,"iataCode":"TIJ","icaoCode":"MMTJ","scheduledTime":"2025-11-12T12:26:00.000","terminal":"A"},"codeshared":null,"departure":{"actualRunway":"2025-11-12T11:22:00.000","actualTime":"2025-11-12T11:22:00.000","baggage":null,"delay":"53","estimatedRunway":"2025-11-12T11:22:00.000","estimatedTime":"2025-11-12T10:52:00.000","gate":"52","iataCode":"MEX","icaoCode":"MMMX","scheduledTime":"2025-11-12T10:30:00.000","terminal":"2"},"flight":{"iataNumber":"AM172","icaoNumber":"AMX172","number":"172"},"status":"landed","type":"arrival"},{"aircraft":{"icao24":"A65220","icaoCode":"A320","regNumber":"N506VL"},"airline":{"iataCode":"Y4","icaoCode":"VOI","name":"Volaris"},"arrival":{"actualRunway":null,"actualTime":null,"baggage":null,"delay":null,"estimatedRunway":null,"estimatedTime":null,"gate":null,"iataCode":"TIJ","icaoCode":"MMTJ","scheduledTime":"2025-11-12T12:34:00.000","terminal":"A"},"codeshared":null,"departure":{"actualRunway":null,"actualTime":null,"baggage":null,"delay":"179","estimatedRunway":null,"estimatedTime":"2025-11-12T14:38:00.000","gate":"3","iataCode":"LMM","icaoCode":"MMLM","scheduledTime":"2025-11-12T11:39:00.000","terminal":null},"flight":{"iataNumber":"Y43261","icaoNumber":"VOI3261","number":"3261"},"status":"unknown","type":"arrival"},{"aircraft":{"icao24":"0D099E","icaoCode":"A320","regNumber":"XA-VLP"},"airline":{"iataCode":"Y4","icaoCode":"VOI","name":"Volaris"},"arrival":{"actualRunway":"2025-11-12T12:19:00.000","actualTime":"2025-11-12T12:19:00.000","baggage":null,"delay":null,"estimatedRunway":"2025-11-12T12:19:00.000","estimatedTime":"2025-11-12T12:18:00.000","gate":null,"iataCode":"TIJ","icaoCode":"MMTJ","scheduledTime":"2025-11-12T12:50:00.000","terminal":"A"},"codeshared":null,"departure":{"actualRunway":"2025-11-12T11:45:00.000","actualTime":"2025-11-12T11:45:00.000","baggage":null,"delay":null,"estimatedRunway":"2025-11-12T11:45:00.000","estimatedTime":"2025-11-12T11:46:00.000","gate":"DOS","iataCode":"CLQ","icaoCode":"MMIA","scheduledTime":"2025-11-12T11:46:00.000","terminal":null},"flight":{"iataNumber":"Y43263","icaoNumber":"VOI3263","number":"3263"},"status":"landed","type":"arrival"},{"aircraft":{"icao24":"0D0F49","icaoCode":"A21N","regNumber":"XA-VXO"},"airline":{"iataCode":"VB","icaoCode":"VIV","name":"VivaAerobus"},"arrival":{"actualRunway":null,"actualTime":null,"baggage":null,"delay":"31","estimatedRunway":null,"estimatedTime":"2025-11-12T14:00:00.000","gate":null,"iataCode":"TIJ","icaoCode":"MMTJ","scheduledTime":"2025-11-12T13:30:00.000","terminal":"A"},"codeshared":null,"departure":{"actualRunway":"2025-11-12T13:28:00.000","actualTime":"2025-11-12T13:28:00.000","baggage":null,"delay":"59","estimatedRunway":"2025-11-12T13:28:00.000","estimatedTime":"2025-11-12T12:40:00.000","gate":null,"iataCode":"GDL","icaoCode":"MMGL","scheduledTime":"2025-11-12T12:30:00.000","terminal":"1"},"flight":{"iataNumber":"VB3110","icaoNumber":"VIV3110","number":"3110"},"status":"scheduled","type":"arrival"},{"aircraft":{"icao24":"0D0B35","icaoCode":"A20N","regNumber":"XA-VRF"},"airline":{"iataCode":"Y4","icaoCode":"VOI","name":"Volaris"},"arrival":{"actualRunway":null,"actualTime":null,"baggage":null,"delay":"29","estimatedRunway":null,"estimatedTime":"2025-11-12T14:06:00.000","gate":null,"iataCode":"TIJ","icaoCode":"MMTJ","scheduledTime":"2025-11-12T13:38:00.000","terminal":"A"},"codeshared":null,"departure":{"actualRunway":"2025-11-12T13:46:00.000","actualTime":"2025-11-12T13:46:00.000","baggage":null,"delay":"49","estimatedRunway":"2025-11-12T13:46:00.000","estimatedTime":"2025-11-12T13:45:00.000","gate":"2","iataCode":"LTO","icaoCode":"MMLT","scheduledTime":"2025-11-12T12:57:00.000","terminal":null},"flight":{"iataNumber":"Y43389","icaoNumber":"VOI3389","number":"3389"},"status":"scheduled","type":"arrival"},{"aircraft":{"icao24":"0D0FFD","icaoCode":"A320","regNumber":"XA-VVA"},"airline":{"iataCode":"Y4","icaoCode":"VOI","name":"Volaris"},"arrival":{"actualRunway":null,"actualTime":null,"baggage":null,"delay":"77","estimatedRunway":null,"estimatedTime":"2025-11-12T14:56:00.000","gate":null,"iataCode":"TIJ","icaoCode":"MMTJ","scheduledTime":"2025-11-12T13:39:00.000","terminal":"A"},"codeshared":null,"departure":{"actualRunway":"2025-11-12T14:18:00.000","actualTime":"2025-11-12T14:18:00.000","baggage":null,"delay":"99","estimatedRunway":"2025-11-12T14:18:00.000","estimatedTime":"2025-11-12T13:57:00.000","gate":"5","iataCode":"LAP","icaoCode":"MMLP","scheduledTime":"2025-11-12T12:40:00.000","terminal":null},"flight":{"iataNumber":"Y43233","icaoNumber":"VOI3233","number":"3233"},"status":"scheduled","type":"arrival"},{"aircraft":{"icao24":"0D08F4","icaoCode":"A321","regNumber":"XA-VLJ"},"airline":{"iataCode":"Y4","icaoCode":"VOI","name":"Volaris"},"arrival":{"actualRunway":null,"actualTime":null,"baggage":null,"delay":"11","estimatedRunway":null,"estimatedTime":"2025-11-12T13:58:00.000","gate":null,"iataCode":"TIJ","icaoCode":"MMTJ","scheduledTime":"2025-11-12T13:47:00.000","terminal":"A"},"codeshared":null,"departure":{"actualRunway":"2025-11-12T13:55:00.000","actualTime":"2025-11-12T13:55:00.000","baggage":null,"delay":"35","estimatedRunway":"2025-11-12T13:55:00.000","estimatedTime":"2025-11-12T13:46:00.000","gate":"4","iataCode":"HMO","icaoCode":"MMHO","scheduledTime":"2025-11-12T13:21:00.000","terminal":null},"flight":{"iataNumber":"Y43183","icaoNumber":"VOI3183","number":"3183"},"status":"active","type":"arrival"},{"aircraft":{"icao24":"0D10E4","icaoCode":"A21N","regNumber":"XA-VUQ"},"airline":{"iataCode":"Y4","icaoCode":"VOI","name":"Volaris"},"arrival":{"actualRunway":null,"actualTime":null,"baggage":null,"delay":null,"estimatedRunway":null,"estimatedTime":null,"gate":null,"iataCode":"TIJ","icaoCode":"MMTJ","scheduledTime":"2025-11-12T14:10:00.000","terminal":"A"},"codeshared":null,"departure":{"actualRunway":"2025-11-12T14:22:00.000","actualTime":"2025-11-12T14:22:00.000","baggage":null,"delay":"84","estimatedRunway":"2025-11-12T14:22:00.000","estimatedTime":"2025-11-12T14:19:00.000","gate":"8","iataCode":"SJD","icaoCode":"MMSD","scheduledTime":"2025-11-12T12:59:00.000","terminal":"1"},"flight":{"iataNumber":"Y43101","icaoNumber":"VOI3101","number":"3101"},"status":"scheduled","type":"arrival"},{"aircraft":{"icao24":"0D0ABF","icaoCode":"A20N","regNumber":"XA-VRD"},"airline":{"iataCode":"Y4","icaoCode":"VOI","name":"Volaris"},"arrival":{"actualRunway":null,"actualTime":null,"baggage":null,"delay":"31","estimatedRunway":null,"estimatedTime":"2025-11-12T14:45:00.000","gate":null,"iataCode":"TIJ","icaoCode":"MMTJ","scheduledTime":"2025-11-12T14:14:00.000","terminal":"A"},"codeshared":null,"departure":{"actualRunway":"2025-11-12T14:12:00.000","actualTime":"2025-11-12T14:12:00.000","baggage":null,"delay":"61","estimatedRunway":"2025-11-12T14:12:00.000","estimatedTime":"2025-11-12T13:53:00.000","gate":"D42","iataCode":"GDL","icaoCode":"MMGL","scheduledTime":"2025-11-12T13:12:00.000","terminal":"1"},"flight":{"iataNumber":"Y41014","icaoNumber":"VOI1014","number":"1014"},"status":"scheduled","type":"arrival"},{"aircraft":{"icao24":"4D239F","icaoCode":"A320","regNumber":"9H-MLP"},"airline":{"iataCode":"VB","icaoCode":"VIV","name":"VivaAerobus"},"arrival":{"actualRunway":null,"actualTime":null,"baggage":null,"delay":null,"estimatedRunway":null,"estimatedTime":"2025-11-12T14:19:00.000","gate":null,"iataCode":"TIJ","icaoCode":"MMTJ","scheduledTime":"2025-11-12T14:40:00.000","terminal":"A"},"codeshared":null,"departure":{"actualRunway":"2025-11-12T13:51:00.000","actualTime":"2025-11-12T13:51:00.000","baggage":null,"delay":"11","estimatedRunway":"2025-11-12T13:51:00.000","estimatedTime":"2025-11-12T13:40:00.000","gate":null,"iataCode":"MTY","icaoCode":"MMMY","scheduledTime":"2025-11-12T13:40:00.000","terminal":"A"},"flight":{"iataNumber":"VB4084","icaoNumber":"VIV4084","number":"4084"},"status":"active","type":"arrival"},{"aircraft":{"icao24":"0D111A","icaoCode":"A21N","regNumber":"XA-VUV"},"airline":{"iataCode":"Y4","icaoCode":"VOI","name":"Volaris"},"arrival":{"actualRunway":null,"actualTime":null,"baggage":null,"delay":"42","estimatedRunway":null,"estimatedTime":"2025-11-12T15:32:00.000","gate":null,"iataCode":"TIJ","icaoCode":"MMTJ","scheduledTime":"2025-11-12T14:50:00.000","terminal":"A"},"codeshared":null,"departure":{"actualRunway":"2025-11-12T14:21:00.000","actualTime":"2025-11-12T14:21:00.000","baggage":null,"delay":"76","estimatedRunway":"2025-11-12T14:21:00.000","estimatedTime":"2025-11-12T14:20:00.000","gate":"25","iataCode":"MEX","icaoCode":"MMMX","scheduledTime":"2025-11-12T13:05:00.000","terminal":"1"},"flight":{"iataNumber":"Y4182","icaoNumber":"VOI182","number":"182"},"status":"scheduled","type":"arrival"},{"aircraft":{"icao24":"0D0A0D","icaoCode":"A321","regNumber":"XA-VRB"},"airline":{"iataCode":"Y4","icaoCode":"VOI","name":"Volaris"},"arrival":{"actualRunway":null,"actualTime":null,"baggage":null,"delay":null,"estimatedRunway":null,"estimatedTime":null,"gate":null,"iataCode":"TIJ","icaoCode":"MMTJ","scheduledTime":"2025-11-12T14:51:00.000","terminal":"A"},"codeshared":null,"departure":{"actualRunway":null,"actualTime":null,"baggage":null,"delay":"113","estimatedRunway":null,"estimatedTime":"2025-11-12T15:54:00.000","gate":"17","iataCode":"PVR","icaoCode":"MMPR","scheduledTime":"2025-11-12T14:01:00.000","terminal":null},"flight":{"iataNumber":"Y43121","icaoNumber":"VOI3121","number":"3121"},"status":"scheduled","type":"arrival"},{"aircraft":{"icao24":"0D0CB1","icaoCode":"A20N","regNumber":"XA-VRQ"},"airline":{"iataCode":"Y4","icaoCode":"VOI","name":"Volaris"},"arrival":{"actualRunway":null,"actualTime":null,"baggage":null,"delay":null,"estimatedRunway":null,"estimatedTime":null,"gate":null,"iataCode":"TIJ","icaoCode":"MMTJ","scheduledTime":"2025-11-12T15:19:00.000","terminal":"A"},"codeshared":null,"departure":{"actualRunway":null,"actualTime":null,"baggage":null,"delay":"37","estimatedRunway":null,"estimatedTime":"2025-11-12T14:28:00.000","gate":"8","iataCode":"MZT","icaoCode":"MMMZ","scheduledTime":"2025-11-12T13:51:00.000","terminal":null},"flight":{"iataNumber":"Y43191","icaoNumber":"VOI3191","number":"3191"},"status":"scheduled","type":"arrival"},{"aircraft":{"icao24":"0D09D5","icaoCode":"A321","regNumber":"XA-VLU"},"airline":{"iataCode":"Y4","icaoCode":"VOI","name":"Volaris"},"arrival":{"actualRunway":null,"actualTime":null,"baggage":null,"delay":null,"estimatedRunway":null,"estimatedTime":null,"gate":null,"iataCode":"TIJ","icaoCode":"MMTJ","scheduledTime":"2025-11-12T15:20:00.000","terminal":"A"},"codeshared":null,"departure":{"actualRunway":null,"actualTime":null,"baggage":null,"delay":"255","estimatedRunway":null,"estimatedTime":"2025-11-12T17:50:00.000","gate":"2","iataCode":"ACA","icaoCode":"MMAA","scheduledTime":"2025-11-12T13:35:00.000","terminal":null},"flight":{"iataNumber":"Y45935","icaoNumber":"VOI5935","number":"5935"},"status":"scheduled","type":"arrival"},{"aircraft":{"icao24":"0D0DA5","icaoCode":"B738","regNumber":"XA-EBN"},"airline":{"iataCode":"AM","icaoCode":"AMX","name":"Aeromexico"},"arrival":{"actualRunway":null,"actualTime":null,"baggage":null,"delay":"19","estimatedRunway":null,"estimatedTime":"2025-11-12T15:45:00.000","gate":null,"iataCode":"TIJ","icaoCode":"MMTJ","scheduledTime":"2025-11-12T15:26:00.000","terminal":"A"},"codeshared":null,"departure":{"actualRunway":"2025-11-12T14:36:00.000","actualTime":"2025-11-12T14:36:00.000","baggage":null,"delay":"67","estimatedRunway":"2025-11-12T14:36:00.000","estimatedTime":"2025-11-12T14:13:00.000","gate":"80","iataCode":"MEX","icaoCode":"MMMX","scheduledTime":"2025-11-12T13:30:00.000","terminal":"2"},"flight":{"iataNumber":"AM174","icaoNumber":"AMX174","number":"174"},"status":"scheduled","type":"arrival"},{"aircraft":{"icao24":"0D0CFD","icaoCode":"A20N","regNumber":"XA-VRT"},"airline":{"iataCode":"Y4","icaoCode":"VOI","name":"Volaris"},"arrival":{"actualRunway":null,"actualTime":null,"baggage":null,"delay":null,"estimatedRunway":null,"estimatedTime":"2025-11-12T15:28:00.000","gate":null,"iataCode":"TIJ","icaoCode":"MMTJ","scheduledTime":"2025-11-12T15:44:00.000","terminal":"A"},"codeshared":null,"departure":{"actualRunway":"2025-11-12T14:13:00.000","actualTime":"2025-11-12T14:13:00.000","baggage":null,"delay":"12","estimatedRunway":"2025-11-12T14:13:00.000","estimatedTime":"2025-11-12T14:02:00.000","gate":"3","iataCode":"PBC","icaoCode":"MMPB","scheduledTime":"2025-11-12T14:02:00.000","terminal":null},"flight":{"iataNumber":"Y43221","icaoNumber":"VOI3221","number":"3221"},"status":"active","type":"arrival"},{"aircraft":{"icao24":"A684C4","icaoCode":"A320","regNumber":"N519VL"},"airline":{"iataCode":"Y4","icaoCode":"VOI","name":"Volaris"},"arrival":{"actualRunway":null,"actualTime":null,"baggage":null,"delay":null,"estimatedRunway":null,"estimatedTime":null,"gate":null,"iataCode":"TIJ","icaoCode":"MMTJ","scheduledTime":"2025-11-12T15:45:00.000","terminal":"A"},"codeshared":null,"departure":{"actualRunway":null,"actualTime":null,"baggage":null,"delay":"38","estimatedRunway":null,"estimatedTime":"2025-11-12T15:13:00.000","gate":"4","iataCode":"BJX","icaoCode":"MMLO","scheduledTime":"2025-11-12T14:35:00.000","terminal":null},"flight":{"iataNumber":"Y43043","icaoNumber":"VOI3043","number":"3043"},"status":"scheduled","type":"arrival"},{"aircraft":{"icao24":"0D08FD","icaoCode":"A320","regNumber":"XA-VLK"},"airline":{"iataCode":"Y4","icaoCode":"VOI","name":"Volaris"},"arrival":{"actualRunway":null,"actualTime":null,"baggage":null,"delay":null,"estimatedRunway":null,"estimatedTime":null,"gate":null,"iataCode":"TIJ","icaoCode":"MMTJ","scheduledTime":"2025-11-12T15:57:00.000","terminal":"A"},"codeshared":null,"departure":{"actualRunway":null,"actualTime":null,"baggage":null,"delay":null,"estimatedRunway":null,"estimatedTime":"2025-11-12T15:02:00.000","gate":"3","iataCode":"LMM","icaoCode":"MMLM","scheduledTime":"2025-11-12T15:02:00.000","terminal":null},"flight":{"iataNumber":"Y43257","icaoNumber":"VOI3257","number":"3257"},"status":"scheduled","type":"arrival"},{"aircraft":{"icao24":"0D0A26","icaoCode":"A320","regNumber":"XA-VRA"},"airline":{"iataCode":"Y4","icaoCode":"VOI","name":"Volaris"},"arrival":{"actualRunway":null,"actualTime":null,"baggage":null,"delay":null,"estimatedRunway":null,"estimatedTime":"2025-11-12T15:40:00.000","gate":null,"iataCode":"TIJ","icaoCode":"MMTJ","scheduledTime":"2025-11-12T16:09:00.000","terminal":"A"},"codeshared":null,"departure":{"actualRunway":"2025-11-12T14:48:00.000","actualTime":"2025-11-12T14:48:00.000","baggage":null,"delay":null,"estimatedRunway":"2025-11-12T14:48:00.000","estimatedTime":"2025-11-12T14:50:00.000","gate":null,"iataCode":"MLM","icaoCode":"MMMM","scheduledTime":"2025-11-12T14:50:00.000","terminal":null},"flight":{"iataNumber":"Y43061","icaoNumber":"VOI3061","number":"3061"},"status":"active","type":"arrival"},{"aircraft":{"icao24":"0D0FF8","icaoCode":"A320","regNumber":"XA-VVB"},"airline":{"iataCode":"Y4","icaoCode":"VOI","name":"Volaris"},"arrival":{"actualRunway":null,"actualTime":null,"baggage":null,"delay":null,"estimatedRunway":null,"estimatedTime":null,"gate":null,"iataCode":"TIJ","icaoCode":"MMTJ","scheduledTime":"2025-11-12T16:36:00.000","terminal":"A"},"codeshared":null,"departure":{"actualRunway":null,"actualTime":null,"baggage":null,"delay":null,"estimatedRunway":null,"estimatedTime":"2025-11-12T15:25:00.000","gate":"1","iataCode":"CUL","icaoCode":"MMCL","scheduledTime":"2025-11-12T15:25:00.000","terminal":null},"flight":{"iataNumber":"Y43005","icaoNumber":"VOI3005","number":"3005"},"status":"scheduled","type":"arrival"},{"aircraft":{"icao24":"","icaoCode":"A320","regNumber":""},"airline":{"iataCode":"Y4","icaoCode":"VOI","name":"Volaris"},"arrival":{"actualRunway":null,"actualTime":null,"baggage":null,"delay":null,"estimatedRunway":null,"estimatedTime":null,"gate":null,"iataCode":"TIJ","icaoCode":"MMTJ","scheduledTime":"2025-11-12T16:48:00.000","terminal":"A"},"codeshared":null,"departure":{"actualRunway":null,"actualTime":null,"baggage":null,"delay":"80","estimatedRunway":null,"estimatedTime":"2025-11-12T17:09:00.000","gate":"5","iataCode":"LAP","icaoCode":"MMLP","scheduledTime":"2025-11-12T15:49:00.000","terminal":null},"flight":{"iataNumber":"Y43235","icaoNumber":"VOI3235","number":"3235"},"status":"scheduled","type":"arrival"},{"aircraft":{"icao24":"0D0DA4","icaoCode":"A20N","regNumber":"XA-VSG"},"airline":{"iataCode":"Y4","icaoCode":"VOI","name":"Volaris"},"arrival":{"actualRunway":null,"actualTime":null,"baggage":null,"delay":null,"estimatedRunway":null,"estimatedTime":null,"gate":null,"iataCode":"TIJ","icaoCode":"MMTJ","scheduledTime":"2025-11-12T16:58:00.000","terminal":"A"},"codeshared":null,"departure":{"actualRunway":null,"actualTime":null,"baggage":null,"delay":null,"estimatedRunway":null,"estimatedTime":"2025-11-12T16:00:00.000","gate":null,"iataCode":"AGU","icaoCode":"MMAS","scheduledTime":"2025-11-12T16:00:00.000","terminal":null},"flight":{"iataNumber":"Y43205","icaoNumber":"VOI3205","number":"3205"},"status":"scheduled","type":"arrival"},{"aircraft":{"icao24":"0D0F00","icaoCode":"A21N","regNumber":"XA-VSX"},"airline":{"iataCode":"Y4","icaoCode":"VOI","name":"Volaris"},"arrival":{"actualRunway":null,"actualTime":null,"baggage":null,"delay":null,"estimatedRunway":null,"estimatedTime":"2025-11-12T16:51:00.000","gate":null,"iataCode":"TIJ","icaoCode":"MMTJ","scheduledTime":"2025-11-12T17:06:00.000","terminal":"A"},"codeshared":null,"departure":{"actualRunway":"2025-11-12T15:31:00.000","actualTime":"2025-11-12T15:31:00.000","baggage":null,"delay":"22","estimatedRunway":"2025-11-12T15:31:00.000","estimatedTime":"2025-11-12T15:32:00.000","gate":"B5","iataCode":"CUN","icaoCode":"MMUN","scheduledTime":"2025-11-12T15:10:00.000","terminal":"2"},"flight":{"iataNumber":"Y43081","icaoNumber":"VOI3081","number":"3081"},"status":"active","type":"arrival"},{"aircraft":{"icao24":"A6A4D5","icaoCode":"A320","regNumber":"N527VL"},"airline":{"iataCode":"Y4","icaoCode":"VOI","name":"Volaris"},"arrival":{"actualRunway":null,"actualTime":null,"baggage":null,"delay":null,"estimatedRunway":null,"estimatedTime":null,"gate":null,"iataCode":"TIJ","icaoCode":"MMTJ","scheduledTime":"2025-11-12T17:10:00.000","terminal":"A"},"codeshared":null,"departure":{"actualRunway":null,"actualTime":null,"baggage":null,"delay":"30","estimatedRunway":null,"estimatedTime":"2025-11-12T16:29:00.000","gate":null,"iataCode":"SJD","icaoCode":"MMSD","scheduledTime":"2025-11-12T15:59:00.000","terminal":"1"},"flight":{"iataNumber":"Y43103","icaoNumber":"VOI3103","number":"3103"},"status":"scheduled","type":"arrival"},{"aircraft":{"icao24":"","icaoCode":"A321","regNumber":""},"airline":{"iataCode":"VB","icaoCode":"VIV","name":"VivaAerobus"},"arrival":{"actualRunway":null,"actualTime":null,"baggage":null,"delay":null,"estimatedRunway":null,"estimatedTime":null,"gate":null,"iataCode":"TIJ","icaoCode":"MMTJ","scheduledTime":"2025-11-12T17:15:00.000","terminal":"A"},"codeshared":null,"departure":{"actualRunway":null,"actualTime":null,"baggage":null,"delay":null,"estimatedRunway":null,"estimatedTime":"2025-11-12T15:40:00.000","gate":"21","iataCode":"MEX","icaoCode":"MMMX","scheduledTime":"2025-11-12T15:40:00.000","terminal":"1"},"flight":{"iataNumber":"VB1254","icaoNumber":"VIV1254","number":"1254"},"status":"scheduled","type":"arrival"},{"aircraft":{"icao24":"","icaoCode":"A321","regNumber":""},"airline":{"iataCode":"VB","icaoCode":"VIV","name":"VivaAerobus"},"arrival":{"actualRunway":null,"actualTime":null,"baggage":null,"delay":null,"estimatedRunway":null,"estimatedTime":null,"gate":null,"iataCode":"TIJ","icaoCode":"MMTJ","scheduledTime":"2025-11-12T17:20:00.000","terminal":"A"},"codeshared":null,"departure":{"actualRunway":null,"actualTime":null,"baggage":null,"delay":"10","estimatedRunway":null,"estimatedTime":"2025-11-12T16:40:00.000","gate":null,"iataCode":"PVR","icaoCode":"MMPR","scheduledTime":"2025-11-12T16:30:00.000","terminal":null},"flight":{"iataNumber":"VB5085","icaoNumber":"VIV5085","number":"5085"},"status":"scheduled","type":"arrival"},{"aircraft":{"icao24":"0D0E29","icaoCode":"B38M","regNumber":"XA-DAO"},"airline":{"iataCode":"AM","icaoCode":"AMX","name":"Aeromexico"},"arrival":{"actualRunway":null,"actualTime":null,"baggage":null,"delay":null,"estimatedRunway":null,"estimatedTime":null,"gate":null,"iataCode":"TIJ","icaoCode":"MMTJ","scheduledTime":"2025-11-12T17:25:00.000","terminal":"A"},"codeshared":null,"departure":{"actualRunway":null,"actualTime":null,"baggage":null,"delay":"10","estimatedRunway":null,"estimatedTime":"2025-11-12T15:40:00.000","gate":"53","iataCode":"MEX","icaoCode":"MMMX","scheduledTime":"2025-11-12T15:30:00.000","terminal":"2"},"flight":{"iataNumber":"AM178","icaoNumber":"AMX178","number":"178"},"status":"scheduled","type":"arrival"},{"aircraft":{"icao24":"0D0CCE","icaoCode":"A20N","regNumber":"XA-VRO"},"airline":{"iataCode":"Y4","icaoCode":"VOI","name":"Volaris"},"arrival":{"actualRunway":null,"actualTime":null,"baggage":null,"delay":null,"estimatedRunway":null,"estimatedTime":null,"gate":null,"iataCode":"TIJ","icaoCode":"MMTJ","scheduledTime":"2025-11-12T17:26:00.000","terminal":"A"},"codeshared":null,"departure":{"actualRunway":null,"actualTime":null,"baggage":null,"delay":"40","estimatedRunway":null,"estimatedTime":"2025-11-12T17:16:00.000","gate":"18","iataCode":"PVR","icaoCode":"MMPR","scheduledTime":"2025-11-12T16:36:00.000","terminal":null},"flight":{"iataNumber":"Y43123","icaoNumber":"VOI3123","number":"3123"},"status":"scheduled","type":"arrival"},{"aircraft":{"icao24":"","icaoCode":"A320","regNumber":""},"airline":{"iataCode":"VB","icaoCode":"VIV","name":"VivaAerobus"},"arrival":{"actualRunway":null,"actualTime":null,"baggage":null,"delay":null,"estimatedRunway":null,"estimatedTime":null,"gate":null,"iataCode":"TIJ","icaoCode":"MMTJ","scheduledTime":"2025-11-12T17:40:00.000","terminal":"A"},"codeshared":null,"departure":{"actualRunway":null,"actualTime":null,"baggage":null,"delay":"25","estimatedRunway":null,"estimatedTime":"2025-11-12T16:15:00.000","gate":null,"iataCode":"CUN","icaoCode":"MMUN","scheduledTime":"2025-11-12T15:50:00.000","terminal":"2"},"flight":{"iataNumber":"VB2264","icaoNumber":"VIV2264","number":"2264"},"status":"scheduled","type":"arrival"},{"aircraft":{"icao24":"781001","icaoCode":"B789","regNumber":"B-7835"},"airline":{"iataCode":"HU","icaoCode":"CHH","name":"Hainan Airlines"},"arrival":{"actualRunway":null,"actualTime":null,"baggage":"6","delay":null,"estimatedRunway":null,"estimatedTime":"2025-11-12T17:16:00.000","gate":null,"iataCode":"TIJ","icaoCode":"MMTJ","scheduledTime":"2025-11-12T17:55:00.000","terminal":"A"},"codeshared":null,"departure":{"actualRunway":"2025-11-12T21:40:00.000","actualTime":"2025-11-12T21:40:00.000","baggage":null,"delay":"6","estimatedRunway":"2025-11-12T21:40:00.000","estimatedTime":"2025-11-12T21:37:00.000","gate":"C09","iataCode":"PEK","icaoCode":"ZBAA","scheduledTime":"2025-11-12T21:35:00.000","terminal":"2"},"flight":{"iataNumber":"HU7925","icaoNumber":"CHH7925","number":"7925"},"status":"active","type":"arrival"},{"aircraft":{"icao24":"","icaoCode":"A321","regNumber":""},"airline":{"iataCode":"VB","icaoCode":"VIV","name":"VivaAerobus"},"arrival":{"actualRunway":null,"actualTime":null,"baggage":null,"delay":null,"estimatedRunway":null,"estimatedTime":null,"gate":null,"iataCode":"TIJ","icaoCode":"MMTJ","scheduledTime":"2025-11-12T18:05:00.000","terminal":"A"},"codeshared":null,"departure":{"actualRunway":null,"actualTime":null,"baggage":null,"delay":"10","estimatedRunway":null,"estimatedTime":"2025-11-12T16:45:00.000","gate":null,"iataCode":"NLU","icaoCode":"MMSM","scheduledTime":"2025-11-12T16:35:00.000","terminal":null},"flight":{"iataNumber":"VB7429","icaoNumber":"VIV7429","number":"7429"},"status":"scheduled","type":"arrival"},{"aircraft":{"icao24":"A66AC3","icaoCode":"A320","regNumber":"N512VL"},"airline":{"iataCode":"Y4","icaoCode":"VOI","name":"Volaris"},"arrival":{"actualRunway":null,"actualTime":null,"baggage":null,"delay":null,"estimatedRunway":null,"estimatedTime":null,"gate":null,"iataCode":"TIJ","icaoCode":"MMTJ","scheduledTime":"2025-11-12T18:05:00.000","terminal":"A"},"codeshared":null,"departure":{"actualRunway":null,"actualTime":null,"baggage":null,"delay":null,"estimatedRunway":null,"estimatedTime":"2025-11-12T16:35:00.000","gate":"14","iataCode":"TLC","icaoCode":"MMTO","scheduledTime":"2025-11-12T16:35:00.000","terminal":null},"flight":{"iataNumber":"Y43323","icaoNumber":"VOI3323","number":"3323"},"status":"scheduled","type":"arrival"},{"aircraft":{"icao24":"","icaoCode":"A21N","regNumber":""},"airline":{"iataCode":"Y4","icaoCode":"VOI","name":"Volaris"},"arrival":{"actualRunway":null,"actualTime":null,"baggage":null,"delay":null,"estimatedRunway":null,"estimatedTime":null,"gate":null,"iataCode":"TIJ","icaoCode":"MMTJ","scheduledTime":"2025-11-12T18:17:00.000","terminal":"A"},"codeshared":null,"departure":{"actualRunway":null,"actualTime":null,"baggage":null,"delay":"19","estimatedRunway":null,"estimatedTime":"2025-11-12T17:34:00.000","gate":"A4","iataCode":"GDL","icaoCode":"MMGL","scheduledTime":"2025-11-12T17:15:00.000","terminal":"1"},"flight":{"iataNumber":"Y41006","icaoNumber":"VOI1006","number":"1006"},"status":"scheduled","type":"arrival"},{"aircraft":{"icao24":"0D0B91","icaoCode":"A20N","regNumber":"XA-VRJ"},"airline":{"iataCode":"Y4","icaoCode":"VOI","name":"Volaris"},"arrival":{"actualRunway":null,"actualTime":null,"baggage":null,"delay":null,"estimatedRunway":null,"estimatedTime":null,"gate":null,"iataCode":"TIJ","icaoCode":"MMTJ","scheduledTime":"2025-11-12T18:25:00.000","terminal":"A"},"codeshared":null,"departure":{"actualRunway":null,"actualTime":null,"baggage":null,"delay":"112","estimatedRunway":null,"estimatedTime":"2025-11-12T18:16:00.000","gate":"12","iataCode":"OAX","icaoCode":"MMOX","scheduledTime":"2025-11-12T16:24:00.000","terminal":null},"flight":{"iataNumber":"Y45901","icaoNumber":"VOI5901","number":"5901"},"status":"scheduled","type":"arrival"},{"aircraft":{"icao24":"","icaoCode":"A320","regNumber":""},"airline":{"iataCode":"VB","icaoCode":"VIV","name":"VivaAerobus"},"arrival":{"actualRunway":null,"actualTime":null,"baggage":null,"delay":null,"estimatedRunway":null,"estimatedTime":null,"gate":null,"iataCode":"TIJ","icaoCode":"MMTJ","scheduledTime":"2025-11-12T18:50:00.000","terminal":"A"},"codeshared":null,"departure":{"actualRunway":null,"actualTime":null,"baggage":null,"delay":null,"estimatedRunway":null,"estimatedTime":"2025-11-12T17:50:00.000","gate":null,"iataCode":"MTY","icaoCode":"MMMY","scheduledTime":"2025-11-12T17:50:00.000","terminal":"C"},"flight":{"iataNumber":"VB7401","icaoNumber":"VIV7401","number":"7401"},"status":"scheduled","type":"arrival"},{"aircraft":{"icao24":"","icaoCode":"A320","regNumber":""},"airline":{"iataCode":"VB","icaoCode":"VIV","name":"VivaAerobus"},"arrival":{"actualRunway":null,"actualTime":null,"baggage":null,"delay":null,"estimatedRunway":null,"estimatedTime":null,"gate":null,"iataCode":"TIJ","icaoCode":"MMTJ","scheduledTime":"2025-11-12T19:10:00.000","terminal":"A"},"codeshared":null,"departure":{"actualRunway":null,"actualTime":null,"baggage":null,"delay":"10","estimatedRunway":null,"estimatedTime":"2025-11-12T18:20:00.000","gate":null,"iataCode":"GDL","icaoCode":"MMGL","scheduledTime":"2025-11-12T18:10:00.000","terminal":"1"},"flight":{"iataNumber":"VB7433","icaoNumber":"VIV7433","number":"7433"},"status":"scheduled","type":"arrival"},{"aircraft":{"icao24":"0D1154","icaoCode":"A20N","regNumber":"XA-VUU"},"airline":{"iataCode":"Y4","icaoCode":"VOI","name":"Volaris"},"arrival":{"actualRunway":null,"actualTime":null,"baggage":null,"delay":null,"estimatedRunway":null,"estimatedTime":null,"gate":null,"iataCode":"TIJ","icaoCode":"MMTJ","scheduledTime":"2025-11-12T19:15:00.000","terminal":"A"},"codeshared":null,"departure":{"actualRunway":null,"actualTime":null,"baggage":null,"delay":"233","estimatedRunway":null,"estimatedTime":"2025-11-12T22:18:00.000","gate":"12","iataCode":"PVR","icaoCode":"MMPR","scheduledTime":"2025-11-12T18:25:00.000","terminal":null},"flight":{"iataNumber":"Y43125","icaoNumber":"VOI3125","number":"3125"},"status":"scheduled","type":"arrival"},{"aircraft":{"icao24":"0D0B35","icaoCode":"A20N","regNumber":"XA-VRF"},"airline":{"iataCode":"Y4","icaoCode":"VOI","name":"Volaris"},"arrival":{"actualRunway":null,"actualTime":null,"baggage":null,"delay":null,"estimatedRunway":null,"estimatedTime":null,"gate":null,"iataCode":"TIJ","icaoCode":"MMTJ","scheduledTime":"2025-11-12T19:15:00.000","terminal":"A"},"codeshared":null,"departure":{"actualRunway":null,"actualTime":null,"baggage":null,"delay":null,"estimatedRunway":null,"estimatedTime":"2025-11-12T19:10:00.000","gate":null,"iataCode":"CUU","icaoCode":"MMCU","scheduledTime":"2025-11-12T19:10:00.000","terminal":null},"flight":{"iataNumber":"Y43293","icaoNumber":"VOI3293","number":"3293"},"status":"scheduled","type":"arrival"},{"aircraft":{"icao24":"0D0FFD","icaoCode":"A320","regNumber":"XA-VVA"},"airline":{"iataCode":"Y4","icaoCode":"VOI","name":"Volaris"},"arrival":{"actualRunway":null,"actualTime":null,"baggage":null,"delay":null,"estimatedRunway":null,"estimatedTime":null,"gate":null,"iataCode":"TIJ","icaoCode":"MMTJ","scheduledTime":"2025-11-12T19:26:00.000","terminal":"A"},"codeshared":null,"departure":{"actualRunway":null,"actualTime":null,"baggage":null,"delay":"45","estimatedRunway":null,"estimatedTime":"2025-11-12T19:00:00.000","gate":"2","iataCode":"CUL","icaoCode":"MMCL","scheduledTime":"2025-11-12T18:15:00.000","terminal":null},"flight":{"iataNumber":"Y43009","icaoNumber":"VOI3009","number":"3009"},"status":"scheduled","type":"arrival"},{"aircraft":{"icao24":"0D0DDA","icaoCode":"B38M","regNumber":"XA-CCO"},"airline":{"iataCode":"LA","icaoCode":"LAN","name":"LATAM Airlines"},"arrival":{"actualRunway":null,"actualTime":null,"baggage":null,"delay":null,"estimatedRunway":null,"estimatedTime":null,"gate":null,"iataCode":"TIJ","icaoCode":"MMTJ","scheduledTime":"2025-11-12T19:50:00.000","terminal":"A"},"codeshared":{"airline":{"iataCode":"am","icaoCode":"amx","name":"aeromexico"},"flight":{"iataNumber":"am180","icaoNumber":"amx180","number":"180"}},"departure":{"actualRunway":null,"actualTime":null,"baggage":null,"delay":"10","estimatedRunway":null,"estimatedTime":"2025-11-12T18:05:00.000","gate":"M","iataCode":"MEX","icaoCode":"MMMX","scheduledTime":"2025-11-12T17:55:00.000","terminal":"2"},"flight":{"iataNumber":"LA7588","icaoNumber":"LAN7588","number":"7588"},"status":"scheduled","type":"arrival"},{"aircraft":{"icao24":"0D0DDA","icaoCode":"B38M","regNumber":"XA-CCO"},"airline":{"iataCode":"WS","icaoCode":"WJA","name":"WestJet"},"arrival":{"actualRunway":null,"actualTime":null,"baggage":null,"delay":null,"estimatedRunway":null,"estimatedTime":null,"gate":null,"iataCode":"TIJ","icaoCode":"MMTJ","scheduledTime":"2025-11-12T19:50:00.000","terminal":"A"},"codeshared":{"airline":{"iataCode":"am","icaoCode":"amx","name":"aeromexico"},"flight":{"iataNumber":"am180","icaoNumber":"amx180","number":"180"}},"departure":{"actualRunway":null,"actualTime":null,"baggage":null,"delay":"10","estimatedRunway":null,"estimatedTime":"2025-11-12T18:05:00.000","gate":"M","iataCode":"MEX","icaoCode":"MMMX","scheduledTime":"2025-11-12T17:55:00.000","terminal":"2"},"flight":{"iataNumber":"WS5785","icaoNumber":"WJA5785","number":"5785"},"status":"scheduled","type":"arrival"},{"aircraft":{"icao24":"0D0DDA","icaoCode":"B38M","regNumber":"XA-CCO"},"airline":{"iataCode":"AM","icaoCode":"AMX","name":"Aeromexico"},"arrival":{"actualRunway":null,"actualTime":null,"baggage":null,"delay":null,"estimatedRunway":null,"estimatedTime":null,"gate":null,"iataCode":"TIJ","icaoCode":"MMTJ","scheduledTime":"2025-11-12T19:50:00.000","terminal":"A"},"codeshared":null,"departure":{"actualRunway":null,"actualTime":null,"baggage":null,"delay":"10","estimatedRunway":null,"estimatedTime":"2025-11-12T18:05:00.000","gate":"M","iataCode":"MEX","icaoCode":"MMMX","scheduledTime":"2025-11-12T17:55:00.000","terminal":"2"},"flight":{"iataNumber":"AM180","icaoNumber":"AMX180","number":"180"},"status":"scheduled","type":"arrival"},{"aircraft":{"icao24":"0D081C","icaoCode":"A320","regNumber":"XA-VLD"},"airline":{"iataCode":"Y4","icaoCode":"VOI","name":"Volaris"},"arrival":{"actualRunway":null,"actualTime":null,"baggage":null,"delay":null,"estimatedRunway":null,"estimatedTime":null,"gate":null,"iataCode":"TIJ","icaoCode":"MMTJ","scheduledTime":"2025-11-12T19:58:00.000","terminal":"A"},"codeshared":null,"departure":{"actualRunway":null,"actualTime":null,"baggage":null,"delay":null,"estimatedRunway":null,"estimatedTime":"2025-11-12T18:47:00.000","gate":null,"iataCode":"SJD","icaoCode":"MMSD","scheduledTime":"2025-11-12T18:47:00.000","terminal":"1"},"flight":{"iataNumber":"Y43105","icaoNumber":"VOI3105","number":"3105"},"status":"scheduled","type":"arrival"},{"aircraft":{"icao24":"","icaoCode":"A320","regNumber":""},"airline":{"iataCode":"VB","icaoCode":"VIV","name":"VivaAerobus"},"arrival":{"actualRunway":null,"actualTime":null,"baggage":null,"delay":null,"estimatedRunway":null,"estimatedTime":null,"gate":null,"iataCode":"TIJ","icaoCode":"MMTJ","scheduledTime":"2025-11-12T20:00:00.000","terminal":"A"},"codeshared":null,"departure":{"actualRunway":null,"actualTime":null,"baggage":null,"delay":"10","estimatedRunway":null,"estimatedTime":"2025-11-12T19:10:00.000","gate":null,"iataCode":"GDL","icaoCode":"MMGL","scheduledTime":"2025-11-12T19:00:00.000","terminal":"1"},"flight":{"iataNumber":"VB7027","icaoNumber":"VIV7027","number":"7027"},"status":"scheduled","type":"arrival"},{"aircraft":{"icao24":"A6C12F","icaoCode":"A21N","regNumber":"N534VL"},"airline":{"iataCode":"Y4","icaoCode":"VOI","name":"Volaris"},"arrival":{"actualRunway":null,"actualTime":null,"baggage":null,"delay":null,"estimatedRunway":null,"estimatedTime":null,"gate":null,"iataCode":"TIJ","icaoCode":"MMTJ","scheduledTime":"2025-11-12T20:00:00.000","terminal":"A"},"codeshared":null,"departure":{"actualRunway":null,"actualTime":null,"baggage":null,"delay":null,"estimatedRunway":null,"estimatedTime":"2025-11-12T18:04:00.000","gate":null,"iataCode":"CUN","icaoCode":"MMUN","scheduledTime":"2025-11-12T18:04:00.000","terminal":"2"},"flight":{"iataNumber":"Y43085","icaoNumber":"VOI3085","number":"3085"},"status":"scheduled","type":"arrival"},{"aircraft":{"icao24":"0D0A0D","icaoCode":"A321","regNumber":"XA-VRB"},"airline":{"iataCode":"Y4","icaoCode":"VOI","name":"Volaris"},"arrival":{"actualRunway":null,"actualTime":null,"baggage":null,"delay":null,"estimatedRunway":null,"estimatedTime":null,"gate":null,"iataCode":"TIJ","icaoCode":"MMTJ","scheduledTime":"2025-11-12T20:05:00.000","terminal":"A"},"codeshared":null,"departure":{"actualRunway":null,"actualTime":null,"baggage":null,"delay":"44","estimatedRunway":null,"estimatedTime":"2025-11-12T20:23:00.000","gate":null,"iataCode":"HMO","icaoCode":"MMHO","scheduledTime":"2025-11-12T19:39:00.000","terminal":null},"flight":{"iataNumber":"Y43185","icaoNumber":"VOI3185","number":"3185"},"status":"scheduled","type":"arrival"},{"aircraft":{"icao24":"A65220","icaoCode":"A320","regNumber":"N506VL"},"airline":{"iataCode":"Y4","icaoCode":"VOI","name":"Volaris"},"arrival":{"actualRunway":null,"actualTime":null,"baggage":null,"delay":null,"estimatedRunway":null,"estimatedTime":null,"gate":null,"iataCode":"TIJ","icaoCode":"MMTJ","scheduledTime":"2025-11-12T20:07:00.000","terminal":"A"},"codeshared":null,"departure":{"actualRunway":null,"actualTime":null,"baggage":null,"delay":"155","estimatedRunway":null,"estimatedTime":"2025-11-12T21:40:00.000","gate":"A2","iataCode":"GDL","icaoCode":"MMGL","scheduledTime":"2025-11-12T19:05:00.000","terminal":"1"},"flight":{"iataNumber":"Y41008","icaoNumber":"VOI1008","number":"1008"},"status":"scheduled","type":"arrival"},{"aircraft":{"icao24":"0D099E","icaoCode":"A320","regNumber":"XA-VLP"},"airline":{"iataCode":"Y4","icaoCode":"VOI","name":"Volaris"},"arrival":{"actualRunway":null,"actualTime":null,"baggage":null,"delay":null,"estimatedRunway":null,"estimatedTime":null,"gate":null,"iataCode":"TIJ","icaoCode":"MMTJ","scheduledTime":"2025-11-12T20:09:00.000","terminal":"A"},"codeshared":null,"departure":{"actualRunway":null,"actualTime":null,"baggage":null,"delay":null,"estimatedRunway":null,"estimatedTime":"2025-11-12T18:56:00.000","gate":null,"iataCode":"UPN","icaoCode":"MMPN","scheduledTime":"2025-11-12T18:56:00.000","terminal":null},"flight":{"iataNumber":"Y43275","icaoNumber":"VOI3275","number":"3275"},"status":"scheduled","type":"arrival"}]}