{"pagination":{"limit":100,"offset":0,"count":33,"total":33},"data":[{"flight_date":"2025-11-07","flight_status":"landed","departure":{"airport":"Sky Harbor International","timezone":"America\/Phoenix","iata":"PHX","icao":"KPHX","terminal":"4","gate":"B18","delay":null,"scheduled":"2025-11-07T11:04:00+00:00","estimated":"2025-11-07T11:04:00+00:00","actual":null,"estimated_runway":null,"actual_runway":null},"arrival":{"airport":"General A. L. Rodriguez International","timezone":"America\/Tijuana","iata":"TIJ","icao":"MMTJ","terminal":null,"gate":null,"baggage":null,"scheduled":"2025-11-07T11:34:00+00:00","delay":null,"estimated":null,"actual":null,"estimated_runway":null,"actual_runway":null},"airline":{"name":"SkyWest Airlines","iata":"AA","icao":"AAL"},"flight":{"number":"6455","iata":"OO6455","icao":"SKW6455","codeshared":null},"aircraft":{"registration":"N755SK","iata":"CRJ7","icao":"CRJ7","icao24":"AA2E36"},"live":null},{"flight_date":"2025-11-07","flight_status":"landed","departure":{"airport":"Don Miguel Hidalgo y Costilla International","timezone":"America\/Mexico_City","iata":"GDL","icao":"MMGL","terminal":"1","gate":null,"delay":14,"scheduled":"2025-11-07T06:00:00+00:00","estimated":"2025-11-07T06:00:00+00:00","actual":"2025-11-07T06:13:00+00:00","estimated_runway":"2025-11-07T06:13:00+00:00","actual_runway":"2025-11-07T06:13:00+00:00"},"arrival":{"airport":"General A. L. Rodriguez International","timezone":"America\/Tijuana","iata":"TIJ","icao":"MMTJ","terminal":"1","gate":null,"baggage":null,"scheduled":"2025-11-07T07:05:00+00:00","delay":null,"estimated":"2025-11-07T06:48:00+00:00","actual":"2025-11-07T06:53:00+00:00","estimated_runway":"2025-11-07T06:53:00+00:00","actual_runway":"2025-11-07T06:53:00+00:00"},"airline":{"name":"VivaAerobus","iata":"VB","icao":"VIV"},"flight":{"number":"3114","iata":"VB3114","icao":"VIV3114","codeshared":null},"aircraft":null,"live":null},{"flight_date":"2025-11-07","flight_status":"landed","departure":{"airport":"Internacional Benito Juarez","timezone":"America\/Mexico_City","iata":"MEX","icao":"MMMX","terminal":"1","gate":"12","delay":14,"scheduled":"2025-11-07T05:30:00+00:00","estimated":"2025-11-07T05:30:00+00:00","actual":"2025-11-07T05:43:00+00:00","estimated_runway":"2025-11-07T05:43:00+00:00","actual_runway":"2025-11-07T05:43:00+00:00"},"arrival":{"airport":"General A. L. Rodriguez International","timezone":"America\/Tijuana","iata":"TIJ","icao":"MMTJ","terminal":"1","gate":null,"baggage":null,"scheduled":"2025-11-07T07:15:00+00:00","delay":null,"estimated":"2025-11-07T06:57:00+00:00","actual":"2025-11-07T07:00:00+00:00","estimated_runway":"2025-11-07T07:00:00+00:00","actual_runway":"2025-11-07T07:00:00+00:00"},"airline":{"name":"Volaris","iata":"Y4","icao":"VOI"},"flight":{"number":"180","iata":"Y4180","icao":"VOI180","codeshared":null},"aircraft":null,"live":null},{"flight_date":"2025-11-07","flight_status":"landed","departure":{"airport":"Gen Mariano Escobedo","timezone":"America\/Monterrey","iata":"MTY","icao":"MMMY","terminal":"A","gate":null,"delay":7,"scheduled":"2025-11-07T06:30:00+00:00","estimated":"2025-11-07T06:30:00+00:00","actual":"2025-11-07T06:37:00+00:00","estimated_runway":"2025-11-07T06:37:00+00:00","actual_runway":"2025-11-07T06:37:00+00:00"},"arrival":{"airport":"General A. L. Rodriguez International","timezone":"America\/Tijuana","iata":"TIJ","icao":"MMTJ","terminal":"1","gate":null,"baggage":null,"scheduled":"2025-11-07T07:30:00+00:00","delay":null,"estimated":"2025-11-07T07:09:00+00:00","actual":"2025-11-07T07:07:00+00:00","estimated_runway":"2025-11-07T07:07:00+00:00","actual_runway":"2025-11-07T07:07:00+00:00"},"airline":{"name":"Sky Airline","iata":"H2","icao":"SKU"},"flight":{"number":"4080","iata":"H24080","icao":"SKU4080","codeshared":null},"aircraft":null,"live":null},{"flight_date":"2025-11-07","flight_status":"landed","departure":{"airport":"Don Miguel Hidalgo y Costilla International","timezone":"America\/Mexico_City","iata":"GDL","icao":"MMGL","terminal":"1","gate":"C34","delay":16,"scheduled":"2025-11-07T06:28:00+00:00","estimated":"2025-11-07T06:28:00+00:00","actual":"2025-11-07T06:44:00+00:00","estimated_runway":"2025-11-07T06:44:00+00:00","actual_runway":"2025-11-07T06:44:00+00:00"},"arrival":{"airport":"General A. L. Rodriguez International","timezone":"America\/Tijuana","iata":"TIJ","icao":"MMTJ","terminal":"1","gate":null,"baggage":null,"scheduled":"2025-11-07T07:30:00+00:00","delay":null,"estimated":"2025-11-07T07:26:00+00:00","actual":"2025-11-07T07:22:00+00:00","estimated_runway":"2025-11-07T07:22:00+00:00","actual_runway":"2025-11-07T07:22:00+00:00"},"airline":{"name":"Volaris","iata":"Y4","icao":"VOI"},"flight":{"number":"1004","iata":"Y41004","icao":"VOI1004","codeshared":null},"aircraft":null,"live":null},{"flight_date":"2025-11-07","flight_status":"landed","departure":{"airport":"Ingeniero Fernando Espinoza Guti\u00e9rrez International","timezone":"America\/Mexico_City","iata":"QRO","icao":"MMQT","terminal":null,"gate":"B2","delay":10,"scheduled":"2025-11-07T06:18:00+00:00","estimated":"2025-11-07T06:18:00+00:00","actual":"2025-11-07T06:28:00+00:00","estimated_runway":"2025-11-07T06:28:00+00:00","actual_runway":"2025-11-07T06:28:00+00:00"},"arrival":{"airport":"General A. L. Rodriguez International","timezone":"America\/Tijuana","iata":"TIJ","icao":"MMTJ","terminal":"1","gate":null,"baggage":null,"scheduled":"2025-11-07T07:40:00+00:00","delay":null,"estimated":"2025-11-07T07:28:00+00:00","actual":"2025-11-07T07:30:00+00:00","estimated_runway":"2025-11-07T07:30:00+00:00","actual_runway":"2025-11-07T07:30:00+00:00"},"airline":{"name":"Volaris","iata":"Y4","icao":"VOI"},"flight":{"number":"3352","iata":"Y43352","icao":"VOI3352","codeshared":null},"aircraft":null,"live":null},{"flight_date":"2025-11-07","flight_status":"landed","departure":{"airport":null,"timezone":null,"iata":"NLU","icao":"MMSM","terminal":null,"gate":null,"delay":6,"scheduled":"2025-11-07T06:15:00+00:00","estimated":"2025-11-07T06:15:00+00:00","actual":"2025-11-07T06:21:00+00:00","estimated_runway":"2025-11-07T06:21:00+00:00","actual_runway":"2025-11-07T06:21:00+00:00"},"arrival":{"airport":"General A. L. Rodriguez International","timezone":"America\/Tijuana","iata":"TIJ","icao":"MMTJ","terminal":"1","gate":null,"baggage":null,"scheduled":"2025-11-07T07:45:00+00:00","delay":null,"estimated":"2025-11-07T07:33:00+00:00","actual":"2025-11-07T07:34:00+00:00","estimated_runway":"2025-11-07T07:34:00+00:00","actual_runway":"2025-11-07T07:34:00+00:00"},"airline":{"name":"VivaAerobus","iata":"VB","icao":"VIV"},"flight":{"number":"5069","iata":"VB5069","icao":"VIV5069","codeshared":null},"aircraft":null,"live":null},{"flight_date":"2025-11-07","flight_status":"landed","departure":{"airport":"Aguascalients","timezone":"America\/Mexico_City","iata":"AGU","icao":"MMAS","terminal":null,"gate":"4","delay":6,"scheduled":"2025-11-07T07:00:00+00:00","estimated":"2025-11-07T07:00:00+00:00","actual":"2025-11-07T07:06:00+00:00","estimated_runway":"2025-11-07T07:06:00+00:00","actual_runway":"2025-11-07T07:06:00+00:00"},"arrival":{"airport":"General A. L. Rodriguez International","timezone":"America\/Tijuana","iata":"TIJ","icao":"MMTJ","terminal":"1","gate":null,"baggage":null,"scheduled":"2025-11-07T07:58:00+00:00","delay":null,"estimated":"2025-11-07T07:45:00+00:00","actual":"2025-11-07T07:49:00+00:00","estimated_runway":"2025-11-07T07:49:00+00:00","actual_runway":"2025-11-07T07:49:00+00:00"},"airline":{"name":"Volaris","iata":"Y4","icao":"VOI"},"flight":{"number":"3201","iata":"Y43201","icao":"VOI3201","codeshared":null},"aircraft":null,"live":null},{"flight_date":"2025-11-07","flight_status":"landed","departure":{"airport":"Canc\u00fan International","timezone":"America\/Cancun","iata":"CUN","icao":"MMUN","terminal":"2","gate":"B5","delay":58,"scheduled":"2025-11-07T18:04:00+00:00","estimated":"2025-11-07T18:04:00+00:00","actual":"2025-11-07T19:02:00+00:00","estimated_runway":"2025-11-07T19:02:00+00:00","actual_runway":"2025-11-07T19:02:00+00:00"},"arrival":{"airport":"General A. L. Rodriguez International","timezone":"America\/Tijuana","iata":"TIJ","icao":"MMTJ","terminal":null,"gate":null,"baggage":null,"scheduled":"2025-11-07T20:00:00+00:00","delay":31,"estimated":"2025-11-07T20:26:00+00:00","actual":"2025-11-07T20:31:00+00:00","estimated_runway":"2025-11-07T20:31:00+00:00","actual_runway":"2025-11-07T20:31:00+00:00"},"airline":{"name":"Volaris","iata":"Y4","icao":"VOI"},"flight":{"number":"3085","iata":"Y43085","icao":"VOI3085","codeshared":null},"aircraft":null,"live":null},{"flight_date":"2025-11-07","flight_status":"landed","departure":{"airport":"Gen Pesqueira Garcia","timezone":"America\/Hermosillo","iata":"HMO","icao":"MMHO","terminal":null,"gate":"4","delay":null,"scheduled":"2025-11-07T19:39:00+00:00","estimated":"2025-11-07T19:39:00+00:00","actual":"2025-11-07T19:34:00+00:00","estimated_runway":"2025-11-07T19:34:00+00:00","actual_runway":"2025-11-07T19:34:00+00:00"},"arrival":{"airport":"General A. L. Rodriguez International","timezone":"America\/Tijuana","iata":"TIJ","icao":"MMTJ","terminal":null,"gate":null,"baggage":null,"scheduled":"2025-11-07T20:05:00+00:00","delay":null,"estimated":"2025-11-07T19:35:00+00:00","actual":"2025-11-07T19:36:00+00:00","estimated_runway":"2025-11-07T19:36:00+00:00","actual_runway":"2025-11-07T19:36:00+00:00"},"airline":{"name":"Volaris","iata":"Y4","icao":"VOI"},"flight":{"number":"3185","iata":"Y43185","icao":"VOI3185","codeshared":null},"aircraft":null,"live":null},{"flight_date":"2025-11-07","flight_status":"landed","departure":{"airport":"Don Miguel Hidalgo y Costilla International","timezone":"America\/Mexico_City","iata":"GDL","icao":"MMGL","terminal":"1","gate":"C37","delay":29,"scheduled":"2025-11-07T19:05:00+00:00","estimated":"2025-11-07T19:05:00+00:00","actual":"2025-11-07T19:34:00+00:00","estimated_runway":"2025-11-07T19:34:00+00:00","actual_runway":"2025-11-07T19:34:00+00:00"},"arrival":{"airport":"General A. L. Rodriguez International","timezone":"America\/Tijuana","iata":"TIJ","icao":"MMTJ","terminal":null,"gate":null,"baggage":null,"scheduled":"2025-11-07T20:07:00+00:00","delay":2,"estimated":"2025-11-07T20:07:00+00:00","actual":"2025-11-07T20:09:00+00:00","estimated_runway":"2025-11-07T20:09:00+00:00","actual_runway":"2025-11-07T20:09:00+00:00"},"airline":{"name":"Volaris","iata":"Y4","icao":"VOI"},"flight":{"number":"1008","iata":"Y41008","icao":"VOI1008","codeshared":null},"aircraft":null,"live":null},{"flight_date":"2025-11-07","flight_status":"landed","departure":{"airport":"Uruapan","timezone":"America\/Mexico_City","iata":"UPN","icao":"MMPN","terminal":null,"gate":"2","delay":50,"scheduled":"2025-11-07T18:56:00+00:00","estimated":"2025-11-07T18:56:00+00:00","actual":"2025-11-07T19:45:00+00:00","estimated_runway":"2025-11-07T19:45:00+00:00","actual_runway":"2025-11-07T19:45:00+00:00"},"arrival":{"airport":"General A. L. Rodriguez International","timezone":"America\/Tijuana","iata":"TIJ","icao":"MMTJ","terminal":null,"gate":null,"baggage":null,"scheduled":"2025-11-07T20:09:00+00:00","delay":29,"estimated":"2025-11-07T20:34:00+00:00","actual":"2025-11-07T20:38:00+00:00","estimated_runway":"2025-11-07T20:38:00+00:00","actual_runway":"2025-11-07T20:38:00+00:00"},"airline":{"name":"Volaris","iata":"Y4","icao":"VOI"},"flight":{"number":"3275","iata":"Y43275","icao":"VOI3275","codeshared":null},"aircraft":null,"live":null},{"flight_date":"2025-11-07","flight_status":"landed","departure":{"airport":"Hermanos Serdan International","timezone":"America\/Mexico_City","iata":"PBC","icao":"MMPB","terminal":null,"gate":"3","delay":9,"scheduled":"2025-11-07T18:34:00+00:00","estimated":"2025-11-07T18:34:00+00:00","actual":"2025-11-07T18:43:00+00:00","estimated_runway":"2025-11-07T18:43:00+00:00","actual_runway":"2025-11-07T18:43:00+00:00"},"arrival":{"airport":"General A. L. Rodriguez International","timezone":"America\/Tijuana","iata":"TIJ","icao":"MMTJ","terminal":null,"gate":null,"baggage":null,"scheduled":"2025-11-07T20:16:00+00:00","delay":null,"estimated":"2025-11-07T20:02:00+00:00","actual":"2025-11-07T20:03:00+00:00","estimated_runway":"2025-11-07T20:03:00+00:00","actual_runway":"2025-11-07T20:03:00+00:00"},"airline":{"name":"Volaris","iata":"Y4","icao":"VOI"},"flight":{"number":"3223","iata":"Y43223","icao":"VOI3223","codeshared":null},"aircraft":null,"live":null},{"flight_date":"2025-11-07","flight_status":"landed","departure":{"airport":"Don Miguel Hidalgo y Costilla International","timezone":"America\/Mexico_City","iata":"GDL","icao":"MMGL","terminal":"1","gate":null,"delay":33,"scheduled":"2025-11-07T19:25:00+00:00","estimated":"2025-11-07T19:25:00+00:00","actual":"2025-11-07T19:58:00+00:00","estimated_runway":"2025-11-07T19:58:00+00:00","actual_runway":"2025-11-07T19:58:00+00:00"},"arrival":{"airport":"General A. L. Rodriguez International","timezone":"America\/Tijuana","iata":"TIJ","icao":"MMTJ","terminal":null,"gate":null,"baggage":null,"scheduled":"2025-11-07T20:25:00+00:00","delay":10,"estimated":"2025-11-07T20:28:00+00:00","actual":"2025-11-07T20:35:00+00:00","estimated_runway":"2025-11-07T20:35:00+00:00","actual_runway":"2025-11-07T20:35:00+00:00"},"airline":{"name":"VivaAerobus","iata":"VB","icao":"VIV"},"flight":{"number":"3104","iata":"VB3104","icao":"VIV3104","codeshared":null},"aircraft":null,"live":null},{"flight_date":"2025-11-07","flight_status":"landed","departure":{"airport":"General Manuel M\u00e1rquez De Le\u00f3n International Airport","timezone":"America\/Mazatlan","iata":"LAP","icao":"MMLP","terminal":null,"gate":null,"delay":45,"scheduled":"2025-11-07T19:35:00+00:00","estimated":"2025-11-07T19:35:00+00:00","actual":"2025-11-07T20:20:00+00:00","estimated_runway":"2025-11-07T20:20:00+00:00","actual_runway":"2025-11-07T20:20:00+00:00"},"arrival":{"airport":"General A. L. Rodriguez International","timezone":"America\/Tijuana","iata":"TIJ","icao":"MMTJ","terminal":null,"gate":null,"baggage":null,"scheduled":"2025-11-07T20:40:00+00:00","delay":17,"estimated":"2025-11-07T20:54:00+00:00","actual":"2025-11-07T20:57:00+00:00","estimated_runway":"2025-11-07T20:57:00+00:00","actual_runway":"2025-11-07T20:57:00+00:00"},"airline":{"name":"VivaAerobus","iata":"VB","icao":"VIV"},"flight":{"number":"7371","iata":"VB7371","icao":"VIV7371","codeshared":null},"aircraft":null,"live":null},{"flight_date":"2025-11-07","flight_status":"landed","departure":{"airport":"Internacional Benito Juarez","timezone":"America\/Mexico_City","iata":"MEX","icao":"MMMX","terminal":"1","gate":"12","delay":23,"scheduled":"2025-11-07T19:00:00+00:00","estimated":"2025-11-07T19:00:00+00:00","actual":"2025-11-07T19:23:00+00:00","estimated_runway":"2025-11-07T19:23:00+00:00","actual_runway":"2025-11-07T19:23:00+00:00"},"arrival":{"airport":"General A. L. Rodriguez International","timezone":"America\/Tijuana","iata":"TIJ","icao":"MMTJ","terminal":null,"gate":null,"baggage":null,"scheduled":"2025-11-07T20:45:00+00:00","delay":null,"estimated":"2025-11-07T20:39:00+00:00","actual":"2025-11-07T20:41:00+00:00","estimated_runway":"2025-11-07T20:41:00+00:00","actual_runway":"2025-11-07T20:41:00+00:00"},"airline":{"name":"Volaris","iata":"Y4","icao":"VOI"},"flight":{"number":"184","iata":"Y4184","icao":"VOI184","codeshared":null},"aircraft":null,"live":null},{"flight_date":"2025-11-07","flight_status":"landed","departure":{"airport":null,"timezone":null,"iata":"NLU","icao":"MMSM","terminal":null,"gate":null,"delay":25,"scheduled":"2025-11-07T19:40:00+00:00","estimated":"2025-11-07T19:40:00+00:00","actual":"2025-11-07T20:05:00+00:00","estimated_runway":"2025-11-07T20:05:00+00:00","actual_runway":"2025-11-07T20:05:00+00:00"},"arrival":{"airport":"General A. L. Rodriguez International","timezone":"America\/Tijuana","iata":"TIJ","icao":"MMTJ","terminal":"1","gate":null,"baggage":null,"scheduled":"2025-11-07T21:10:00+00:00","delay":10,"estimated":"2025-11-07T21:15:00+00:00","actual":"2025-11-07T21:20:00+00:00","estimated_runway":"2025-11-07T21:20:00+00:00","actual_runway":"2025-11-07T21:20:00+00:00"},"airline":{"name":"Mexicana","iata":"XN","icao":"MXA"},"flight":{"number":"1204","iata":"XN1204","icao":"MXA1204","codeshared":null},"aircraft":null,"live":null},{"flight_date":"2025-11-07","flight_status":"landed","departure":{"airport":"Fedl De Bachigualato","timezone":"America\/Mazatlan","iata":"CUL","icao":"MMCL","terminal":null,"gate":"1","delay":null,"scheduled":"2025-11-07T20:39:00+00:00","estimated":"2025-11-07T20:39:00+00:00","actual":"2025-11-07T20:38:00+00:00","estimated_runway":"2025-11-07T20:38:00+00:00","actual_runway":"2025-11-07T20:38:00+00:00"},"arrival":{"airport":"General A. L. Rodriguez International","timezone":"America\/Tijuana","iata":"TIJ","icao":"MMTJ","terminal":"1","gate":null,"baggage":null,"scheduled":"2025-11-07T21:50:00+00:00","delay":null,"estimated":"2025-11-07T21:24:00+00:00","actual":"2025-11-07T21:27:00+00:00","estimated_runway":"2025-11-07T21:27:00+00:00","actual_runway":"2025-11-07T21:27:00+00:00"},"airline":{"name":"Volaris","iata":"Y4","icao":"VOI"},"flight":{"number":"5923","iata":"Y45923","icao":"VOI5923","codeshared":null},"aircraft":null,"live":null},{"flight_date":"2025-11-07","flight_status":"landed","departure":{"airport":"Tepic","timezone":"America\/Mazatlan","iata":"TPQ","icao":"MMEP","terminal":null,"gate":"A1","delay":12,"scheduled":"2025-11-07T20:07:00+00:00","estimated":"2025-11-07T20:07:00+00:00","actual":"2025-11-07T20:19:00+00:00","estimated_runway":"2025-11-07T20:19:00+00:00","actual_runway":"2025-11-07T20:19:00+00:00"},"arrival":{"airport":"General A. L. Rodriguez International","timezone":"America\/Tijuana","iata":"TIJ","icao":"MMTJ","terminal":"1","gate":null,"baggage":null,"scheduled":"2025-11-07T21:53:00+00:00","delay":null,"estimated":"2025-11-07T21:44:00+00:00","actual":"2025-11-07T21:45:00+00:00","estimated_runway":"2025-11-07T21:45:00+00:00","actual_runway":"2025-11-07T21:45:00+00:00"},"airline":{"name":"Volaris","iata":"Y4","icao":"VOI"},"flight":{"number":"3241","iata":"Y43241","icao":"VOI3241","codeshared":null},"aircraft":null,"live":null},{"flight_date":"2025-11-07","flight_status":"landed","departure":{"airport":"Internacional Benito Juarez","timezone":"America\/Mexico_City","iata":"MEX","icao":"MMMX","terminal":"2","gate":"62","delay":19,"scheduled":"2025-11-07T19:50:00+00:00","estimated":"2025-11-07T19:50:00+00:00","actual":"2025-11-07T20:08:00+00:00","estimated_runway":"2025-11-07T20:08:00+00:00","actual_runway":"2025-11-07T20:08:00+00:00"},"arrival":{"airport":"General A. L. Rodriguez International","timezone":"America\/Tijuana","iata":"TIJ","icao":"MMTJ","terminal":"1","gate":"4","baggage":null,"scheduled":"2025-11-07T21:55:00+00:00","delay":null,"estimated":"2025-11-07T21:22:00+00:00","actual":"2025-11-07T21:23:00+00:00","estimated_runway":"2025-11-07T21:23:00+00:00","actual_runway":"2025-11-07T21:23:00+00:00"},"airline":{"name":"Gol","iata":"G3","icao":"GLO"},"flight":{"number":"3836","iata":"G33836","icao":"GLO3836","codeshared":{"airline_name":"aeromexico","airline_iata":"am","airline_icao":"amx","flight_number":"184","flight_iata":"am184","flight_icao":"amx184"}},"aircraft":null,"live":null},{"flight_date":"2025-11-07","flight_status":"landed","departure":{"airport":"Internacional Benito Juarez","timezone":"America\/Mexico_City","iata":"MEX","icao":"MMMX","terminal":"2","gate":"62","delay":19,"scheduled":"2025-11-07T19:50:00+00:00","estimated":"2025-11-07T19:50:00+00:00","actual":"2025-11-07T20:08:00+00:00","estimated_runway":"2025-11-07T20:08:00+00:00","actual_runway":"2025-11-07T20:08:00+00:00"},"arrival":{"airport":"General A. L. Rodriguez International","timezone":"America\/Tijuana","iata":"TIJ","icao":"MMTJ","terminal":"1","gate":"4","baggage":null,"scheduled":"2025-11-07T21:55:00+00:00","delay":null,"estimated":"2025-11-07T21:22:00+00:00","actual":"2025-11-07T21:23:00+00:00","estimated_runway":"2025-11-07T21:23:00+00:00","actual_runway":"2025-11-07T21:23:00+00:00"},"airline":{"name":"LATAM Airlines","iata":"LA","icao":"LAN"},"flight":{"number":"7730","iata":"LA7730","icao":"LAN7730","codeshared":{"airline_name":"aeromexico","airline_iata":"am","airline_icao":"amx","flight_number":"184","flight_iata":"am184","flight_icao":"amx184"}},"aircraft":null,"live":null},{"flight_date":"2025-11-07","flight_status":"landed","departure":{"airport":"Internacional Benito Juarez","timezone":"America\/Mexico_City","iata":"MEX","icao":"MMMX","terminal":"2","gate":"62","delay":19,"scheduled":"2025-11-07T19:50:00+00:00","estimated":"2025-11-07T19:50:00+00:00","actual":"2025-11-07T20:08:00+00:00","estimated_runway":"2025-11-07T20:08:00+00:00","actual_runway":"2025-11-07T20:08:00+00:00"},"arrival":{"airport":"General A. L. Rodriguez International","timezone":"America\/Tijuana","iata":"TIJ","icao":"MMTJ","terminal":"1","gate":"4","baggage":null,"scheduled":"2025-11-07T21:55:00+00:00","delay":null,"estimated":"2025-11-07T21:22:00+00:00","actual":"2025-11-07T21:23:00+00:00","estimated_runway":"2025-11-07T21:23:00+00:00","actual_runway":"2025-11-07T21:23:00+00:00"},"airline":{"name":"Air France","iata":"AF","icao":"AFR"},"flight":{"number":"8156","iata":"AF8156","icao":"AFR8156","codeshared":{"airline_name":"aeromexico","airline_iata":"am","airline_icao":"amx","flight_number":"184","flight_iata":"am184","flight_icao":"amx184"}},"aircraft":null,"live":null},{"flight_date":"2025-11-07","flight_status":"landed","departure":{"airport":"Internacional Benito Juarez","timezone":"America\/Mexico_City","iata":"MEX","icao":"MMMX","terminal":"2","gate":"62","delay":19,"scheduled":"2025-11-07T19:50:00+00:00","estimated":"2025-11-07T19:50:00+00:00","actual":"2025-11-07T20:08:00+00:00","estimated_runway":"2025-11-07T20:08:00+00:00","actual_runway":"2025-11-07T20:08:00+00:00"},"arrival":{"airport":"General A. L. Rodriguez International","timezone":"America\/Tijuana","iata":"TIJ","icao":"MMTJ","terminal":"1","gate":"4","baggage":null,"scheduled":"2025-11-07T21:55:00+00:00","delay":null,"estimated":"2025-11-07T21:22:00+00:00","actual":"2025-11-07T21:23:00+00:00","estimated_runway":"2025-11-07T21:23:00+00:00","actual_runway":"2025-11-07T21:23:00+00:00"},"airline":{"name":"LATAM Airlines","iata":"LA","icao":"LAN"},"flight":{"number":"7534","iata":"LA7534","icao":"LAN7534","codeshared":{"airline_name":"aeromexico","airline_iata":"am","airline_icao":"amx","flight_number":"184","flight_iata":"am184","flight_icao":"amx184"}},"aircraft":null,"live":null},{"flight_date":"2025-11-07","flight_status":"landed","departure":{"airport":"Internacional Benito Juarez","timezone":"America\/Mexico_City","iata":"MEX","icao":"MMMX","terminal":"2","gate":"62","delay":19,"scheduled":"2025-11-07T19:50:00+00:00","estimated":"2025-11-07T19:50:00+00:00","actual":"2025-11-07T20:08:00+00:00","estimated_runway":"2025-11-07T20:08:00+00:00","actual_runway":"2025-11-07T20:08:00+00:00"},"arrival":{"airport":"General A. L. Rodriguez International","timezone":"America\/Tijuana","iata":"TIJ","icao":"MMTJ","terminal":"1","gate":"4","baggage":null,"scheduled":"2025-11-07T21:55:00+00:00","delay":null,"estimated":"2025-11-07T21:22:00+00:00","actual":"2025-11-07T21:23:00+00:00","estimated_runway":"2025-11-07T21:23:00+00:00","actual_runway":"2025-11-07T21:23:00+00:00"},"airline":{"name":"Aeromexico","iata":"AM","icao":"AMX"},"flight":{"number":"184","iata":"AM184","icao":"AMX184","codeshared":null},"aircraft":null,"live":null},{"flight_date":"2025-11-07","flight_status":"landed","departure":{"airport":"Federal (Valle Del Fuerte)","timezone":"America\/Mazatlan","iata":"LMM","icao":"MMLM","terminal":null,"gate":"2","delay":40,"scheduled":"2025-11-07T21:00:00+00:00","estimated":"2025-11-07T21:00:00+00:00","actual":"2025-11-07T21:40:00+00:00","estimated_runway":"2025-11-07T21:40:00+00:00","actual_runway":"2025-11-07T21:40:00+00:00"},"arrival":{"airport":"General A. L. Rodriguez International","timezone":"America\/Tijuana","iata":"TIJ","icao":"MMTJ","terminal":"1","gate":null,"baggage":null,"scheduled":"2025-11-07T21:55:00+00:00","delay":19,"estimated":"2025-11-07T22:12:00+00:00","actual":"2025-11-07T22:14:00+00:00","estimated_runway":"2025-11-07T22:14:00+00:00","actual_runway":"2025-11-07T22:14:00+00:00"},"airline":{"name":"Volaris","iata":"Y4","icao":"VOI"},"flight":{"number":"3259","iata":"Y43259","icao":"VOI3259","codeshared":null},"aircraft":null,"live":null},{"flight_date":"2025-11-07","flight_status":"landed","departure":{"airport":"Ciudad Obregon","timezone":"America\/Hermosillo","iata":"CEN","icao":"MMCN","terminal":null,"gate":"3","delay":3,"scheduled":"2025-11-07T21:19:00+00:00","estimated":"2025-11-07T21:19:00+00:00","actual":"2025-11-07T21:21:00+00:00","estimated_runway":"2025-11-07T21:21:00+00:00","actual_runway":"2025-11-07T21:21:00+00:00"},"arrival":{"airport":"General A. L. Rodriguez International","timezone":"America\/Tijuana","iata":"TIJ","icao":"MMTJ","terminal":"1","gate":null,"baggage":null,"scheduled":"2025-11-07T21:57:00+00:00","delay":null,"estimated":"2025-11-07T21:38:00+00:00","actual":"2025-11-07T21:41:00+00:00","estimated_runway":"2025-11-07T21:41:00+00:00","actual_runway":"2025-11-07T21:41:00+00:00"},"airline":{"name":"Volaris","iata":"Y4","icao":"VOI"},"flight":{"number":"3317","iata":"Y43317","icao":"VOI3317","codeshared":null},"aircraft":null,"live":null},{"flight_date":"2025-11-07","flight_status":"landed","departure":{"airport":"Don Miguel Hidalgo y Costilla International","timezone":"America\/Mexico_City","iata":"GDL","icao":"MMGL","terminal":"1","gate":"B11","delay":25,"scheduled":"2025-11-07T20:57:00+00:00","estimated":"2025-11-07T20:57:00+00:00","actual":"2025-11-07T21:22:00+00:00","estimated_runway":"2025-11-07T21:22:00+00:00","actual_runway":"2025-11-07T21:22:00+00:00"},"arrival":{"airport":"General A. L. Rodriguez International","timezone":"America\/Tijuana","iata":"TIJ","icao":"MMTJ","terminal":"1","gate":null,"baggage":null,"scheduled":"2025-11-07T21:59:00+00:00","delay":null,"estimated":"2025-11-07T21:54:00+00:00","actual":"2025-11-07T21:56:00+00:00","estimated_runway":"2025-11-07T21:56:00+00:00","actual_runway":"2025-11-07T21:56:00+00:00"},"airline":{"name":"Volaris","iata":"Y4","icao":"VOI"},"flight":{"number":"1016","iata":"Y41016","icao":"VOI1016","codeshared":null},"aircraft":null,"live":null},{"flight_date":"2025-11-07","flight_status":"scheduled","departure":{"airport":"San Luis Potosi","timezone":"America\/Mexico_City","iata":"SLP","icao":"MMSP","terminal":null,"gate":"2","delay":66,"scheduled":"2025-11-07T21:27:00+00:00","estimated":"2025-11-07T21:27:00+00:00","actual":"2025-11-07T22:32:00+00:00","estimated_runway":"2025-11-07T22:32:00+00:00","actual_runway":"2025-11-07T22:32:00+00:00"},"arrival":{"airport":"General A. L. Rodriguez International","timezone":"America\/Tijuana","iata":"TIJ","icao":"MMTJ","terminal":null,"gate":null,"baggage":null,"scheduled":"2025-11-07T22:32:00+00:00","delay":49,"estimated":"2025-11-07T23:21:00+00:00","actual":null,"estimated_runway":null,"actual_runway":null},"airline":{"name":"Volaris","iata":"Y4","icao":"VOI"},"flight":{"number":"3377","iata":"Y43377","icao":"VOI3377","codeshared":null},"aircraft":null,"live":null},{"flight_date":"2025-11-07","flight_status":"landed","departure":{"airport":"Abraham Gonzalez International","timezone":"America\/Ojinaga","iata":"CJS","icao":"MMCS","terminal":null,"gate":"7","delay":8,"scheduled":"2025-11-07T22:34:00+00:00","estimated":"2025-11-07T22:34:00+00:00","actual":"2025-11-07T22:41:00+00:00","estimated_runway":"2025-11-07T22:41:00+00:00","actual_runway":"2025-11-07T22:41:00+00:00"},"arrival":{"airport":"General A. L. Rodriguez International","timezone":"America\/Tijuana","iata":"TIJ","icao":"MMTJ","terminal":null,"gate":null,"baggage":null,"scheduled":"2025-11-07T22:33:00+00:00","delay":null,"estimated":"2025-11-07T22:19:00+00:00","actual":"2025-11-07T22:17:00+00:00","estimated_runway":"2025-11-07T22:17:00+00:00","actual_runway":"2025-11-07T22:17:00+00:00"},"airline":{"name":"Volaris","iata":"Y4","icao":"VOI"},"flight":{"number":"3283","iata":"Y43283","icao":"VOI3283","codeshared":null},"aircraft":null,"live":null},{"flight_date":"2025-11-07","flight_status":"landed","departure":{"airport":"Internacional Benito Juarez","timezone":"America\/Mexico_City","iata":"MEX","icao":"MMMX","terminal":"1","gate":"23","delay":25,"scheduled":"2025-11-07T21:05:00+00:00","estimated":"2025-11-07T21:05:00+00:00","actual":"2025-11-07T21:30:00+00:00","estimated_runway":"2025-11-07T21:30:00+00:00","actual_runway":"2025-11-07T21:30:00+00:00"},"arrival":{"airport":"General A. L. Rodriguez International","timezone":"America\/Tijuana","iata":"TIJ","icao":"MMTJ","terminal":null,"gate":null,"baggage":null,"scheduled":"2025-11-07T22:40:00+00:00","delay":null,"estimated":"2025-11-07T22:37:00+00:00","actual":"2025-11-07T22:38:00+00:00","estimated_runway":"2025-11-07T22:38:00+00:00","actual_runway":"2025-11-07T22:38:00+00:00"},"airline":{"name":"Iberia","iata":"IB","icao":"IBE"},"flight":{"number":"7501","iata":"IB7501","icao":"IBE7501","codeshared":{"airline_name":"vivaaerobus","airline_iata":"vb","airline_icao":"viv","flight_number":"1250","flight_iata":"vb1250","flight_icao":"viv1250"}},"aircraft":null,"live":null},{"flight_date":"2025-11-07","flight_status":"landed","departure":{"airport":"Internacional Benito Juarez","timezone":"America\/Mexico_City","iata":"MEX","icao":"MMMX","terminal":"1","gate":"23","delay":25,"scheduled":"2025-11-07T21:05:00+00:00","estimated":"2025-11-07T21:05:00+00:00","actual":"2025-11-07T21:30:00+00:00","estimated_runway":"2025-11-07T21:30:00+00:00","actual_runway":"2025-11-07T21:30:00+00:00"},"arrival":{"airport":"General A. L. Rodriguez International","timezone":"America\/Tijuana","iata":"TIJ","icao":"MMTJ","terminal":null,"gate":null,"baggage":null,"scheduled":"2025-11-07T22:40:00+00:00","delay":null,"estimated":"2025-11-07T22:37:00+00:00","actual":"2025-11-07T22:38:00+00:00","estimated_runway":"2025-11-07T22:38:00+00:00","actual_runway":"2025-11-07T22:38:00+00:00"},"airline":{"name":"VivaAerobus","iata":"VB","icao":"VIV"},"flight":{"number":"1250","iata":"VB1250","icao":"VIV1250","codeshared":null},"aircraft":null,"live":null},{"flight_date":"2025-11-07","flight_status":"scheduled","departure":{"airport":"Fedl De Bachigualato","timezone":"America\/Mazatlan","iata":"CUL","icao":"MMCL","terminal":null,"gate":null,"delay":26,"scheduled":"2025-11-07T21:45:00+00:00","estimated":"2025-11-07T21:45:00+00:00","actual":"2025-11-07T22:11:00+00:00","estimated_runway":"2025-11-07T22:11:00+00:00","actual_runway":"2025-11-07T22:11:00+00:00"},"arrival":{"airport":"General A. L. Rodriguez International","timezone":"America\/Tijuana","iata":"TIJ","icao":"MMTJ","terminal":null,"gate":null,"baggage":null,"scheduled":"2025-11-07T22:55:00+00:00","delay":84,"estimated":"2025-11-08T00:19:00+00:00","actual":null,"estimated_runway":null,"actual_runway":null},"airline":{"name":"VivaAerobus","iata":"VB","icao":"VIV"},"flight":{"number":"5009","iata":"VB5009","icao":"VIV5009","codeshared":null},"aircraft":null,"live":null},{"flight_date":"2025-11-07","flight_status":"landed","departure":{"airport":"Gen Mariano Escobedo","timezone":"America\/Monterrey","iata":"MTY","icao":"MMMY","terminal":"A","gate":"3","delay":18,"scheduled":"2025-11-07T21:56:00+00:00","estimated":"2025-11-07T21:56:00+00:00","actual":"2025-11-07T22:14:00+00:00","estimated_runway":"2025-11-07T22:14:00+00:00","actual_runway":"2025-11-07T22:14:00+00:00"},"arrival":{"airport":"General A. L. Rodriguez International","timezone":"America\/Tijuana","iata":"TIJ","icao":"MMTJ","terminal":null,"gate":null,"baggage":null,"scheduled":"2025-11-07T22:58:00+00:00","delay":null,"estimated":"2025-11-07T22:48:00+00:00","actual":"2025-11-07T22:50:00+00:00","estimated_runway":"2025-11-07T22:50:00+00:00","actual_runway":"2025-11-07T22:50:00+00:00"},"airline":{"name":"Volaris","iata":"Y4","icao":"VOI"},"flight":{"number":"5610","iata":"Y45610","icao":"VOI5610","codeshared":null},"aircraft":null,"live":null}]}