{"pagination":{"limit":100,"offset":0,"count":10,"total":10},"data":[{"flight_date":"2025-11-08","flight_status":"active","departure":{"airport":"Gen Mariano Escobedo","timezone":"America\/Monterrey","iata":"MTY","icao":"MMMY","terminal":"A","gate":null,"delay":null,"scheduled":"2025-11-08T06:30:00+00:00","estimated":"2025-11-08T06:30:00+00:00","actual":null,"estimated_runway":null,"actual_runway":null},"arrival":{"airport":"General A. L. Rodriguez International","timezone":"America\/Tijuana","iata":"TIJ","icao":"MMTJ","terminal":null,"gate":null,"baggage":null,"scheduled":"2025-11-08T07:30:00+00:00","delay":null,"estimated":null,"actual":null,"estimated_runway":null,"actual_runway":null},"airline":{"name":"VivaAerobus","iata":"VB","icao":"VIV"},"flight":{"number":"4080","iata":"VB4080","icao":"VIV4080","codeshared":null},"aircraft":null,"live":null},{"flight_date":"2025-11-08","flight_status":"scheduled","departure":{"airport":"Don Miguel Hidalgo y Costilla International","timezone":"America\/Mexico_City","iata":"GDL","icao":"MMGL","terminal":"1","gate":"D43","delay":96,"scheduled":"2025-11-08T05:27:00+00:00","estimated":"2025-11-08T05:27:00+00:00","actual":"2025-11-08T07:03:00+00:00","estimated_runway":"2025-11-08T07:03:00+00:00","actual_runway":"2025-11-08T07:03:00+00:00"},"arrival":{"airport":"General A. L. Rodriguez International","timezone":"America\/Tijuana","iata":"TIJ","icao":"MMTJ","terminal":null,"gate":null,"baggage":null,"scheduled":"2025-11-08T06:29:00+00:00","delay":80,"estimated":"2025-11-08T07:49:00+00:00","actual":null,"estimated_runway":null,"actual_runway":null},"airline":{"name":"Volaris","iata":"Y4","icao":"VOI"},"flight":{"number":"1002","iata":"Y41002","icao":"VOI1002","codeshared":null},"aircraft":null,"live":null},{"flight_date":"2025-11-08","flight_status":"scheduled","departure":{"airport":"Internacional Benito Juarez","timezone":"America\/Mexico_City","iata":"MEX","icao":"MMMX","terminal":"1","gate":"F1","delay":117,"scheduled":"2025-11-08T05:15:00+00:00","estimated":"2025-11-08T05:15:00+00:00","actual":"2025-11-08T07:12:00+00:00","estimated_runway":"2025-11-08T07:12:00+00:00","actual_runway":"2025-11-08T07:12:00+00:00"},"arrival":{"airport":"General A. L. Rodriguez International","timezone":"America\/Tijuana","iata":"TIJ","icao":"MMTJ","terminal":null,"gate":null,"baggage":null,"scheduled":"2025-11-08T06:30:00+00:00","delay":109,"estimated":"2025-11-08T08:19:00+00:00","actual":null,"estimated_runway":null,"actual_runway":null},"airline":{"name":"Hainan Airlines","iata":"HU","icao":"CHH"},"flight":{"number":"7926","iata":"HU7926","icao":"CHH7926","codeshared":null},"aircraft":null,"live":null},{"flight_date":"2025-11-08","flight_status":"diverted","departure":{"airport":"Internacional Benito Juarez","timezone":"America\/Mexico_City","iata":"MEX","icao":"MMMX","terminal":"1","gate":"12","delay":6,"scheduled":"2025-11-08T05:00:00+00:00","estimated":"2025-11-08T05:00:00+00:00","actual":"2025-11-08T05:05:00+00:00","estimated_runway":"2025-11-08T05:05:00+00:00","actual_runway":"2025-11-08T05:05:00+00:00"},"arrival":{"airport":"General A. L. Rodriguez International","timezone":"America\/Tijuana","iata":"TIJ","icao":"MMTJ","terminal":null,"gate":null,"baggage":null,"scheduled":"2025-11-08T06:35:00+00:00","delay":32,"estimated":"2025-11-08T07:07:00+00:00","actual":null,"estimated_runway":null,"actual_runway":null},"airline":{"name":"Iberia","iata":"IB","icao":"IBE"},"flight":{"number":"7499","iata":"IB7499","icao":"IBE7499","codeshared":{"airline_name":"vivaaerobus","airline_iata":"vb","airline_icao":"viv","flight_number":"1232","flight_iata":"vb1232","flight_icao":"viv1232"}},"aircraft":null,"live":null},{"flight_date":"2025-11-08","flight_status":"diverted","departure":{"airport":"Internacional Benito Juarez","timezone":"America\/Mexico_City","iata":"MEX","icao":"MMMX","terminal":"1","gate":"12","delay":6,"scheduled":"2025-11-08T05:00:00+00:00","estimated":"2025-11-08T05:00:00+00:00","actual":"2025-11-08T05:05:00+00:00","estimated_runway":"2025-11-08T05:05:00+00:00","actual_runway":"2025-11-08T05:05:00+00:00"},"arrival":{"airport":"General A. L. Rodriguez International","timezone":"America\/Tijuana","iata":"TIJ","icao":"MMTJ","terminal":null,"gate":null,"baggage":null,"scheduled":"2025-11-08T06:35:00+00:00","delay":32,"estimated":"2025-11-08T07:07:00+00:00","actual":null,"estimated_runway":null,"actual_runway":null},"airline":{"name":"VivaAerobus","iata":"VB","icao":"VIV"},"flight":{"number":"1232","iata":"VB1232","icao":"VIV1232","codeshared":null},"aircraft":null,"live":null},{"flight_date":"2025-11-08","flight_status":"scheduled","departure":{"airport":"Gen Rafael Buelna","timezone":"America\/Mazatlan","iata":"MZT","icao":"MMMZ","terminal":null,"gate":null,"delay":null,"scheduled":"2025-11-08T23:00:00+00:00","estimated":"2025-11-08T23:00:00+00:00","actual":null,"estimated_runway":null,"actual_runway":null},"arrival":{"airport":"General A. L. Rodriguez International","timezone":"America\/Tijuana","iata":"TIJ","icao":"MMTJ","terminal":null,"gate":null,"baggage":null,"scheduled":"2025-11-09T00:30:00+00:00","delay":null,"estimated":null,"actual":null,"estimated_runway":null,"actual_runway":null},"airline":{"name":"VivaAerobus","iata":"VB","icao":"VIV"},"flight":{"number":"5043","iata":"VB5043","icao":"VIV5043","codeshared":null},"aircraft":null,"live":null},{"flight_date":"2025-11-08","flight_status":"active","departure":{"airport":"Licenciado Gustavo D\u00edaz Ordaz International","timezone":"America\/Mexico_City","iata":"PVR","icao":"MMPR","terminal":null,"gate":null,"delay":10,"scheduled":"2025-11-08T16:30:00+00:00","estimated":"2025-11-08T16:30:00+00:00","actual":null,"estimated_runway":null,"actual_runway":null},"arrival":{"airport":"General A. L. Rodriguez International","timezone":"America\/Tijuana","iata":"TIJ","icao":"MMTJ","terminal":null,"gate":null,"baggage":null,"scheduled":"2025-11-08T17:20:00+00:00","delay":null,"estimated":null,"actual":null,"estimated_runway":null,"actual_runway":null},"airline":{"name":"VivaAerobus","iata":"VB","icao":"VIV"},"flight":{"number":"5085","iata":"VB5085","icao":"VIV5085","codeshared":null},"aircraft":null,"live":null},{"flight_date":"2025-11-08","flight_status":"active","departure":{"airport":"Licenciado Gustavo D\u00edaz Ordaz International","timezone":"America\/Mexico_City","iata":"PVR","icao":"MMPR","terminal":null,"gate":"1","delay":42,"scheduled":"2025-11-08T16:36:00+00:00","estimated":"2025-11-08T16:36:00+00:00","actual":null,"estimated_runway":null,"actual_runway":null},"arrival":{"airport":"General A. L. Rodriguez International","timezone":"America\/Tijuana","iata":"TIJ","icao":"MMTJ","terminal":null,"gate":null,"baggage":null,"scheduled":"2025-11-08T17:26:00+00:00","delay":null,"estimated":null,"actual":null,"estimated_runway":null,"actual_runway":null},"airline":{"name":"Volaris","iata":"Y4","icao":"VOI"},"flight":{"number":"3123","iata":"Y43123","icao":"VOI3123","codeshared":null},"aircraft":null,"live":null},{"flight_date":"2025-11-08","flight_status":"scheduled","departure":{"airport":"Federal (Valle Del Fuerte)","timezone":"America\/Mazatlan","iata":"LMM","icao":"MMLM","terminal":null,"gate":"3","delay":88,"scheduled":"2025-11-08T21:00:00+00:00","estimated":"2025-11-08T21:00:00+00:00","actual":null,"estimated_runway":null,"actual_runway":null},"arrival":{"airport":"General A. L. Rodriguez International","timezone":"America\/Tijuana","iata":"TIJ","icao":"MMTJ","terminal":null,"gate":null,"baggage":null,"scheduled":"2025-11-08T21:55:00+00:00","delay":null,"estimated":null,"actual":null,"estimated_runway":null,"actual_runway":null},"airline":{"name":"Volaris","iata":"Y4","icao":"VOI"},"flight":{"number":"3259","iata":"Y43259","icao":"VOI3259","codeshared":null},"aircraft":null,"live":null},{"flight_date":"2025-11-08","flight_status":"active","departure":{"airport":"Federal (Valle Del Fuerte)","timezone":"America\/Mazatlan","iata":"LMM","icao":"MMLM","terminal":null,"gate":"3","delay":10,"scheduled":"2025-11-08T15:02:00+00:00","estimated":"2025-11-08T15:02:00+00:00","actual":null,"estimated_runway":null,"actual_runway":null},"arrival":{"airport":"General A. L. Rodriguez International","timezone":"America\/Tijuana","iata":"TIJ","icao":"MMTJ","terminal":null,"gate":null,"baggage":null,"scheduled":"2025-11-08T15:57:00+00:00","delay":null,"estimated":null,"actual":null,"estimated_runway":null,"actual_runway":null},"airline":{"name":"Volaris","iata":"Y4","icao":"VOI"},"flight":{"number":"3257","iata":"Y43257","icao":"VOI3257","codeshared":null},"aircraft":null,"live":null}]}