{"pagination":{"limit":100,"offset":0,"count":51,"total":51},"data":[{"flight_date":"2025-11-02","flight_status":"active","departure":{"airport":"Gen Rafael Buelna","timezone":"America\/Mazatlan","iata":"MZT","icao":"MMMZ","terminal":null,"gate":"8","delay":26,"scheduled":"2025-11-02T09:56:00+00:00","estimated":"2025-11-02T09:56:00+00:00","actual":"2025-11-02T10:22:00+00:00","estimated_runway":"2025-11-02T10:22:00+00:00","actual_runway":"2025-11-02T10:22:00+00:00"},"arrival":{"airport":"General A. L. Rodriguez International","timezone":"America\/Tijuana","iata":"TIJ","icao":"MMTJ","terminal":null,"gate":null,"baggage":null,"scheduled":"2025-11-02T11:24:00+00:00","delay":null,"estimated":"2025-11-02T11:22:00+00:00","actual":null,"estimated_runway":null,"actual_runway":null},"airline":{"name":"Volaris","iata":"Y4","icao":"VOI"},"flight":{"number":"3193","iata":"Y43193","icao":"VOI3193","codeshared":null},"aircraft":null,"live":null},{"flight_date":"2025-11-02","flight_status":"landed","departure":{"airport":"Tepic","timezone":"America\/Mazatlan","iata":"TPQ","icao":"MMEP","terminal":null,"gate":"A1","delay":99,"scheduled":"2025-11-02T10:29:00+00:00","estimated":"2025-11-02T10:29:00+00:00","actual":"2025-11-02T12:07:00+00:00","estimated_runway":"2025-11-02T12:07:00+00:00","actual_runway":"2025-11-02T12:07:00+00:00"},"arrival":{"airport":"General A. L. Rodriguez International","timezone":"America\/Tijuana","iata":"TIJ","icao":"MMTJ","terminal":null,"gate":null,"baggage":null,"scheduled":"2025-11-02T12:15:00+00:00","delay":69,"estimated":"2025-11-02T13:24:00+00:00","actual":null,"estimated_runway":null,"actual_runway":null},"airline":{"name":"Volaris","iata":"Y4","icao":"VOI"},"flight":{"number":"3243","iata":"Y43243","icao":"VOI3243","codeshared":null},"aircraft":{"registration":"XA-VLT","iata":"A321","icao":"A321","icao24":"0D09BE"},"live":null},{"flight_date":"2025-11-02","flight_status":"scheduled","departure":{"airport":"Federal (Valle Del Fuerte)","timezone":"America\/Mazatlan","iata":"LMM","icao":"MMLM","terminal":null,"gate":"3","delay":84,"scheduled":"2025-11-02T11:39:00+00:00","estimated":"2025-11-02T11:39:00+00:00","actual":"2025-11-02T13:03:00+00:00","estimated_runway":"2025-11-02T13:03:00+00:00","actual_runway":"2025-11-02T13:03:00+00:00"},"arrival":{"airport":"General A. L. Rodriguez International","timezone":"America\/Tijuana","iata":"TIJ","icao":"MMTJ","terminal":null,"gate":null,"baggage":null,"scheduled":"2025-11-02T12:34:00+00:00","delay":56,"estimated":"2025-11-02T13:30:00+00:00","actual":null,"estimated_runway":null,"actual_runway":null},"airline":{"name":"Volaris","iata":"Y4","icao":"VOI"},"flight":{"number":"3261","iata":"Y43261","icao":"VOI3261","codeshared":null},"aircraft":{"registration":"XA-VVA","iata":"A320","icao":"A320","icao24":"0D0FFD"},"live":{"updated":"2025-11-05T20:35:35+00:00","latitude":32.5287,"longitude":-116.917,"altitude":274.32,"direction":295,"speed_horizontal":251.872,"speed_vertical":0,"is_ground":false}},{"flight_date":"2025-11-02","flight_status":"scheduled","departure":{"airport":"Colima","timezone":"America\/Mexico_City","iata":"CLQ","icao":"MMIA","terminal":null,"gate":"DOS","delay":115,"scheduled":"2025-11-02T11:31:00+00:00","estimated":"2025-11-02T11:31:00+00:00","actual":"2025-11-02T13:26:00+00:00","estimated_runway":"2025-11-02T13:26:00+00:00","actual_runway":"2025-11-02T13:26:00+00:00"},"arrival":{"airport":"General A. L. Rodriguez International","timezone":"America\/Tijuana","iata":"TIJ","icao":"MMTJ","terminal":null,"gate":null,"baggage":null,"scheduled":"2025-11-02T12:35:00+00:00","delay":83,"estimated":"2025-11-02T13:58:00+00:00","actual":null,"estimated_runway":null,"actual_runway":null},"airline":{"name":"Volaris","iata":"Y4","icao":"VOI"},"flight":{"number":"3263","iata":"Y43263","icao":"VOI3263","codeshared":null},"aircraft":null,"live":null},{"flight_date":"2025-11-02","flight_status":"landed","departure":{"airport":"Internacional Benito Juarez","timezone":"America\/Mexico_City","iata":"MEX","icao":"MMMX","terminal":"2","gate":"73","delay":15,"scheduled":"2025-11-02T10:50:00+00:00","estimated":"2025-11-02T10:50:00+00:00","actual":"2025-11-02T11:05:00+00:00","estimated_runway":"2025-11-02T11:05:00+00:00","actual_runway":"2025-11-02T11:05:00+00:00"},"arrival":{"airport":"General A. L. Rodriguez International","timezone":"America\/Tijuana","iata":"TIJ","icao":"MMTJ","terminal":null,"gate":null,"baggage":null,"scheduled":"2025-11-02T12:46:00+00:00","delay":null,"estimated":"2025-11-02T12:08:00+00:00","actual":"2025-11-02T12:08:00+00:00","estimated_runway":"2025-11-02T12:08:00+00:00","actual_runway":"2025-11-02T12:08:00+00:00"},"airline":{"name":"Aeromexico","iata":"AM","icao":"AMX"},"flight":{"number":"172","iata":"AM172","icao":"AMX172","codeshared":null},"aircraft":null,"live":null},{"flight_date":"2025-11-02","flight_status":"landed","departure":{"airport":"San Antonio International","timezone":"America\/Chicago","iata":"SAT","icao":"KSAT","terminal":null,"gate":null,"delay":null,"scheduled":"2025-11-02T12:50:00+00:00","estimated":"2025-11-02T12:50:00+00:00","actual":"2025-11-02T12:24:00+00:00","estimated_runway":"2025-11-02T12:24:00+00:00","actual_runway":"2025-11-02T12:24:00+00:00"},"arrival":{"airport":"General A. L. Rodriguez International","timezone":"America\/Tijuana","iata":"TIJ","icao":"MMTJ","terminal":null,"gate":null,"baggage":null,"scheduled":"2025-11-02T13:12:00+00:00","delay":null,"estimated":"2025-11-02T12:57:00+00:00","actual":"2025-11-02T12:52:00+00:00","estimated_runway":"2025-11-02T12:52:00+00:00","actual_runway":"2025-11-02T12:52:00+00:00"},"airline":{"name":"Private owner","iata":null,"icao":null},"flight":{"number":"2129","iata":null,"icao":null,"codeshared":null},"aircraft":null,"live":null},{"flight_date":"2025-11-02","flight_status":"landed","departure":{"airport":"Don Miguel Hidalgo y Costilla International","timezone":"America\/Mexico_City","iata":"GDL","icao":"MMGL","terminal":"1","gate":null,"delay":43,"scheduled":"2025-11-02T12:25:00+00:00","estimated":"2025-11-02T12:25:00+00:00","actual":"2025-11-02T13:08:00+00:00","estimated_runway":"2025-11-02T13:08:00+00:00","actual_runway":"2025-11-02T13:08:00+00:00"},"arrival":{"airport":"General A. L. Rodriguez International","timezone":"America\/Tijuana","iata":"TIJ","icao":"MMTJ","terminal":null,"gate":null,"baggage":null,"scheduled":"2025-11-02T13:25:00+00:00","delay":13,"estimated":"2025-11-02T13:39:00+00:00","actual":"2025-11-02T13:38:00+00:00","estimated_runway":"2025-11-02T13:38:00+00:00","actual_runway":"2025-11-02T13:38:00+00:00"},"airline":{"name":"VivaAerobus","iata":"VB","icao":"VIV"},"flight":{"number":"3110","iata":"VB3110","icao":"VIV3110","codeshared":null},"aircraft":null,"live":null},{"flight_date":"2025-11-02","flight_status":"landed","departure":{"airport":"Loreto","timezone":"America\/Mazatlan","iata":"LTO","icao":"MMLT","terminal":null,"gate":"2","delay":10,"scheduled":"2025-11-02T12:57:00+00:00","estimated":"2025-11-02T12:57:00+00:00","actual":"2025-11-02T13:06:00+00:00","estimated_runway":"2025-11-02T13:06:00+00:00","actual_runway":"2025-11-02T13:06:00+00:00"},"arrival":{"airport":"General A. L. Rodriguez International","timezone":"America\/Tijuana","iata":"TIJ","icao":"MMTJ","terminal":null,"gate":null,"baggage":null,"scheduled":"2025-11-02T13:38:00+00:00","delay":null,"estimated":"2025-11-02T13:26:00+00:00","actual":"2025-11-02T13:24:00+00:00","estimated_runway":"2025-11-02T13:24:00+00:00","actual_runway":"2025-11-02T13:24:00+00:00"},"airline":{"name":"Volaris","iata":"Y4","icao":"VOI"},"flight":{"number":"3389","iata":"Y43389","icao":"VOI3389","codeshared":null},"aircraft":null,"live":null},{"flight_date":"2025-11-02","flight_status":null,"departure":{"airport":"General Manuel M\u00e1rquez De Le\u00f3n International Airport","timezone":"America\/Mazatlan","iata":"LAP","icao":"MMLP","terminal":null,"gate":"3","delay":167,"scheduled":"2025-11-02T12:40:00+00:00","estimated":"2025-11-02T12:40:00+00:00","actual":null,"estimated_runway":null,"actual_runway":null},"arrival":{"airport":"General A. L. Rodriguez International","timezone":"America\/Tijuana","iata":"TIJ","icao":"MMTJ","terminal":null,"gate":null,"baggage":null,"scheduled":"2025-11-02T13:39:00+00:00","delay":null,"estimated":null,"actual":null,"estimated_runway":null,"actual_runway":null},"airline":{"name":"Volaris","iata":"Y4","icao":"VOI"},"flight":{"number":"3233","iata":"Y43233","icao":"VOI3233","codeshared":null},"aircraft":null,"live":null},{"flight_date":"2025-11-02","flight_status":"landed","departure":{"airport":"Gen Pesqueira Garcia","timezone":"America\/Hermosillo","iata":"HMO","icao":"MMHO","terminal":null,"gate":"4","delay":11,"scheduled":"2025-11-02T13:21:00+00:00","estimated":"2025-11-02T13:21:00+00:00","actual":"2025-11-02T13:31:00+00:00","estimated_runway":"2025-11-02T13:31:00+00:00","actual_runway":"2025-11-02T13:31:00+00:00"},"arrival":{"airport":"General A. L. Rodriguez International","timezone":"America\/Tijuana","iata":"TIJ","icao":"MMTJ","terminal":null,"gate":null,"baggage":null,"scheduled":"2025-11-02T13:47:00+00:00","delay":null,"estimated":"2025-11-02T13:34:00+00:00","actual":"2025-11-02T13:35:00+00:00","estimated_runway":"2025-11-02T13:35:00+00:00","actual_runway":"2025-11-02T13:35:00+00:00"},"airline":{"name":"Volaris","iata":"Y4","icao":"VOI"},"flight":{"number":"3183","iata":"Y43183","icao":"VOI3183","codeshared":null},"aircraft":null,"live":null},{"flight_date":"2025-11-02","flight_status":"landed","departure":{"airport":"Gen Rafael Buelna","timezone":"America\/Mazatlan","iata":"MZT","icao":"MMMZ","terminal":null,"gate":"8","delay":18,"scheduled":"2025-11-02T13:51:00+00:00","estimated":"2025-11-02T13:51:00+00:00","actual":"2025-11-02T14:08:00+00:00","estimated_runway":"2025-11-02T14:08:00+00:00","actual_runway":"2025-11-02T14:08:00+00:00"},"arrival":{"airport":"General A. L. Rodriguez International","timezone":"America\/Tijuana","iata":"TIJ","icao":"MMTJ","terminal":"2","gate":null,"baggage":null,"scheduled":"2025-11-02T15:19:00+00:00","delay":null,"estimated":"2025-11-02T15:09:00+00:00","actual":"2025-11-02T15:08:00+00:00","estimated_runway":"2025-11-02T15:08:00+00:00","actual_runway":"2025-11-02T15:08:00+00:00"},"airline":{"name":"Volaris","iata":"Y4","icao":"VOI"},"flight":{"number":"3197","iata":"Y43197","icao":"VOI3197","codeshared":null},"aircraft":null,"live":null},{"flight_date":"2025-11-02","flight_status":"landed","departure":{"airport":"General Juan N. Alvarez International","timezone":"America\/Mexico_City","iata":"ACA","icao":"MMAA","terminal":null,"gate":"2","delay":null,"scheduled":"2025-11-02T13:35:00+00:00","estimated":"2025-11-02T13:35:00+00:00","actual":"2025-11-02T13:33:00+00:00","estimated_runway":"2025-11-02T13:33:00+00:00","actual_runway":"2025-11-02T13:33:00+00:00"},"arrival":{"airport":"General A. L. Rodriguez International","timezone":"America\/Tijuana","iata":"TIJ","icao":"MMTJ","terminal":"2","gate":null,"baggage":null,"scheduled":"2025-11-02T15:20:00+00:00","delay":null,"estimated":"2025-11-02T14:47:00+00:00","actual":"2025-11-02T14:47:00+00:00","estimated_runway":"2025-11-02T14:47:00+00:00","actual_runway":"2025-11-02T14:47:00+00:00"},"airline":{"name":"Volaris","iata":"Y4","icao":"VOI"},"flight":{"number":"5851","iata":"Y45851","icao":"VOI5851","codeshared":null},"aircraft":null,"live":null},{"flight_date":"2025-11-02","flight_status":"landed","departure":{"airport":"Hermanos Serdan International","timezone":"America\/Mexico_City","iata":"PBC","icao":"MMPB","terminal":null,"gate":"3","delay":15,"scheduled":"2025-11-02T14:02:00+00:00","estimated":"2025-11-02T14:02:00+00:00","actual":"2025-11-02T14:17:00+00:00","estimated_runway":"2025-11-02T14:17:00+00:00","actual_runway":"2025-11-02T14:17:00+00:00"},"arrival":{"airport":"General A. L. Rodriguez International","timezone":"America\/Tijuana","iata":"TIJ","icao":"MMTJ","terminal":"2","gate":null,"baggage":null,"scheduled":"2025-11-02T15:44:00+00:00","delay":null,"estimated":"2025-11-02T15:25:00+00:00","actual":"2025-11-02T15:17:00+00:00","estimated_runway":"2025-11-02T15:17:00+00:00","actual_runway":"2025-11-02T15:17:00+00:00"},"airline":{"name":"Volaris","iata":"Y4","icao":"VOI"},"flight":{"number":"3221","iata":"Y43221","icao":"VOI3221","codeshared":null},"aircraft":null,"live":null},{"flight_date":"2025-11-02","flight_status":"landed","departure":{"airport":"Federal (Valle Del Fuerte)","timezone":"America\/Mazatlan","iata":"LMM","icao":"MMLM","terminal":null,"gate":"3","delay":13,"scheduled":"2025-11-02T15:02:00+00:00","estimated":"2025-11-02T15:02:00+00:00","actual":"2025-11-02T15:15:00+00:00","estimated_runway":"2025-11-02T15:15:00+00:00","actual_runway":"2025-11-02T15:15:00+00:00"},"arrival":{"airport":"General A. L. Rodriguez International","timezone":"America\/Tijuana","iata":"TIJ","icao":"MMTJ","terminal":"2","gate":null,"baggage":null,"scheduled":"2025-11-02T15:57:00+00:00","delay":null,"estimated":"2025-11-02T15:45:00+00:00","actual":"2025-11-02T15:43:00+00:00","estimated_runway":"2025-11-02T15:43:00+00:00","actual_runway":"2025-11-02T15:43:00+00:00"},"airline":{"name":"Volaris","iata":"Y4","icao":"VOI"},"flight":{"number":"3257","iata":"Y43257","icao":"VOI3257","codeshared":null},"aircraft":null,"live":null},{"flight_date":"2025-11-02","flight_status":"scheduled","departure":{"airport":"Francisco J. M\u00fagica Internacional","timezone":"America\/Mexico_City","iata":"MLM","icao":"MMMM","terminal":null,"gate":null,"delay":218,"scheduled":"2025-11-02T14:50:00+00:00","estimated":"2025-11-02T14:50:00+00:00","actual":"2025-11-02T18:28:00+00:00","estimated_runway":"2025-11-02T18:28:00+00:00","actual_runway":"2025-11-02T18:28:00+00:00"},"arrival":{"airport":"General A. L. Rodriguez International","timezone":"America\/Tijuana","iata":"TIJ","icao":"MMTJ","terminal":null,"gate":null,"baggage":null,"scheduled":"2025-11-02T16:09:00+00:00","delay":178,"estimated":"2025-11-02T19:07:00+00:00","actual":null,"estimated_runway":null,"actual_runway":null},"airline":{"name":"Volaris","iata":"Y4","icao":"VOI"},"flight":{"number":"3065","iata":"Y43065","icao":"VOI3065","codeshared":null},"aircraft":null,"live":null},{"flight_date":"2025-11-02","flight_status":"landed","departure":{"airport":"Internacional Benito Juarez","timezone":"America\/Mexico_City","iata":"MEX","icao":"MMMX","terminal":"2","gate":"72","delay":36,"scheduled":"2025-11-02T14:20:00+00:00","estimated":"2025-11-02T14:20:00+00:00","actual":"2025-11-02T14:55:00+00:00","estimated_runway":"2025-11-02T14:55:00+00:00","actual_runway":"2025-11-02T14:55:00+00:00"},"arrival":{"airport":"General A. L. Rodriguez International","timezone":"America\/Tijuana","iata":"TIJ","icao":"MMTJ","terminal":null,"gate":null,"baggage":null,"scheduled":"2025-11-02T16:15:00+00:00","delay":null,"estimated":"2025-11-02T15:59:00+00:00","actual":"2025-11-02T15:57:00+00:00","estimated_runway":"2025-11-02T15:57:00+00:00","actual_runway":"2025-11-02T15:57:00+00:00"},"airline":{"name":"Aeromexico","iata":"AM","icao":"AMX"},"flight":{"number":"174","iata":"AM174","icao":"AMX174","codeshared":null},"aircraft":null,"live":null},{"flight_date":"2025-11-02","flight_status":"landed","departure":{"airport":"Beijing Capital International","timezone":"Asia\/Shanghai","iata":"PEK","icao":"ZBAA","terminal":"2","gate":"C09","delay":17,"scheduled":"2025-11-02T20:15:00+00:00","estimated":"2025-11-02T20:15:00+00:00","actual":"2025-11-02T20:31:00+00:00","estimated_runway":"2025-11-02T20:31:00+00:00","actual_runway":"2025-11-02T20:31:00+00:00"},"arrival":{"airport":"General A. L. Rodriguez International","timezone":"America\/Tijuana","iata":"TIJ","icao":"MMTJ","terminal":null,"gate":null,"baggage":"6","scheduled":"2025-11-02T16:20:00+00:00","delay":21,"estimated":"2025-11-02T16:41:00+00:00","actual":"2025-11-02T16:41:00+00:00","estimated_runway":"2025-11-02T16:41:00+00:00","actual_runway":"2025-11-02T16:41:00+00:00"},"airline":{"name":"Hainan Airlines","iata":"HU","icao":"CHH"},"flight":{"number":"7925","iata":"HU7925","icao":"CHH7925","codeshared":null},"aircraft":null,"live":null},{"flight_date":"2025-11-02","flight_status":"scheduled","departure":{"airport":"Fedl De Bachigualato","timezone":"America\/Mazatlan","iata":"CUL","icao":"MMCL","terminal":null,"gate":"1","delay":124,"scheduled":"2025-11-02T15:25:00+00:00","estimated":"2025-11-02T15:25:00+00:00","actual":"2025-11-02T17:28:00+00:00","estimated_runway":"2025-11-02T17:28:00+00:00","actual_runway":"2025-11-02T17:28:00+00:00"},"arrival":{"airport":"General A. L. Rodriguez International","timezone":"America\/Tijuana","iata":"TIJ","icao":"MMTJ","terminal":null,"gate":null,"baggage":null,"scheduled":"2025-11-02T16:36:00+00:00","delay":98,"estimated":"2025-11-02T18:14:00+00:00","actual":null,"estimated_runway":null,"actual_runway":null},"airline":{"name":"Volaris","iata":"Y4","icao":"VOI"},"flight":{"number":"3003","iata":"Y43003","icao":"VOI3003","codeshared":null},"aircraft":null,"live":null},{"flight_date":"2025-11-02","flight_status":"landed","departure":{"airport":"General Manuel M\u00e1rquez De Le\u00f3n International Airport","timezone":"America\/Mazatlan","iata":"LAP","icao":"MMLP","terminal":null,"gate":"5","delay":1,"scheduled":"2025-11-02T15:49:00+00:00","estimated":"2025-11-02T15:49:00+00:00","actual":"2025-11-02T15:50:00+00:00","estimated_runway":"2025-11-02T15:50:00+00:00","actual_runway":"2025-11-02T15:50:00+00:00"},"arrival":{"airport":"General A. L. Rodriguez International","timezone":"America\/Tijuana","iata":"TIJ","icao":"MMTJ","terminal":null,"gate":null,"baggage":null,"scheduled":"2025-11-02T16:48:00+00:00","delay":null,"estimated":"2025-11-02T16:31:00+00:00","actual":"2025-11-02T16:25:00+00:00","estimated_runway":"2025-11-02T16:25:00+00:00","actual_runway":"2025-11-02T16:25:00+00:00"},"airline":{"name":"Volaris","iata":"Y4","icao":"VOI"},"flight":{"number":"3237","iata":"Y43237","icao":"VOI3237","codeshared":null},"aircraft":null,"live":null},{"flight_date":"2025-11-02","flight_status":"landed","departure":{"airport":"Gen Pesqueira Garcia","timezone":"America\/Hermosillo","iata":"HMO","icao":"MMHO","terminal":null,"gate":null,"delay":null,"scheduled":"2025-11-02T19:30:00+00:00","estimated":"2025-11-02T19:30:00+00:00","actual":"2025-11-02T19:26:00+00:00","estimated_runway":"2025-11-02T19:26:00+00:00","actual_runway":"2025-11-02T19:26:00+00:00"},"arrival":{"airport":"General A. L. Rodriguez International","timezone":"America\/Tijuana","iata":"TIJ","icao":"MMTJ","terminal":"2","gate":null,"baggage":null,"scheduled":"2025-11-02T21:00:00+00:00","delay":null,"estimated":"2025-11-02T19:30:00+00:00","actual":"2025-11-02T19:27:00+00:00","estimated_runway":"2025-11-02T19:27:00+00:00","actual_runway":"2025-11-02T19:27:00+00:00"},"airline":{"name":"Estafeta Carga Aerea","iata":"E7","icao":"ESF"},"flight":{"number":"302","iata":"E7302","icao":"ESF302","codeshared":null},"aircraft":null,"live":null},{"flight_date":"2025-11-02","flight_status":"landed","departure":{"airport":"Tepic","timezone":"America\/Mazatlan","iata":"TPQ","icao":"MMEP","terminal":null,"gate":"A1","delay":1,"scheduled":"2025-11-02T20:07:00+00:00","estimated":"2025-11-02T20:07:00+00:00","actual":"2025-11-02T20:08:00+00:00","estimated_runway":"2025-11-02T20:08:00+00:00","actual_runway":"2025-11-02T20:08:00+00:00"},"arrival":{"airport":"General A. L. Rodriguez International","timezone":"America\/Tijuana","iata":"TIJ","icao":"MMTJ","terminal":"2","gate":null,"baggage":null,"scheduled":"2025-11-02T21:53:00+00:00","delay":null,"estimated":"2025-11-02T21:21:00+00:00","actual":"2025-11-02T21:22:00+00:00","estimated_runway":"2025-11-02T21:22:00+00:00","actual_runway":"2025-11-02T21:22:00+00:00"},"airline":{"name":"Volaris","iata":"Y4","icao":"VOI"},"flight":{"number":"3241","iata":"Y43241","icao":"VOI3241","codeshared":null},"aircraft":null,"live":null},{"flight_date":"2025-11-02","flight_status":"landed","departure":{"airport":"Internacional Benito Juarez","timezone":"America\/Mexico_City","iata":"MEX","icao":"MMMX","terminal":"2","gate":"R4","delay":33,"scheduled":"2025-11-02T19:50:00+00:00","estimated":"2025-11-02T19:50:00+00:00","actual":"2025-11-02T20:22:00+00:00","estimated_runway":"2025-11-02T20:22:00+00:00","actual_runway":"2025-11-02T20:22:00+00:00"},"arrival":{"airport":"General A. L. Rodriguez International","timezone":"America\/Tijuana","iata":"TIJ","icao":"MMTJ","terminal":"2","gate":"4","baggage":null,"scheduled":"2025-11-02T21:55:00+00:00","delay":null,"estimated":"2025-11-02T21:26:00+00:00","actual":"2025-11-02T21:27:00+00:00","estimated_runway":"2025-11-02T21:27:00+00:00","actual_runway":"2025-11-02T21:27:00+00:00"},"airline":{"name":"Air France","iata":"AF","icao":"AFR"},"flight":{"number":"8156","iata":"AF8156","icao":"AFR8156","codeshared":{"airline_name":"aeromexico","airline_iata":"am","airline_icao":"amx","flight_number":"184","flight_iata":"am184","flight_icao":"amx184"}},"aircraft":null,"live":null},{"flight_date":"2025-11-02","flight_status":"landed","departure":{"airport":"Internacional Benito Juarez","timezone":"America\/Mexico_City","iata":"MEX","icao":"MMMX","terminal":"2","gate":"R4","delay":33,"scheduled":"2025-11-02T19:50:00+00:00","estimated":"2025-11-02T19:50:00+00:00","actual":"2025-11-02T20:22:00+00:00","estimated_runway":"2025-11-02T20:22:00+00:00","actual_runway":"2025-11-02T20:22:00+00:00"},"arrival":{"airport":"General A. L. Rodriguez International","timezone":"America\/Tijuana","iata":"TIJ","icao":"MMTJ","terminal":"2","gate":"4","baggage":null,"scheduled":"2025-11-02T21:55:00+00:00","delay":null,"estimated":"2025-11-02T21:26:00+00:00","actual":"2025-11-02T21:27:00+00:00","estimated_runway":"2025-11-02T21:27:00+00:00","actual_runway":"2025-11-02T21:27:00+00:00"},"airline":{"name":"Gol","iata":"G3","icao":"GLO"},"flight":{"number":"3836","iata":"G33836","icao":"GLO3836","codeshared":{"airline_name":"aeromexico","airline_iata":"am","airline_icao":"amx","flight_number":"184","flight_iata":"am184","flight_icao":"amx184"}},"aircraft":null,"live":null},{"flight_date":"2025-11-02","flight_status":"landed","departure":{"airport":"Internacional Benito Juarez","timezone":"America\/Mexico_City","iata":"MEX","icao":"MMMX","terminal":"2","gate":"R4","delay":33,"scheduled":"2025-11-02T19:50:00+00:00","estimated":"2025-11-02T19:50:00+00:00","actual":"2025-11-02T20:22:00+00:00","estimated_runway":"2025-11-02T20:22:00+00:00","actual_runway":"2025-11-02T20:22:00+00:00"},"arrival":{"airport":"General A. L. Rodriguez International","timezone":"America\/Tijuana","iata":"TIJ","icao":"MMTJ","terminal":"2","gate":"4","baggage":null,"scheduled":"2025-11-02T21:55:00+00:00","delay":null,"estimated":"2025-11-02T21:26:00+00:00","actual":"2025-11-02T21:27:00+00:00","estimated_runway":"2025-11-02T21:27:00+00:00","actual_runway":"2025-11-02T21:27:00+00:00"},"airline":{"name":"LATAM Airlines","iata":"LA","icao":"LAN"},"flight":{"number":"7730","iata":"LA7730","icao":"LAN7730","codeshared":{"airline_name":"aeromexico","airline_iata":"am","airline_icao":"amx","flight_number":"184","flight_iata":"am184","flight_icao":"amx184"}},"aircraft":null,"live":null},{"flight_date":"2025-11-02","flight_status":"landed","departure":{"airport":"Internacional Benito Juarez","timezone":"America\/Mexico_City","iata":"MEX","icao":"MMMX","terminal":"2","gate":"R4","delay":33,"scheduled":"2025-11-02T19:50:00+00:00","estimated":"2025-11-02T19:50:00+00:00","actual":"2025-11-02T20:22:00+00:00","estimated_runway":"2025-11-02T20:22:00+00:00","actual_runway":"2025-11-02T20:22:00+00:00"},"arrival":{"airport":"General A. L. Rodriguez International","timezone":"America\/Tijuana","iata":"TIJ","icao":"MMTJ","terminal":"2","gate":"4","baggage":null,"scheduled":"2025-11-02T21:55:00+00:00","delay":null,"estimated":"2025-11-02T21:26:00+00:00","actual":"2025-11-02T21:27:00+00:00","estimated_runway":"2025-11-02T21:27:00+00:00","actual_runway":"2025-11-02T21:27:00+00:00"},"airline":{"name":"Aeromexico","iata":"AM","icao":"AMX"},"flight":{"number":"184","iata":"AM184","icao":"AMX184","codeshared":null},"aircraft":null,"live":null},{"flight_date":"2025-11-02","flight_status":"landed","departure":{"airport":"Federal (Valle Del Fuerte)","timezone":"America\/Mazatlan","iata":"LMM","icao":"MMLM","terminal":null,"gate":"3","delay":null,"scheduled":"2025-11-02T21:00:00+00:00","estimated":"2025-11-02T21:00:00+00:00","actual":"2025-11-02T20:59:00+00:00","estimated_runway":"2025-11-02T20:59:00+00:00","actual_runway":"2025-11-02T20:59:00+00:00"},"arrival":{"airport":"General A. L. Rodriguez International","timezone":"America\/Tijuana","iata":"TIJ","icao":"MMTJ","terminal":"2","gate":null,"baggage":null,"scheduled":"2025-11-02T21:55:00+00:00","delay":null,"estimated":"2025-11-02T21:31:00+00:00","actual":"2025-11-02T21:30:00+00:00","estimated_runway":"2025-11-02T21:30:00+00:00","actual_runway":"2025-11-02T21:30:00+00:00"},"airline":{"name":"Volaris","iata":"Y4","icao":"VOI"},"flight":{"number":"3259","iata":"Y43259","icao":"VOI3259","codeshared":null},"aircraft":null,"live":null},{"flight_date":"2025-11-02","flight_status":"landed","departure":{"airport":"Ciudad Obregon","timezone":"America\/Hermosillo","iata":"CEN","icao":"MMCN","terminal":null,"gate":"3","delay":null,"scheduled":"2025-11-02T21:19:00+00:00","estimated":"2025-11-02T21:19:00+00:00","actual":"2025-11-02T21:13:00+00:00","estimated_runway":"2025-11-02T21:13:00+00:00","actual_runway":"2025-11-02T21:13:00+00:00"},"arrival":{"airport":"General A. L. Rodriguez International","timezone":"America\/Tijuana","iata":"TIJ","icao":"MMTJ","terminal":"2","gate":null,"baggage":null,"scheduled":"2025-11-02T21:57:00+00:00","delay":null,"estimated":"2025-11-02T21:38:00+00:00","actual":"2025-11-02T21:34:00+00:00","estimated_runway":"2025-11-02T21:34:00+00:00","actual_runway":"2025-11-02T21:34:00+00:00"},"airline":{"name":"Volaris","iata":"Y4","icao":"VOI"},"flight":{"number":"3317","iata":"Y43317","icao":"VOI3317","codeshared":null},"aircraft":null,"live":null},{"flight_date":"2025-11-02","flight_status":"scheduled","departure":{"airport":"Don Miguel Hidalgo y Costilla International","timezone":"America\/Mexico_City","iata":"GDL","icao":"MMGL","terminal":"1","gate":"A3","delay":133,"scheduled":"2025-11-02T20:57:00+00:00","estimated":"2025-11-02T20:57:00+00:00","actual":"2025-11-02T23:10:00+00:00","estimated_runway":"2025-11-02T23:10:00+00:00","actual_runway":"2025-11-02T23:10:00+00:00"},"arrival":{"airport":"General A. L. Rodriguez International","timezone":"America\/Tijuana","iata":"TIJ","icao":"MMTJ","terminal":"2","gate":null,"baggage":null,"scheduled":"2025-11-02T21:59:00+00:00","delay":103,"estimated":"2025-11-02T23:42:00+00:00","actual":null,"estimated_runway":null,"actual_runway":null},"airline":{"name":"Volaris","iata":"Y4","icao":"VOI"},"flight":{"number":"1016","iata":"Y41016","icao":"VOI1016","codeshared":null},"aircraft":null,"live":null},{"flight_date":"2025-11-02","flight_status":"landed","departure":{"airport":"San Luis Potosi","timezone":"America\/Mexico_City","iata":"SLP","icao":"MMSP","terminal":null,"gate":"2","delay":76,"scheduled":"2025-11-02T21:27:00+00:00","estimated":"2025-11-02T21:27:00+00:00","actual":"2025-11-02T22:43:00+00:00","estimated_runway":"2025-11-02T22:43:00+00:00","actual_runway":"2025-11-02T22:43:00+00:00"},"arrival":{"airport":"General A. L. Rodriguez International","timezone":"America\/Tijuana","iata":"TIJ","icao":"MMTJ","terminal":"2","gate":null,"baggage":null,"scheduled":"2025-11-02T22:32:00+00:00","delay":49,"estimated":"2025-11-02T23:18:00+00:00","actual":"2025-11-02T23:21:00+00:00","estimated_runway":"2025-11-02T23:21:00+00:00","actual_runway":"2025-11-02T23:21:00+00:00"},"airline":{"name":"Volaris","iata":"Y4","icao":"VOI"},"flight":{"number":"3379","iata":"Y43379","icao":"VOI3379","codeshared":null},"aircraft":null,"live":null},{"flight_date":"2025-11-02","flight_status":"landed","departure":{"airport":"Abraham Gonzalez International","timezone":"America\/Ojinaga","iata":"CJS","icao":"MMCS","terminal":null,"gate":"7","delay":null,"scheduled":"2025-11-02T22:34:00+00:00","estimated":"2025-11-02T22:34:00+00:00","actual":"2025-11-02T22:29:00+00:00","estimated_runway":"2025-11-02T22:29:00+00:00","actual_runway":"2025-11-02T22:29:00+00:00"},"arrival":{"airport":"General A. L. Rodriguez International","timezone":"America\/Tijuana","iata":"TIJ","icao":"MMTJ","terminal":"2","gate":null,"baggage":null,"scheduled":"2025-11-02T22:33:00+00:00","delay":null,"estimated":"2025-11-02T22:04:00+00:00","actual":"2025-11-02T22:07:00+00:00","estimated_runway":"2025-11-02T22:07:00+00:00","actual_runway":"2025-11-02T22:07:00+00:00"},"airline":{"name":"Volaris","iata":"Y4","icao":"VOI"},"flight":{"number":"3285","iata":"Y43285","icao":"VOI3285","codeshared":null},"aircraft":null,"live":null},{"flight_date":"2025-11-02","flight_status":"landed","departure":{"airport":"Colima","timezone":"America\/Mexico_City","iata":"CLQ","icao":"MMIA","terminal":null,"gate":"DOS","delay":null,"scheduled":"2025-11-02T21:30:00+00:00","estimated":"2025-11-02T21:30:00+00:00","actual":"2025-11-02T21:25:00+00:00","estimated_runway":"2025-11-02T21:25:00+00:00","actual_runway":"2025-11-02T21:25:00+00:00"},"arrival":{"airport":"General A. L. Rodriguez International","timezone":"America\/Tijuana","iata":"TIJ","icao":"MMTJ","terminal":"2","gate":null,"baggage":null,"scheduled":"2025-11-02T22:34:00+00:00","delay":null,"estimated":"2025-11-02T22:07:00+00:00","actual":"2025-11-02T22:10:00+00:00","estimated_runway":"2025-11-02T22:10:00+00:00","actual_runway":"2025-11-02T22:10:00+00:00"},"airline":{"name":"Volaris","iata":"Y4","icao":"VOI"},"flight":{"number":"5883","iata":"Y45883","icao":"VOI5883","codeshared":null},"aircraft":null,"live":null},{"flight_date":"2025-11-02","flight_status":"landed","departure":{"airport":"Internacional Benito Juarez","timezone":"America\/Mexico_City","iata":"MEX","icao":"MMMX","terminal":"1","gate":"19","delay":7,"scheduled":"2025-11-02T21:05:00+00:00","estimated":"2025-11-02T21:05:00+00:00","actual":"2025-11-02T21:11:00+00:00","estimated_runway":"2025-11-02T21:11:00+00:00","actual_runway":"2025-11-02T21:11:00+00:00"},"arrival":{"airport":"General A. L. Rodriguez International","timezone":"America\/Tijuana","iata":"TIJ","icao":"MMTJ","terminal":"2","gate":null,"baggage":null,"scheduled":"2025-11-02T22:40:00+00:00","delay":null,"estimated":"2025-11-02T22:21:00+00:00","actual":"2025-11-02T22:26:00+00:00","estimated_runway":"2025-11-02T22:26:00+00:00","actual_runway":"2025-11-02T22:26:00+00:00"},"airline":{"name":"Iberia","iata":"IB","icao":"IBE"},"flight":{"number":"7501","iata":"IB7501","icao":"IBE7501","codeshared":{"airline_name":"vivaaerobus","airline_iata":"vb","airline_icao":"viv","flight_number":"1250","flight_iata":"vb1250","flight_icao":"viv1250"}},"aircraft":null,"live":null},{"flight_date":"2025-11-02","flight_status":"landed","departure":{"airport":"Internacional Benito Juarez","timezone":"America\/Mexico_City","iata":"MEX","icao":"MMMX","terminal":"1","gate":"19","delay":7,"scheduled":"2025-11-02T21:05:00+00:00","estimated":"2025-11-02T21:05:00+00:00","actual":"2025-11-02T21:11:00+00:00","estimated_runway":"2025-11-02T21:11:00+00:00","actual_runway":"2025-11-02T21:11:00+00:00"},"arrival":{"airport":"General A. L. Rodriguez International","timezone":"America\/Tijuana","iata":"TIJ","icao":"MMTJ","terminal":"2","gate":null,"baggage":null,"scheduled":"2025-11-02T22:40:00+00:00","delay":null,"estimated":"2025-11-02T22:21:00+00:00","actual":"2025-11-02T22:26:00+00:00","estimated_runway":"2025-11-02T22:26:00+00:00","actual_runway":"2025-11-02T22:26:00+00:00"},"airline":{"name":"VivaAerobus","iata":"VB","icao":"VIV"},"flight":{"number":"1250","iata":"VB1250","icao":"VIV1250","codeshared":null},"aircraft":null,"live":null},{"flight_date":"2025-11-02","flight_status":"landed","departure":{"airport":"Fedl De Bachigualato","timezone":"America\/Mazatlan","iata":"CUL","icao":"MMCL","terminal":null,"gate":null,"delay":20,"scheduled":"2025-11-02T21:45:00+00:00","estimated":"2025-11-02T21:45:00+00:00","actual":"2025-11-02T22:04:00+00:00","estimated_runway":"2025-11-02T22:04:00+00:00","actual_runway":"2025-11-02T22:04:00+00:00"},"arrival":{"airport":"General A. L. Rodriguez International","timezone":"America\/Tijuana","iata":"TIJ","icao":"MMTJ","terminal":"2","gate":null,"baggage":null,"scheduled":"2025-11-02T22:55:00+00:00","delay":null,"estimated":"2025-11-02T22:52:00+00:00","actual":"2025-11-02T22:53:00+00:00","estimated_runway":"2025-11-02T22:53:00+00:00","actual_runway":"2025-11-02T22:53:00+00:00"},"airline":{"name":"VivaAerobus","iata":"VB","icao":"VIV"},"flight":{"number":"5009","iata":"VB5009","icao":"VIV5009","codeshared":null},"aircraft":null,"live":null},{"flight_date":"2025-11-02","flight_status":"landed","departure":{"airport":"Gen Mariano Escobedo","timezone":"America\/Monterrey","iata":"MTY","icao":"MMMY","terminal":"A","gate":"9","delay":66,"scheduled":"2025-11-02T21:56:00+00:00","estimated":"2025-11-02T21:56:00+00:00","actual":"2025-11-02T23:02:00+00:00","estimated_runway":"2025-11-02T23:02:00+00:00","actual_runway":"2025-11-02T23:02:00+00:00"},"arrival":{"airport":"General A. L. Rodriguez International","timezone":"America\/Tijuana","iata":"TIJ","icao":"MMTJ","terminal":"2","gate":null,"baggage":null,"scheduled":"2025-11-02T22:58:00+00:00","delay":30,"estimated":"2025-11-02T23:24:00+00:00","actual":"2025-11-02T23:28:00+00:00","estimated_runway":"2025-11-02T23:28:00+00:00","actual_runway":"2025-11-02T23:28:00+00:00"},"airline":{"name":"Volaris","iata":"Y4","icao":"VOI"},"flight":{"number":"5618","iata":"Y45618","icao":"VOI5618","codeshared":null},"aircraft":null,"live":null},{"flight_date":"2025-11-02","flight_status":"landed","departure":{"airport":null,"timezone":null,"iata":"NLU","icao":"MMSM","terminal":null,"gate":null,"delay":6,"scheduled":"2025-11-02T21:30:00+00:00","estimated":"2025-11-02T21:30:00+00:00","actual":"2025-11-02T21:36:00+00:00","estimated_runway":"2025-11-02T21:36:00+00:00","actual_runway":"2025-11-02T21:36:00+00:00"},"arrival":{"airport":"General A. L. Rodriguez International","timezone":"America\/Tijuana","iata":"TIJ","icao":"MMTJ","terminal":"2","gate":null,"baggage":null,"scheduled":"2025-11-02T23:00:00+00:00","delay":null,"estimated":"2025-11-02T22:35:00+00:00","actual":"2025-11-02T22:38:00+00:00","estimated_runway":"2025-11-02T22:38:00+00:00","actual_runway":"2025-11-02T22:38:00+00:00"},"airline":{"name":"VivaAerobus","iata":"VB","icao":"VIV"},"flight":{"number":"5067","iata":"VB5067","icao":"VIV5067","codeshared":null},"aircraft":null,"live":null},{"flight_date":"2025-11-02","flight_status":"landed","departure":{"airport":"Don Miguel Hidalgo y Costilla International","timezone":"America\/Mexico_City","iata":"GDL","icao":"MMGL","terminal":"1","gate":"A2","delay":7,"scheduled":"2025-11-02T22:00:00+00:00","estimated":"2025-11-02T22:00:00+00:00","actual":"2025-11-02T22:07:00+00:00","estimated_runway":"2025-11-02T22:07:00+00:00","actual_runway":"2025-11-02T22:07:00+00:00"},"arrival":{"airport":"General A. L. Rodriguez International","timezone":"America\/Tijuana","iata":"TIJ","icao":"MMTJ","terminal":"2","gate":null,"baggage":null,"scheduled":"2025-11-02T23:02:00+00:00","delay":null,"estimated":"2025-11-02T22:42:00+00:00","actual":"2025-11-02T22:43:00+00:00","estimated_runway":"2025-11-02T22:43:00+00:00","actual_runway":"2025-11-02T22:43:00+00:00"},"airline":{"name":"Volaris","iata":"Y4","icao":"VOI"},"flight":{"number":"5812","iata":"Y45812","icao":"VOI5812","codeshared":null},"aircraft":null,"live":null},{"flight_date":"2025-11-02","flight_status":"landed","departure":{"airport":"Don Miguel Hidalgo y Costilla International","timezone":"America\/Mexico_City","iata":"GDL","icao":"MMGL","terminal":"1","gate":null,"delay":25,"scheduled":"2025-11-02T22:00:00+00:00","estimated":"2025-11-02T22:00:00+00:00","actual":"2025-11-02T22:25:00+00:00","estimated_runway":"2025-11-02T22:25:00+00:00","actual_runway":"2025-11-02T22:25:00+00:00"},"arrival":{"airport":"General A. L. Rodriguez International","timezone":"America\/Tijuana","iata":"TIJ","icao":"MMTJ","terminal":"2","gate":null,"baggage":null,"scheduled":"2025-11-02T23:05:00+00:00","delay":null,"estimated":"2025-11-02T22:57:00+00:00","actual":"2025-11-02T22:57:00+00:00","estimated_runway":"2025-11-02T22:57:00+00:00","actual_runway":"2025-11-02T22:57:00+00:00"},"airline":{"name":"VivaAerobus","iata":"VB","icao":"VIV"},"flight":{"number":"3108","iata":"VB3108","icao":"VIV3108","codeshared":null},"aircraft":null,"live":null},{"flight_date":"2025-11-02","flight_status":"landed","departure":{"airport":"Las Bajadas","timezone":"America\/Mexico_City","iata":"VER","icao":"MMVR","terminal":null,"gate":"A1","delay":5,"scheduled":"2025-11-02T21:12:00+00:00","estimated":"2025-11-02T21:12:00+00:00","actual":"2025-11-02T21:16:00+00:00","estimated_runway":"2025-11-02T21:16:00+00:00","actual_runway":"2025-11-02T21:16:00+00:00"},"arrival":{"airport":"General A. L. Rodriguez International","timezone":"America\/Tijuana","iata":"TIJ","icao":"MMTJ","terminal":"2","gate":null,"baggage":null,"scheduled":"2025-11-02T23:05:00+00:00","delay":null,"estimated":"2025-11-02T22:33:00+00:00","actual":"2025-11-02T22:34:00+00:00","estimated_runway":"2025-11-02T22:34:00+00:00","actual_runway":"2025-11-02T22:34:00+00:00"},"airline":{"name":"Volaris","iata":"Y4","icao":"VOI"},"flight":{"number":"3383","iata":"Y43383","icao":"VOI3383","codeshared":null},"aircraft":null,"live":null},{"flight_date":"2025-11-02","flight_status":"landed","departure":{"airport":"Internacional Benito Juarez","timezone":"America\/Mexico_City","iata":"MEX","icao":"MMMX","terminal":"1","gate":"17","delay":30,"scheduled":"2025-11-02T21:45:00+00:00","estimated":"2025-11-02T21:45:00+00:00","actual":"2025-11-02T22:15:00+00:00","estimated_runway":"2025-11-02T22:15:00+00:00","actual_runway":"2025-11-02T22:15:00+00:00"},"arrival":{"airport":"General A. L. Rodriguez International","timezone":"America\/Tijuana","iata":"TIJ","icao":"MMTJ","terminal":"2","gate":null,"baggage":null,"scheduled":"2025-11-02T23:20:00+00:00","delay":5,"estimated":"2025-11-02T23:22:00+00:00","actual":"2025-11-02T23:25:00+00:00","estimated_runway":"2025-11-02T23:25:00+00:00","actual_runway":"2025-11-02T23:25:00+00:00"},"airline":{"name":"Iberia","iata":"IB","icao":"IBE"},"flight":{"number":"7500","iata":"IB7500","icao":"IBE7500","codeshared":{"airline_name":"vivaaerobus","airline_iata":"vb","airline_icao":"viv","flight_number":"1248","flight_iata":"vb1248","flight_icao":"viv1248"}},"aircraft":null,"live":null},{"flight_date":"2025-11-02","flight_status":"landed","departure":{"airport":"Internacional Benito Juarez","timezone":"America\/Mexico_City","iata":"MEX","icao":"MMMX","terminal":"1","gate":"17","delay":30,"scheduled":"2025-11-02T21:45:00+00:00","estimated":"2025-11-02T21:45:00+00:00","actual":"2025-11-02T22:15:00+00:00","estimated_runway":"2025-11-02T22:15:00+00:00","actual_runway":"2025-11-02T22:15:00+00:00"},"arrival":{"airport":"General A. L. Rodriguez International","timezone":"America\/Tijuana","iata":"TIJ","icao":"MMTJ","terminal":"2","gate":null,"baggage":null,"scheduled":"2025-11-02T23:20:00+00:00","delay":5,"estimated":"2025-11-02T23:22:00+00:00","actual":"2025-11-02T23:25:00+00:00","estimated_runway":"2025-11-02T23:25:00+00:00","actual_runway":"2025-11-02T23:25:00+00:00"},"airline":{"name":"VivaAerobus","iata":"VB","icao":"VIV"},"flight":{"number":"1248","iata":"VB1248","icao":"VIV1248","codeshared":null},"aircraft":null,"live":null},{"flight_date":"2025-11-02","flight_status":"landed","departure":{"airport":"Del Baj\u00edo International","timezone":"America\/Mexico_City","iata":"BJX","icao":"MMLO","terminal":null,"gate":"4","delay":null,"scheduled":"2025-11-02T22:28:00+00:00","estimated":"2025-11-02T22:28:00+00:00","actual":"2025-11-02T22:27:00+00:00","estimated_runway":"2025-11-02T22:27:00+00:00","actual_runway":"2025-11-02T22:27:00+00:00"},"arrival":{"airport":"General A. L. Rodriguez International","timezone":"America\/Tijuana","iata":"TIJ","icao":"MMTJ","terminal":"2","gate":null,"baggage":null,"scheduled":"2025-11-02T23:38:00+00:00","delay":null,"estimated":"2025-11-02T23:05:00+00:00","actual":"2025-11-02T23:10:00+00:00","estimated_runway":"2025-11-02T23:10:00+00:00","actual_runway":"2025-11-02T23:10:00+00:00"},"airline":{"name":"Volaris","iata":"Y4","icao":"VOI"},"flight":{"number":"3047","iata":"Y43047","icao":"VOI3047","codeshared":null},"aircraft":null,"live":null},{"flight_date":"2025-11-02","flight_status":"landed","departure":{"airport":"Del Baj\u00edo International","timezone":"America\/Mexico_City","iata":"BJX","icao":"MMLO","terminal":null,"gate":null,"delay":21,"scheduled":"2025-11-02T22:30:00+00:00","estimated":"2025-11-02T22:30:00+00:00","actual":"2025-11-02T22:51:00+00:00","estimated_runway":"2025-11-02T22:51:00+00:00","actual_runway":"2025-11-02T22:51:00+00:00"},"arrival":{"airport":"General A. L. Rodriguez International","timezone":"America\/Tijuana","iata":"TIJ","icao":"MMTJ","terminal":"2","gate":null,"baggage":null,"scheduled":"2025-11-02T23:40:00+00:00","delay":null,"estimated":"2025-11-02T23:31:00+00:00","actual":"2025-11-02T23:32:00+00:00","estimated_runway":"2025-11-02T23:32:00+00:00","actual_runway":"2025-11-02T23:32:00+00:00"},"airline":{"name":"VivaAerobus","iata":"VB","icao":"VIV"},"flight":{"number":"7362","iata":"VB7362","icao":"VIV7362","codeshared":null},"aircraft":null,"live":null},{"flight_date":"2025-11-02","flight_status":"landed","departure":{"airport":"Internacional Benito Juarez","timezone":"America\/Mexico_City","iata":"MEX","icao":"MMMX","terminal":"1","gate":"16","delay":37,"scheduled":"2025-11-02T22:00:00+00:00","estimated":"2025-11-02T22:00:00+00:00","actual":"2025-11-02T22:37:00+00:00","estimated_runway":"2025-11-02T22:37:00+00:00","actual_runway":"2025-11-02T22:37:00+00:00"},"arrival":{"airport":"General A. L. Rodriguez International","timezone":"America\/Tijuana","iata":"TIJ","icao":"MMTJ","terminal":"2","gate":null,"baggage":null,"scheduled":"2025-11-02T23:45:00+00:00","delay":3,"estimated":"2025-11-02T23:46:00+00:00","actual":"2025-11-02T23:48:00+00:00","estimated_runway":"2025-11-02T23:48:00+00:00","actual_runway":"2025-11-02T23:48:00+00:00"},"airline":{"name":"Volaris","iata":"Y4","icao":"VOI"},"flight":{"number":"5186","iata":"Y45186","icao":"VOI5186","codeshared":null},"aircraft":null,"live":null},{"flight_date":"2025-11-02","flight_status":"landed","departure":{"airport":"Hermanos Serdan International","timezone":"America\/Mexico_City","iata":"PBC","icao":"MMPB","terminal":null,"gate":null,"delay":11,"scheduled":"2025-11-02T22:20:00+00:00","estimated":"2025-11-02T22:20:00+00:00","actual":"2025-11-02T22:31:00+00:00","estimated_runway":"2025-11-02T22:31:00+00:00","actual_runway":"2025-11-02T22:31:00+00:00"},"arrival":{"airport":"General A. L. Rodriguez International","timezone":"America\/Tijuana","iata":"TIJ","icao":"MMTJ","terminal":"2","gate":null,"baggage":null,"scheduled":"2025-11-03T00:05:00+00:00","delay":null,"estimated":"2025-11-02T23:41:00+00:00","actual":"2025-11-02T23:41:00+00:00","estimated_runway":"2025-11-02T23:41:00+00:00","actual_runway":"2025-11-02T23:41:00+00:00"},"airline":{"name":"VivaAerobus","iata":"VB","icao":"VIV"},"flight":{"number":"5117","iata":"VB5117","icao":"VIV5117","codeshared":null},"aircraft":null,"live":null},{"flight_date":"2025-11-02","flight_status":null,"departure":{"airport":"Gen Rafael Buelna","timezone":"America\/Mazatlan","iata":"MZT","icao":"MMMZ","terminal":null,"gate":null,"delay":null,"scheduled":"2025-11-02T23:00:00+00:00","estimated":"2025-11-02T23:00:00+00:00","actual":null,"estimated_runway":null,"actual_runway":null},"arrival":{"airport":"General A. L. Rodriguez International","timezone":"America\/Tijuana","iata":"TIJ","icao":"MMTJ","terminal":"2","gate":null,"baggage":null,"scheduled":"2025-11-03T00:30:00+00:00","delay":null,"estimated":null,"actual":null,"estimated_runway":null,"actual_runway":null},"airline":{"name":"VivaAerobus","iata":"VB","icao":"VIV"},"flight":{"number":"5043","iata":"VB5043","icao":"VIV5043","codeshared":null},"aircraft":null,"live":null},{"flight_date":"2025-11-02","flight_status":"diverted","departure":{"airport":"Internacional Benito Juarez","timezone":"America\/Mexico_City","iata":"MEX","icao":"MMMX","terminal":"2","gate":"61","delay":26,"scheduled":"2025-11-02T22:45:00+00:00","estimated":"2025-11-02T22:45:00+00:00","actual":"2025-11-02T23:11:00+00:00","estimated_runway":"2025-11-02T23:11:00+00:00","actual_runway":"2025-11-02T23:11:00+00:00"},"arrival":{"airport":"General A. L. Rodriguez International","timezone":"America\/Tijuana","iata":"TIJ","icao":"MMTJ","terminal":"2","gate":null,"baggage":null,"scheduled":"2025-11-03T00:35:00+00:00","delay":null,"estimated":"2025-11-03T00:28:00+00:00","actual":null,"estimated_runway":null,"actual_runway":null},"airline":{"name":"KLM","iata":"KL","icao":"KLM"},"flight":{"number":"8942","iata":"KL8942","icao":"KLM8942","codeshared":{"airline_name":"aeromexico","airline_iata":"am","airline_icao":"amx","flight_number":"192","flight_iata":"am192","flight_icao":"amx192"}},"aircraft":null,"live":null},{"flight_date":"2025-11-02","flight_status":"diverted","departure":{"airport":"Internacional Benito Juarez","timezone":"America\/Mexico_City","iata":"MEX","icao":"MMMX","terminal":"2","gate":"61","delay":26,"scheduled":"2025-11-02T22:45:00+00:00","estimated":"2025-11-02T22:45:00+00:00","actual":"2025-11-02T23:11:00+00:00","estimated_runway":"2025-11-02T23:11:00+00:00","actual_runway":"2025-11-02T23:11:00+00:00"},"arrival":{"airport":"General A. L. Rodriguez International","timezone":"America\/Tijuana","iata":"TIJ","icao":"MMTJ","terminal":"2","gate":null,"baggage":null,"scheduled":"2025-11-03T00:35:00+00:00","delay":null,"estimated":"2025-11-03T00:28:00+00:00","actual":null,"estimated_runway":null,"actual_runway":null},"airline":{"name":"WestJet","iata":"WS","icao":"WJA"},"flight":{"number":"5776","iata":"WS5776","icao":"WJA5776","codeshared":{"airline_name":"aeromexico","airline_iata":"am","airline_icao":"amx","flight_number":"192","flight_iata":"am192","flight_icao":"amx192"}},"aircraft":null,"live":null},{"flight_date":"2025-11-02","flight_status":"diverted","departure":{"airport":"Internacional Benito Juarez","timezone":"America\/Mexico_City","iata":"MEX","icao":"MMMX","terminal":"2","gate":"61","delay":26,"scheduled":"2025-11-02T22:45:00+00:00","estimated":"2025-11-02T22:45:00+00:00","actual":"2025-11-02T23:11:00+00:00","estimated_runway":"2025-11-02T23:11:00+00:00","actual_runway":"2025-11-02T23:11:00+00:00"},"arrival":{"airport":"General A. L. Rodriguez International","timezone":"America\/Tijuana","iata":"TIJ","icao":"MMTJ","terminal":"2","gate":null,"baggage":null,"scheduled":"2025-11-03T00:35:00+00:00","delay":null,"estimated":"2025-11-03T00:28:00+00:00","actual":null,"estimated_runway":null,"actual_runway":null},"airline":{"name":"WestJet","iata":"WS","icao":"WJA"},"flight":{"number":"5780","iata":"WS5780","icao":"WJA5780","codeshared":{"airline_name":"aeromexico","airline_iata":"am","airline_icao":"amx","flight_number":"192","flight_iata":"am192","flight_icao":"amx192"}},"aircraft":null,"live":null},{"flight_date":"2025-11-02","flight_status":"diverted","departure":{"airport":"Internacional Benito Juarez","timezone":"America\/Mexico_City","iata":"MEX","icao":"MMMX","terminal":"2","gate":"61","delay":26,"scheduled":"2025-11-02T22:45:00+00:00","estimated":"2025-11-02T22:45:00+00:00","actual":"2025-11-02T23:11:00+00:00","estimated_runway":"2025-11-02T23:11:00+00:00","actual_runway":"2025-11-02T23:11:00+00:00"},"arrival":{"airport":"General A. L. Rodriguez International","timezone":"America\/Tijuana","iata":"TIJ","icao":"MMTJ","terminal":"2","gate":null,"baggage":null,"scheduled":"2025-11-03T00:35:00+00:00","delay":null,"estimated":"2025-11-03T00:28:00+00:00","actual":null,"estimated_runway":null,"actual_runway":null},"airline":{"name":"Aeromexico","iata":"AM","icao":"AMX"},"flight":{"number":"192","iata":"AM192","icao":"AMX192","codeshared":null},"aircraft":null,"live":null},{"flight_date":"2025-11-02","flight_status":"diverted","departure":{"airport":null,"timezone":null,"iata":"NLU","icao":"MMSM","terminal":null,"gate":"109B","delay":26,"scheduled":"2025-11-02T23:19:00+00:00","estimated":"2025-11-02T23:19:00+00:00","actual":"2025-11-02T23:44:00+00:00","estimated_runway":"2025-11-02T23:44:00+00:00","actual_runway":"2025-11-02T23:44:00+00:00"},"arrival":{"airport":"General A. L. Rodriguez International","timezone":"America\/Tijuana","iata":"TIJ","icao":"MMTJ","terminal":"2","gate":null,"baggage":null,"scheduled":"2025-11-03T00:51:00+00:00","delay":null,"estimated":"2025-11-03T00:35:00+00:00","actual":null,"estimated_runway":null,"actual_runway":null},"airline":{"name":"Volaris","iata":"Y4","icao":"VOI"},"flight":{"number":"3297","iata":"Y43297","icao":"VOI3297","codeshared":null},"aircraft":null,"live":null}]}