{
    "generated_at_utc": "2025-11-05T10:42:29+00:00",
    "source_paths": {
        "sabana": "/home/u695435470/domains/atiscsl.esy.es/public_html/mmtj_fog/public/data/SABANA_METAR_MMTJ_20200104_20251104_ISO.csv",
        "centinelas": "/home/u695435470/domains/atiscsl.esy.es/public_html/mmtj_fog/public/data/Centinelas_01ENE20-04NOV25_ISO_ICAO4.csv"
    },
    "mapping": {
        "sabana": {
            "time": "ts_utc",
            "metar": "metar",
            "delimiter": ","
        },
        "centinelas": {
            "time": "N/D",
            "icao": "icao",
            "temp_c": "ts_utc",
            "rh_pct": "N/D",
            "wind_kt": "N/D",
            "delimiter": ","
        }
    },
    "stats": {
        "sabana_total_rows": 50437,
        "sabana_valid_rows": 50435
    },
    "hourly": [
        {
            "n": 2027,
            "p_lifr": 0.0014800197335964479,
            "p_ifr": 0.03305377405032067,
            "p_mvfr": 0.17513566847557968,
            "p_vfr": 0.7903305377405032,
            "p_vis_lt200m": 0.000986679822397632,
            "p_vis_lt800m": 0.000986679822397632,
            "p_vis_lt1600m": 0.0014800197335964479,
            "p_ceil_lt250ft": 0.00986679822397632,
            "p_ceil_lt513ft": 0.03256043413912185
        },
        {
            "n": 1954,
            "p_lifr": 0,
            "p_ifr": 0.04247697031729785,
            "p_mvfr": 0.1970317297850563,
            "p_vfr": 0.7604912998976459,
            "p_vis_lt200m": 0,
            "p_vis_lt800m": 0,
            "p_vis_lt1600m": 0,
            "p_ceil_lt250ft": 0.009723643807574206,
            "p_ceil_lt513ft": 0.03428863868986694
        },
        {
            "n": 1918,
            "p_lifr": 0,
            "p_ifr": 0.04953076120959333,
            "p_mvfr": 0.2122002085505735,
            "p_vfr": 0.7382690302398331,
            "p_vis_lt200m": 0,
            "p_vis_lt800m": 0,
            "p_vis_lt1600m": 0,
            "p_ceil_lt250ft": 0.014598540145985401,
            "p_ceil_lt513ft": 0.0443169968717414
        },
        {
            "n": 1789,
            "p_lifr": 0.0005589714924538849,
            "p_ifr": 0.05198434879821129,
            "p_mvfr": 0.21688093907210731,
            "p_vfr": 0.7305757406372275,
            "p_vis_lt200m": 0.0005589714924538849,
            "p_vis_lt800m": 0.0005589714924538849,
            "p_vis_lt1600m": 0.0005589714924538849,
            "p_ceil_lt250ft": 0.011179429849077696,
            "p_ceil_lt513ft": 0.047512576858580215
        },
        {
            "n": 1938,
            "p_lifr": 0.0020639834881320948,
            "p_ifr": 0.054695562435500514,
            "p_mvfr": 0.239422084623323,
            "p_vfr": 0.7038183694530443,
            "p_vis_lt200m": 0.0020639834881320948,
            "p_vis_lt800m": 0.0020639834881320948,
            "p_vis_lt1600m": 0.0020639834881320948,
            "p_ceil_lt250ft": 0.00980392156862745,
            "p_ceil_lt513ft": 0.053147574819401446
        },
        {
            "n": 2032,
            "p_lifr": 0.0024606299212598425,
            "p_ifr": 0.08612204724409449,
            "p_mvfr": 0.25836614173228345,
            "p_vfr": 0.6530511811023622,
            "p_vis_lt200m": 0.0024606299212598425,
            "p_vis_lt800m": 0.0024606299212598425,
            "p_vis_lt1600m": 0.0024606299212598425,
            "p_ceil_lt250ft": 0.015748031496062992,
            "p_ceil_lt513ft": 0.07234251968503937
        },
        {
            "n": 2151,
            "p_lifr": 0.0018596001859600185,
            "p_ifr": 0.1087866108786611,
            "p_mvfr": 0.24779172477917247,
            "p_vfr": 0.6415620641562064,
            "p_vis_lt200m": 0.0009298000929800093,
            "p_vis_lt800m": 0.001394700139470014,
            "p_vis_lt1600m": 0.0018596001859600185,
            "p_ceil_lt250ft": 0.02882380288238029,
            "p_ceil_lt513ft": 0.07763830776383078
        },
        {
            "n": 2564,
            "p_lifr": 0.00078003120124805,
            "p_ifr": 0.10725429017160687,
            "p_mvfr": 0.2531201248049922,
            "p_vfr": 0.6388455538221529,
            "p_vis_lt200m": 0.00078003120124805,
            "p_vis_lt800m": 0.00078003120124805,
            "p_vis_lt1600m": 0.00078003120124805,
            "p_ceil_lt250ft": 0.023010920436817472,
            "p_ceil_lt513ft": 0.07605304212168487
        },
        {
            "n": 2385,
            "p_lifr": 0,
            "p_ifr": 0.0830188679245283,
            "p_mvfr": 0.26037735849056604,
            "p_vfr": 0.6566037735849056,
            "p_vis_lt200m": 0,
            "p_vis_lt800m": 0,
            "p_vis_lt1600m": 0,
            "p_ceil_lt250ft": 0.013417190775681341,
            "p_ceil_lt513ft": 0.050733752620545074
        },
        {
            "n": 2365,
            "p_lifr": 0,
            "p_ifr": 0.04904862579281184,
            "p_mvfr": 0.21902748414376322,
            "p_vfr": 0.731923890063425,
            "p_vis_lt200m": 0,
            "p_vis_lt800m": 0,
            "p_vis_lt1600m": 0,
            "p_ceil_lt250ft": 0.002536997885835095,
            "p_ceil_lt513ft": 0.021987315010570826
        },
        {
            "n": 2226,
            "p_lifr": 0,
            "p_ifr": 0.016172506738544475,
            "p_mvfr": 0.151392632524708,
            "p_vfr": 0.8324348607367476,
            "p_vis_lt200m": 0,
            "p_vis_lt800m": 0,
            "p_vis_lt1600m": 0,
            "p_ceil_lt250ft": 0,
            "p_ceil_lt513ft": 0.004043126684636119
        },
        {
            "n": 2143,
            "p_lifr": 0,
            "p_ifr": 0.008866075594960336,
            "p_mvfr": 0.08959402706486234,
            "p_vfr": 0.9015398973401774,
            "p_vis_lt200m": 0,
            "p_vis_lt800m": 0,
            "p_vis_lt1600m": 0,
            "p_ceil_lt250ft": 0,
            "p_ceil_lt513ft": 0.0004666355576294914
        },
        {
            "n": 2143,
            "p_lifr": 0,
            "p_ifr": 0.008399440037330844,
            "p_mvfr": 0.05459636024265049,
            "p_vfr": 0.9370041997200187,
            "p_vis_lt200m": 0,
            "p_vis_lt800m": 0,
            "p_vis_lt1600m": 0,
            "p_ceil_lt250ft": 0,
            "p_ceil_lt513ft": 0.0013999066728884741
        },
        {
            "n": 2125,
            "p_lifr": 0,
            "p_ifr": 0.011294117647058824,
            "p_mvfr": 0.038588235294117645,
            "p_vfr": 0.9501176470588235,
            "p_vis_lt200m": 0,
            "p_vis_lt800m": 0,
            "p_vis_lt1600m": 0,
            "p_ceil_lt250ft": 0,
            "p_ceil_lt513ft": 0.0018823529411764706
        },
        {
            "n": 2131,
            "p_lifr": 0,
            "p_ifr": 0.007508212106992022,
            "p_mvfr": 0.03660253402158611,
            "p_vfr": 0.9558892538714219,
            "p_vis_lt200m": 0,
            "p_vis_lt800m": 0,
            "p_vis_lt1600m": 0,
            "p_ceil_lt250ft": 0.0009385265133740028,
            "p_ceil_lt513ft": 0.00328484279680901
        },
        {
            "n": 2141,
            "p_lifr": 0,
            "p_ifr": 0.010742643624474545,
            "p_mvfr": 0.03456328818309201,
            "p_vfr": 0.9546940681924334,
            "p_vis_lt200m": 0,
            "p_vis_lt800m": 0,
            "p_vis_lt1600m": 0,
            "p_ceil_lt250ft": 0.00046707146193367583,
            "p_ceil_lt513ft": 0.0037365716954694066
        },
        {
            "n": 2148,
            "p_lifr": 0,
            "p_ifr": 0.010707635009310988,
            "p_mvfr": 0.03445065176908752,
            "p_vfr": 0.9548417132216015,
            "p_vis_lt200m": 0,
            "p_vis_lt800m": 0,
            "p_vis_lt1600m": 0,
            "p_ceil_lt250ft": 0,
            "p_ceil_lt513ft": 0.0023277467411545625
        },
        {
            "n": 2135,
            "p_lifr": 0,
            "p_ifr": 0.0117096018735363,
            "p_mvfr": 0.0351288056206089,
            "p_vfr": 0.9531615925058547,
            "p_vis_lt200m": 0,
            "p_vis_lt800m": 0,
            "p_vis_lt1600m": 0,
            "p_ceil_lt250ft": 0.001873536299765808,
            "p_ceil_lt513ft": 0.005620608899297424
        },
        {
            "n": 2125,
            "p_lifr": 0,
            "p_ifr": 0.008,
            "p_mvfr": 0.04847058823529412,
            "p_vfr": 0.9435294117647058,
            "p_vis_lt200m": 0,
            "p_vis_lt800m": 0,
            "p_vis_lt1600m": 0,
            "p_ceil_lt250ft": 0.001411764705882353,
            "p_ceil_lt513ft": 0.004705882352941176
        },
        {
            "n": 2008,
            "p_lifr": 0.00049800796812749,
            "p_ifr": 0.01195219123505976,
            "p_mvfr": 0.0647410358565737,
            "p_vfr": 0.922808764940239,
            "p_vis_lt200m": 0.00049800796812749,
            "p_vis_lt800m": 0.00049800796812749,
            "p_vis_lt1600m": 0.00049800796812749,
            "p_ceil_lt250ft": 0.00298804780876494,
            "p_ceil_lt513ft": 0.008964143426294821
        },
        {
            "n": 2048,
            "p_lifr": 0,
            "p_ifr": 0.017578125,
            "p_mvfr": 0.07861328125,
            "p_vfr": 0.90380859375,
            "p_vis_lt200m": 0,
            "p_vis_lt800m": 0,
            "p_vis_lt1600m": 0,
            "p_ceil_lt250ft": 0.001953125,
            "p_ceil_lt513ft": 0.01123046875
        },
        {
            "n": 1962,
            "p_lifr": 0.0010193679918450561,
            "p_ifr": 0.022935779816513763,
            "p_mvfr": 0.10091743119266056,
            "p_vfr": 0.8751274209989807,
            "p_vis_lt200m": 0.0010193679918450561,
            "p_vis_lt800m": 0.0010193679918450561,
            "p_vis_lt1600m": 0.0010193679918450561,
            "p_ceil_lt250ft": 0.004077471967380225,
            "p_ceil_lt513ft": 0.018858307849133536
        },
        {
            "n": 1989,
            "p_lifr": 0.0015082956259426848,
            "p_ifr": 0.027149321266968326,
            "p_mvfr": 0.1191553544494721,
            "p_vfr": 0.8521870286576169,
            "p_vis_lt200m": 0.001005530417295123,
            "p_vis_lt800m": 0.001005530417295123,
            "p_vis_lt1600m": 0.0015082956259426848,
            "p_ceil_lt250ft": 0.005027652086475616,
            "p_ceil_lt513ft": 0.02212166918049271
        },
        {
            "n": 1988,
            "p_lifr": 0.001006036217303823,
            "p_ifr": 0.03169014084507042,
            "p_mvfr": 0.14839034205231388,
            "p_vfr": 0.8189134808853119,
            "p_vis_lt200m": 0.001006036217303823,
            "p_vis_lt800m": 0.001006036217303823,
            "p_vis_lt1600m": 0.001006036217303823,
            "p_ceil_lt250ft": 0.008048289738430584,
            "p_ceil_lt513ft": 0.02665995975855131
        }
    ],
    "thresholds": {
        "dep_vis_m": 200,
        "arr_27_vis_m": 1600,
        "arr_27_ceiling_ft": 513,
        "arr_09_vis_m": 800,
        "arr_09_ceiling_ft": 250
    }
}