{
    "generated_at": "2025-11-13T06:00:05+00:00",
    "tz": "America/Tijuana",
    "points": [
        {
            "time": "2025-11-12T00:00",
            "prob": 0.75,
            "temp_C": 15.8,
            "rh_pct": 91,
            "wind_kn": 0.8
        },
        {
            "time": "2025-11-12T01:00",
            "prob": 0.75,
            "temp_C": 14.6,
            "rh_pct": 93,
            "wind_kn": 3
        },
        {
            "time": "2025-11-12T02:00",
            "prob": 0.75,
            "temp_C": 14.1,
            "rh_pct": 93,
            "wind_kn": 2.9
        },
        {
            "time": "2025-11-12T03:00",
            "prob": 0.62,
            "temp_C": 14,
            "rh_pct": 94,
            "wind_kn": 4.1
        },
        {
            "time": "2025-11-12T04:00",
            "prob": 0.62,
            "temp_C": 15.1,
            "rh_pct": 100,
            "wind_kn": 3.3
        },
        {
            "time": "2025-11-12T05:00",
            "prob": 0.75,
            "temp_C": 15.2,
            "rh_pct": 97,
            "wind_kn": 2
        },
        {
            "time": "2025-11-12T06:00",
            "prob": 0.75,
            "temp_C": 14.3,
            "rh_pct": 100,
            "wind_kn": 2.3
        },
        {
            "time": "2025-11-12T07:00",
            "prob": 0.62,
            "temp_C": 14.6,
            "rh_pct": 98,
            "wind_kn": 3.2
        },
        {
            "time": "2025-11-12T08:00",
            "prob": 0.93,
            "temp_C": 15,
            "rh_pct": 98,
            "wind_kn": 1.8
        },
        {
            "time": "2025-11-12T09:00",
            "prob": 0.93,
            "temp_C": 16.9,
            "rh_pct": 92,
            "wind_kn": 1.9
        },
        {
            "time": "2025-11-12T10:00",
            "prob": 0.51,
            "temp_C": 20.3,
            "rh_pct": 70,
            "wind_kn": 0.6
        },
        {
            "time": "2025-11-12T11:00",
            "prob": 0.38,
            "temp_C": 22.2,
            "rh_pct": 67,
            "wind_kn": 4.3
        },
        {
            "time": "2025-11-12T12:00",
            "prob": 0.26,
            "temp_C": 23.3,
            "rh_pct": 62,
            "wind_kn": 9.1
        },
        {
            "time": "2025-11-12T13:00",
            "prob": 0.26,
            "temp_C": 21.7,
            "rh_pct": 71,
            "wind_kn": 8
        },
        {
            "time": "2025-11-12T14:00",
            "prob": 0.38,
            "temp_C": 21.4,
            "rh_pct": 74,
            "wind_kn": 5.9
        },
        {
            "time": "2025-11-12T15:00",
            "prob": 0.26,
            "temp_C": 21,
            "rh_pct": 75,
            "wind_kn": 7.5
        },
        {
            "time": "2025-11-12T16:00",
            "prob": 0.26,
            "temp_C": 19.3,
            "rh_pct": 80,
            "wind_kn": 6.8
        },
        {
            "time": "2025-11-12T17:00",
            "prob": 0.38,
            "temp_C": 18.2,
            "rh_pct": 85,
            "wind_kn": 3.7
        },
        {
            "time": "2025-11-12T18:00",
            "prob": 0.2,
            "temp_C": 17.8,
            "rh_pct": 82,
            "wind_kn": 3.2
        },
        {
            "time": "2025-11-12T19:00",
            "prob": 0.58,
            "temp_C": 16.6,
            "rh_pct": 90,
            "wind_kn": 1.1
        },
        {
            "time": "2025-11-12T20:00",
            "prob": 0.75,
            "temp_C": 16.3,
            "rh_pct": 92,
            "wind_kn": 1.1
        },
        {
            "time": "2025-11-12T21:00",
            "prob": 0.62,
            "temp_C": 15.7,
            "rh_pct": 92,
            "wind_kn": 3.3
        },
        {
            "time": "2025-11-12T22:00",
            "prob": 0.45,
            "temp_C": 15.3,
            "rh_pct": 87,
            "wind_kn": 3.1
        },
        {
            "time": "2025-11-12T23:00",
            "prob": 0.33,
            "temp_C": 15.1,
            "rh_pct": 79,
            "wind_kn": 2.6
        },
        {
            "time": "2025-11-13T00:00",
            "prob": 0.2,
            "temp_C": 14.4,
            "rh_pct": 84,
            "wind_kn": 4.7
        },
        {
            "time": "2025-11-13T01:00",
            "prob": 0.2,
            "temp_C": 14.2,
            "rh_pct": 84,
            "wind_kn": 3.8
        },
        {
            "time": "2025-11-13T02:00",
            "prob": 0.33,
            "temp_C": 13.9,
            "rh_pct": 84,
            "wind_kn": 1.9
        },
        {
            "time": "2025-11-13T03:00",
            "prob": 0.58,
            "temp_C": 14.3,
            "rh_pct": 87,
            "wind_kn": 1.2
        },
        {
            "time": "2025-11-13T04:00",
            "prob": 0.58,
            "temp_C": 14.4,
            "rh_pct": 87,
            "wind_kn": 2.3
        },
        {
            "time": "2025-11-13T05:00",
            "prob": 0.33,
            "temp_C": 13.7,
            "rh_pct": 84,
            "wind_kn": 2.2
        },
        {
            "time": "2025-11-13T06:00",
            "prob": 0.33,
            "temp_C": 13.3,
            "rh_pct": 83,
            "wind_kn": 1.8
        },
        {
            "time": "2025-11-13T07:00",
            "prob": 0.58,
            "temp_C": 13.7,
            "rh_pct": 85,
            "wind_kn": 2.5
        },
        {
            "time": "2025-11-13T08:00",
            "prob": 0.76,
            "temp_C": 15.9,
            "rh_pct": 87,
            "wind_kn": 1.5
        },
        {
            "time": "2025-11-13T09:00",
            "prob": 0.76,
            "temp_C": 17.6,
            "rh_pct": 88,
            "wind_kn": 1.4
        },
        {
            "time": "2025-11-13T10:00",
            "prob": 0.51,
            "temp_C": 19.1,
            "rh_pct": 83,
            "wind_kn": 3
        },
        {
            "time": "2025-11-13T11:00",
            "prob": 0.38,
            "temp_C": 20.4,
            "rh_pct": 77,
            "wind_kn": 4.5
        },
        {
            "time": "2025-11-13T12:00",
            "prob": 0.26,
            "temp_C": 20.6,
            "rh_pct": 74,
            "wind_kn": 6.4
        },
        {
            "time": "2025-11-13T13:00",
            "prob": 0.26,
            "temp_C": 20.4,
            "rh_pct": 72,
            "wind_kn": 6.3
        },
        {
            "time": "2025-11-13T14:00",
            "prob": 0.38,
            "temp_C": 19.7,
            "rh_pct": 76,
            "wind_kn": 5.6
        },
        {
            "time": "2025-11-13T15:00",
            "prob": 0.26,
            "temp_C": 19.7,
            "rh_pct": 72,
            "wind_kn": 6.7
        },
        {
            "time": "2025-11-13T16:00",
            "prob": 0.38,
            "temp_C": 18.1,
            "rh_pct": 80,
            "wind_kn": 5.7
        },
        {
            "time": "2025-11-13T17:00",
            "prob": 0.63,
            "temp_C": 16.7,
            "rh_pct": 87,
            "wind_kn": 5.1
        },
        {
            "time": "2025-11-13T18:00",
            "prob": 0.62,
            "temp_C": 15.9,
            "rh_pct": 91,
            "wind_kn": 4.5
        },
        {
            "time": "2025-11-13T19:00",
            "prob": 0.75,
            "temp_C": 15.7,
            "rh_pct": 91,
            "wind_kn": 1.7
        },
        {
            "time": "2025-11-13T20:00",
            "prob": 0.75,
            "temp_C": 15.3,
            "rh_pct": 93,
            "wind_kn": 2.3
        },
        {
            "time": "2025-11-13T21:00",
            "prob": 0.75,
            "temp_C": 14.8,
            "rh_pct": 96,
            "wind_kn": 2.3
        },
        {
            "time": "2025-11-13T22:00",
            "prob": 0.75,
            "temp_C": 14.7,
            "rh_pct": 96,
            "wind_kn": 1.6
        },
        {
            "time": "2025-11-13T23:00",
            "prob": 0.62,
            "temp_C": 14.6,
            "rh_pct": 96,
            "wind_kn": 3.2
        },
        {
            "time": "2025-11-14T00:00",
            "prob": 0.75,
            "temp_C": 14.4,
            "rh_pct": 97,
            "wind_kn": 1.3
        },
        {
            "time": "2025-11-14T01:00",
            "prob": 0.62,
            "temp_C": 14.5,
            "rh_pct": 96,
            "wind_kn": 3.1
        },
        {
            "time": "2025-11-14T02:00",
            "prob": 0.75,
            "temp_C": 14.5,
            "rh_pct": 95,
            "wind_kn": 2.3
        },
        {
            "time": "2025-11-14T03:00",
            "prob": 0.62,
            "temp_C": 14.7,
            "rh_pct": 95,
            "wind_kn": 4
        },
        {
            "time": "2025-11-14T04:00",
            "prob": 0.75,
            "temp_C": 14.7,
            "rh_pct": 96,
            "wind_kn": 3
        },
        {
            "time": "2025-11-14T05:00",
            "prob": 0.62,
            "temp_C": 14.6,
            "rh_pct": 95,
            "wind_kn": 3.5
        },
        {
            "time": "2025-11-14T06:00",
            "prob": 0.45,
            "temp_C": 14.8,
            "rh_pct": 89,
            "wind_kn": 3.4
        },
        {
            "time": "2025-11-14T07:00",
            "prob": 0.2,
            "temp_C": 15,
            "rh_pct": 84,
            "wind_kn": 3.8
        },
        {
            "time": "2025-11-14T08:00",
            "prob": 0.51,
            "temp_C": 16.2,
            "rh_pct": 81,
            "wind_kn": 1.6
        },
        {
            "time": "2025-11-14T09:00",
            "prob": 0.51,
            "temp_C": 17,
            "rh_pct": 81,
            "wind_kn": 2.2
        },
        {
            "time": "2025-11-14T10:00",
            "prob": 0.38,
            "temp_C": 18.3,
            "rh_pct": 79,
            "wind_kn": 3.8
        },
        {
            "time": "2025-11-14T11:00",
            "prob": 0.38,
            "temp_C": 19.2,
            "rh_pct": 77,
            "wind_kn": 5
        },
        {
            "time": "2025-11-14T12:00",
            "prob": 0.38,
            "temp_C": 18.8,
            "rh_pct": 81,
            "wind_kn": 3.1
        },
        {
            "time": "2025-11-14T13:00",
            "prob": 0.51,
            "temp_C": 19.8,
            "rh_pct": 76,
            "wind_kn": 2.5
        },
        {
            "time": "2025-11-14T14:00",
            "prob": 0.51,
            "temp_C": 20.3,
            "rh_pct": 74,
            "wind_kn": 2
        },
        {
            "time": "2025-11-14T15:00",
            "prob": 0.51,
            "temp_C": 20.1,
            "rh_pct": 73,
            "wind_kn": 0.9
        },
        {
            "time": "2025-11-14T16:00",
            "prob": 0.38,
            "temp_C": 19.3,
            "rh_pct": 78,
            "wind_kn": 3.1
        },
        {
            "time": "2025-11-14T17:00",
            "prob": 0.51,
            "temp_C": 18.2,
            "rh_pct": 81,
            "wind_kn": 2.5
        },
        {
            "time": "2025-11-14T18:00",
            "prob": 0.33,
            "temp_C": 18.9,
            "rh_pct": 78,
            "wind_kn": 0.8
        },
        {
            "time": "2025-11-14T19:00",
            "prob": 0.33,
            "temp_C": 19.2,
            "rh_pct": 77,
            "wind_kn": 1.2
        },
        {
            "time": "2025-11-14T20:00",
            "prob": 0.33,
            "temp_C": 19.5,
            "rh_pct": 74,
            "wind_kn": 2.3
        },
        {
            "time": "2025-11-14T21:00",
            "prob": 0.2,
            "temp_C": 19.7,
            "rh_pct": 73,
            "wind_kn": 3.5
        },
        {
            "time": "2025-11-14T22:00",
            "prob": 0.2,
            "temp_C": 18.8,
            "rh_pct": 81,
            "wind_kn": 4.5
        },
        {
            "time": "2025-11-14T23:00",
            "prob": 0.45,
            "temp_C": 18.2,
            "rh_pct": 86,
            "wind_kn": 5.7
        },
        {
            "time": "2025-11-15T00:00",
            "prob": 0.33,
            "temp_C": 17.9,
            "rh_pct": 89,
            "wind_kn": 6.2
        },
        {
            "time": "2025-11-15T01:00",
            "prob": 0.45,
            "temp_C": 18.1,
            "rh_pct": 88,
            "wind_kn": 3.8
        },
        {
            "time": "2025-11-15T02:00",
            "prob": 0.2,
            "temp_C": 18.7,
            "rh_pct": 82,
            "wind_kn": 4.6
        },
        {
            "time": "2025-11-15T03:00",
            "prob": 0.45,
            "temp_C": 18.3,
            "rh_pct": 86,
            "wind_kn": 4.2
        },
        {
            "time": "2025-11-15T04:00",
            "prob": 0.33,
            "temp_C": 18.7,
            "rh_pct": 79,
            "wind_kn": 3
        },
        {
            "time": "2025-11-15T05:00",
            "prob": 0.62,
            "temp_C": 17.1,
            "rh_pct": 91,
            "wind_kn": 4.3
        },
        {
            "time": "2025-11-15T06:00",
            "prob": 0.5,
            "temp_C": 14.8,
            "rh_pct": 93,
            "wind_kn": 13
        },
        {
            "time": "2025-11-15T07:00",
            "prob": 0.45,
            "temp_C": 14.8,
            "rh_pct": 86,
            "wind_kn": 5.7
        },
        {
            "time": "2025-11-15T08:00",
            "prob": 0.38,
            "temp_C": 15.3,
            "rh_pct": 82,
            "wind_kn": 5
        },
        {
            "time": "2025-11-15T09:00",
            "prob": 0.38,
            "temp_C": 15.6,
            "rh_pct": 81,
            "wind_kn": 3.5
        },
        {
            "time": "2025-11-15T10:00",
            "prob": 0.38,
            "temp_C": 16.6,
            "rh_pct": 73,
            "wind_kn": 3.7
        },
        {
            "time": "2025-11-15T11:00",
            "prob": 0.26,
            "temp_C": 18.3,
            "rh_pct": 63,
            "wind_kn": 6.8
        },
        {
            "time": "2025-11-15T12:00",
            "prob": 0.26,
            "temp_C": 19.1,
            "rh_pct": 57,
            "wind_kn": 9.2
        },
        {
            "time": "2025-11-15T13:00",
            "prob": 0.26,
            "temp_C": 19,
            "rh_pct": 55,
            "wind_kn": 10.4
        },
        {
            "time": "2025-11-15T14:00",
            "prob": 0.26,
            "temp_C": 18.8,
            "rh_pct": 55,
            "wind_kn": 9.8
        },
        {
            "time": "2025-11-15T15:00",
            "prob": 0.26,
            "temp_C": 18.2,
            "rh_pct": 56,
            "wind_kn": 9
        },
        {
            "time": "2025-11-15T16:00",
            "prob": 0.26,
            "temp_C": 17.5,
            "rh_pct": 61,
            "wind_kn": 8
        },
        {
            "time": "2025-11-15T17:00",
            "prob": 0.26,
            "temp_C": 17,
            "rh_pct": 66,
            "wind_kn": 6.8
        },
        {
            "time": "2025-11-15T18:00",
            "prob": 0.2,
            "temp_C": 16.8,
            "rh_pct": 67,
            "wind_kn": 5.7
        },
        {
            "time": "2025-11-15T19:00",
            "prob": 0.2,
            "temp_C": 16.8,
            "rh_pct": 66,
            "wind_kn": 5.1
        },
        {
            "time": "2025-11-15T20:00",
            "prob": 0.2,
            "temp_C": 16.5,
            "rh_pct": 69,
            "wind_kn": 4.2
        },
        {
            "time": "2025-11-15T21:00",
            "prob": 0.2,
            "temp_C": 15.9,
            "rh_pct": 73,
            "wind_kn": 5.3
        },
        {
            "time": "2025-11-15T22:00",
            "prob": 0.2,
            "temp_C": 15.8,
            "rh_pct": 74,
            "wind_kn": 3.8
        },
        {
            "time": "2025-11-15T23:00",
            "prob": 0.33,
            "temp_C": 15.5,
            "rh_pct": 76,
            "wind_kn": 2.8
        },
        {
            "time": "2025-11-16T00:00",
            "prob": 0.33,
            "temp_C": 15,
            "rh_pct": 82,
            "wind_kn": 2.4
        },
        {
            "time": "2025-11-16T01:00",
            "prob": 0.2,
            "temp_C": 15.1,
            "rh_pct": 83,
            "wind_kn": 4.7
        },
        {
            "time": "2025-11-16T02:00",
            "prob": 0.45,
            "temp_C": 14.7,
            "rh_pct": 85,
            "wind_kn": 4.7
        },
        {
            "time": "2025-11-16T03:00",
            "prob": 0.58,
            "temp_C": 14.3,
            "rh_pct": 89,
            "wind_kn": 2.2
        },
        {
            "time": "2025-11-16T04:00",
            "prob": 0.33,
            "temp_C": 14.3,
            "rh_pct": 88,
            "wind_kn": 6.2
        },
        {
            "time": "2025-11-16T05:00",
            "prob": 0.08,
            "temp_C": 14.3,
            "rh_pct": 79,
            "wind_kn": 7.5
        },
        {
            "time": "2025-11-16T06:00",
            "prob": 0.2,
            "temp_C": 14.6,
            "rh_pct": 74,
            "wind_kn": 3.9
        },
        {
            "time": "2025-11-16T07:00",
            "prob": 0.2,
            "temp_C": 14.6,
            "rh_pct": 74,
            "wind_kn": 3.2
        },
        {
            "time": "2025-11-16T08:00",
            "prob": 0.51,
            "temp_C": 15.3,
            "rh_pct": 69,
            "wind_kn": 1.3
        },
        {
            "time": "2025-11-16T09:00",
            "prob": 0.38,
            "temp_C": 16.3,
            "rh_pct": 64,
            "wind_kn": 3.8
        },
        {
            "time": "2025-11-16T10:00",
            "prob": 0.38,
            "temp_C": 17.2,
            "rh_pct": 62,
            "wind_kn": 5.8
        },
        {
            "time": "2025-11-16T11:00",
            "prob": 0.26,
            "temp_C": 17.7,
            "rh_pct": 63,
            "wind_kn": 7.3
        },
        {
            "time": "2025-11-16T12:00",
            "prob": 0.26,
            "temp_C": 18,
            "rh_pct": 62,
            "wind_kn": 7.3
        },
        {
            "time": "2025-11-16T13:00",
            "prob": 0.38,
            "temp_C": 18.3,
            "rh_pct": 62,
            "wind_kn": 5.8
        },
        {
            "time": "2025-11-16T14:00",
            "prob": 0.38,
            "temp_C": 18.5,
            "rh_pct": 60,
            "wind_kn": 5
        },
        {
            "time": "2025-11-16T15:00",
            "prob": 0.38,
            "temp_C": 18.4,
            "rh_pct": 60,
            "wind_kn": 5.4
        },
        {
            "time": "2025-11-16T16:00",
            "prob": 0.26,
            "temp_C": 18,
            "rh_pct": 63,
            "wind_kn": 6.7
        },
        {
            "time": "2025-11-16T17:00",
            "prob": 0.26,
            "temp_C": 16.9,
            "rh_pct": 70,
            "wind_kn": 7
        },
        {
            "time": "2025-11-16T18:00",
            "prob": 0.2,
            "temp_C": 16.4,
            "rh_pct": 73,
            "wind_kn": 5.6
        },
        {
            "time": "2025-11-16T19:00",
            "prob": 0.2,
            "temp_C": 16.2,
            "rh_pct": 74,
            "wind_kn": 5.5
        },
        {
            "time": "2025-11-16T20:00",
            "prob": 0.2,
            "temp_C": 16.1,
            "rh_pct": 75,
            "wind_kn": 4.3
        },
        {
            "time": "2025-11-16T21:00",
            "prob": 0.2,
            "temp_C": 15.8,
            "rh_pct": 76,
            "wind_kn": 3.2
        },
        {
            "time": "2025-11-16T22:00",
            "prob": 0.2,
            "temp_C": 15.7,
            "rh_pct": 77,
            "wind_kn": 3.3
        },
        {
            "time": "2025-11-16T23:00",
            "prob": 0.33,
            "temp_C": 15.6,
            "rh_pct": 78,
            "wind_kn": 2.8
        },
        {
            "time": "2025-11-17T00:00",
            "prob": 0.33,
            "temp_C": 15.5,
            "rh_pct": 78,
            "wind_kn": 2.7
        },
        {
            "time": "2025-11-17T01:00",
            "prob": 0.33,
            "temp_C": 15.4,
            "rh_pct": 79,
            "wind_kn": 2.8
        },
        {
            "time": "2025-11-17T02:00",
            "prob": 0.2,
            "temp_C": 15.3,
            "rh_pct": 79,
            "wind_kn": 3.3
        },
        {
            "time": "2025-11-17T03:00",
            "prob": 0.2,
            "temp_C": 15.4,
            "rh_pct": 78,
            "wind_kn": 3.5
        },
        {
            "time": "2025-11-17T04:00",
            "prob": 0.2,
            "temp_C": 15.4,
            "rh_pct": 76,
            "wind_kn": 4
        },
        {
            "time": "2025-11-17T05:00",
            "prob": 0.2,
            "temp_C": 15.5,
            "rh_pct": 75,
            "wind_kn": 4.5
        },
        {
            "time": "2025-11-17T06:00",
            "prob": 0.2,
            "temp_C": 15.2,
            "rh_pct": 77,
            "wind_kn": 4.4
        },
        {
            "time": "2025-11-17T07:00",
            "prob": 0.08,
            "temp_C": 15.4,
            "rh_pct": 77,
            "wind_kn": 6.1
        },
        {
            "time": "2025-11-17T08:00",
            "prob": 0.26,
            "temp_C": 15.8,
            "rh_pct": 75,
            "wind_kn": 9.2
        },
        {
            "time": "2025-11-17T09:00",
            "prob": 0.26,
            "temp_C": 15.2,
            "rh_pct": 81,
            "wind_kn": 11.5
        },
        {
            "time": "2025-11-17T10:00",
            "prob": 0.26,
            "temp_C": 15.5,
            "rh_pct": 81,
            "wind_kn": 11.5
        },
        {
            "time": "2025-11-17T11:00",
            "prob": 0.26,
            "temp_C": 15.6,
            "rh_pct": 81,
            "wind_kn": 11.9
        },
        {
            "time": "2025-11-17T12:00",
            "prob": 0.26,
            "temp_C": 15.7,
            "rh_pct": 81,
            "wind_kn": 11.6
        },
        {
            "time": "2025-11-17T13:00",
            "prob": 0.26,
            "temp_C": 15.7,
            "rh_pct": 82,
            "wind_kn": 11
        },
        {
            "time": "2025-11-17T14:00",
            "prob": 0.51,
            "temp_C": 15.5,
            "rh_pct": 86,
            "wind_kn": 10.5
        },
        {
            "time": "2025-11-17T15:00",
            "prob": 0.51,
            "temp_C": 15.1,
            "rh_pct": 90,
            "wind_kn": 9.9
        },
        {
            "time": "2025-11-17T16:00",
            "prob": 0.68,
            "temp_C": 14.9,
            "rh_pct": 92,
            "wind_kn": 8.8
        },
        {
            "time": "2025-11-17T17:00",
            "prob": 0.51,
            "temp_C": 14.8,
            "rh_pct": 89,
            "wind_kn": 7.4
        },
        {
            "time": "2025-11-17T18:00",
            "prob": 0.08,
            "temp_C": 14.9,
            "rh_pct": 83,
            "wind_kn": 7.5
        },
        {
            "time": "2025-11-17T19:00",
            "prob": 0.08,
            "temp_C": 14.9,
            "rh_pct": 77,
            "wind_kn": 9
        },
        {
            "time": "2025-11-17T20:00",
            "prob": 0.08,
            "temp_C": 14.8,
            "rh_pct": 72,
            "wind_kn": 9.5
        },
        {
            "time": "2025-11-17T21:00",
            "prob": 0.08,
            "temp_C": 14.6,
            "rh_pct": 68,
            "wind_kn": 9.1
        },
        {
            "time": "2025-11-17T22:00",
            "prob": 0.08,
            "temp_C": 14.5,
            "rh_pct": 65,
            "wind_kn": 8.2
        },
        {
            "time": "2025-11-17T23:00",
            "prob": 0.08,
            "temp_C": 14.2,
            "rh_pct": 65,
            "wind_kn": 6.4
        },
        {
            "time": "2025-11-18T00:00",
            "prob": 0.2,
            "temp_C": 14,
            "rh_pct": 67,
            "wind_kn": 4.4
        },
        {
            "time": "2025-11-18T01:00",
            "prob": 0.2,
            "temp_C": 13.8,
            "rh_pct": 68,
            "wind_kn": 3.1
        },
        {
            "time": "2025-11-18T02:00",
            "prob": 0.2,
            "temp_C": 13.8,
            "rh_pct": 68,
            "wind_kn": 3.8
        },
        {
            "time": "2025-11-18T03:00",
            "prob": 0.2,
            "temp_C": 13.8,
            "rh_pct": 69,
            "wind_kn": 5.3
        },
        {
            "time": "2025-11-18T04:00",
            "prob": 0.08,
            "temp_C": 13.8,
            "rh_pct": 69,
            "wind_kn": 6.5
        },
        {
            "time": "2025-11-18T05:00",
            "prob": 0.08,
            "temp_C": 13.7,
            "rh_pct": 70,
            "wind_kn": 6.6
        },
        {
            "time": "2025-11-18T06:00",
            "prob": 0.08,
            "temp_C": 13.5,
            "rh_pct": 71,
            "wind_kn": 6.7
        },
        {
            "time": "2025-11-18T07:00",
            "prob": 0.08,
            "temp_C": 13.5,
            "rh_pct": 70,
            "wind_kn": 6.8
        },
        {
            "time": "2025-11-18T08:00",
            "prob": 0.26,
            "temp_C": 14,
            "rh_pct": 67,
            "wind_kn": 7.5
        },
        {
            "time": "2025-11-18T09:00",
            "prob": 0.26,
            "temp_C": 14.7,
            "rh_pct": 62,
            "wind_kn": 8.7
        },
        {
            "time": "2025-11-18T10:00",
            "prob": 0.26,
            "temp_C": 15.2,
            "rh_pct": 58,
            "wind_kn": 9.4
        },
        {
            "time": "2025-11-18T11:00",
            "prob": 0.26,
            "temp_C": 15.5,
            "rh_pct": 57,
            "wind_kn": 9.6
        },
        {
            "time": "2025-11-18T12:00",
            "prob": 0.26,
            "temp_C": 15.5,
            "rh_pct": 57,
            "wind_kn": 9.2
        },
        {
            "time": "2025-11-18T13:00",
            "prob": 0.26,
            "temp_C": 15.5,
            "rh_pct": 57,
            "wind_kn": 8.8
        },
        {
            "time": "2025-11-18T14:00",
            "prob": 0.26,
            "temp_C": 15.3,
            "rh_pct": 57,
            "wind_kn": 8.2
        },
        {
            "time": "2025-11-18T15:00",
            "prob": 0.26,
            "temp_C": 14.9,
            "rh_pct": 58,
            "wind_kn": 7.2
        },
        {
            "time": "2025-11-18T16:00",
            "prob": 0.26,
            "temp_C": 14.6,
            "rh_pct": 59,
            "wind_kn": 6.3
        },
        {
            "time": "2025-11-18T17:00",
            "prob": 0.38,
            "temp_C": 14.2,
            "rh_pct": 61,
            "wind_kn": 5
        },
        {
            "time": "2025-11-18T18:00",
            "prob": 0.2,
            "temp_C": 13.9,
            "rh_pct": 63,
            "wind_kn": 3.4
        },
        {
            "time": "2025-11-18T19:00",
            "prob": 0.33,
            "temp_C": 13.6,
            "rh_pct": 65,
            "wind_kn": 2.2
        },
        {
            "time": "2025-11-18T20:00",
            "prob": 0.33,
            "temp_C": 13.4,
            "rh_pct": 66,
            "wind_kn": 1.1
        },
        {
            "time": "2025-11-18T21:00",
            "prob": 0.33,
            "temp_C": 13.3,
            "rh_pct": 67,
            "wind_kn": 0.2
        },
        {
            "time": "2025-11-18T22:00",
            "prob": 0.33,
            "temp_C": 13.1,
            "rh_pct": 68,
            "wind_kn": 0.7
        },
        {
            "time": "2025-11-18T23:00",
            "prob": 0.33,
            "temp_C": 13,
            "rh_pct": 69,
            "wind_kn": 1.3
        }
    ]
}