{"rows":[{"flight_iata":"CZ491","airline_name":"China Southern Airlines","dep_iata":"PVG","arr_iata":"TIJ","sta_utc":"2025-11-10T03:30:00.000","eta_utc":null,"ata_utc":null,"status":"scheduled","delay_min":0,"terminal":null,"gate":null,"_source":"avs"},{"flight_iata":"Y41002","airline_name":"Volaris","dep_iata":"GDL","arr_iata":"TIJ","sta_utc":"2025-11-10T06:29:00.000","eta_utc":null,"ata_utc":null,"status":"unknown","delay_min":0,"terminal":null,"gate":null,"_source":"avs"},{"flight_iata":"HU7926","airline_name":"Hainan Airlines","dep_iata":"MEX","arr_iata":"TIJ","sta_utc":"2025-11-10T06:30:00.000","eta_utc":"2025-11-10T07:20:00.000","ata_utc":"2025-11-10T07:17:00.000","status":"landed","delay_min":50,"terminal":null,"gate":null,"_source":"avs"},{"flight_iata":"IB7499","airline_name":"Iberia","dep_iata":"MEX","arr_iata":"TIJ","sta_utc":"2025-11-10T06:35:00.000","eta_utc":"2025-11-10T09:16:00.000","ata_utc":null,"status":"scheduled","delay_min":161,"terminal":null,"gate":null,"_source":"avs"},{"flight_iata":"VB1232","airline_name":"VivaAerobus","dep_iata":"MEX","arr_iata":"TIJ","sta_utc":"2025-11-10T06:35:00.000","eta_utc":"2025-11-10T09:16:00.000","ata_utc":null,"status":"scheduled","delay_min":161,"terminal":null,"gate":null,"_source":"avs"},{"flight_iata":"Y4180","airline_name":"Volaris","dep_iata":"MEX","arr_iata":"TIJ","sta_utc":"2025-11-10T07:15:00.000","eta_utc":"2025-11-10T09:38:00.000","ata_utc":null,"status":"scheduled","delay_min":143,"terminal":null,"gate":null,"_source":"avs"},{"flight_iata":"H24080","airline_name":"Sky Airline","dep_iata":"MTY","arr_iata":"TIJ","sta_utc":"2025-11-10T07:30:00.000","eta_utc":"2025-11-10T08:29:00.000","ata_utc":"2025-11-10T08:20:00.000","status":"landed","delay_min":59,"terminal":null,"gate":null,"_source":"avs"},{"flight_iata":"Y41004","airline_name":"Volaris","dep_iata":"GDL","arr_iata":"TIJ","sta_utc":"2025-11-10T07:30:00.000","eta_utc":"2025-11-10T09:18:00.000","ata_utc":null,"status":"scheduled","delay_min":108,"terminal":null,"gate":null,"_source":"avs"},{"flight_iata":"Y43352","airline_name":"Volaris","dep_iata":"QRO","arr_iata":"TIJ","sta_utc":"2025-11-10T07:40:00.000","eta_utc":"2025-11-10T09:25:00.000","ata_utc":null,"status":"scheduled","delay_min":105,"terminal":null,"gate":null,"_source":"avs"},{"flight_iata":"VB5069","airline_name":"VivaAerobus","dep_iata":"NLU","arr_iata":"TIJ","sta_utc":"2025-11-10T07:45:00.000","eta_utc":"2025-11-10T08:59:00.000","ata_utc":null,"status":"scheduled","delay_min":74,"terminal":null,"gate":null,"_source":"avs"},{"flight_iata":"Y43201","airline_name":"Volaris","dep_iata":"AGU","arr_iata":"TIJ","sta_utc":"2025-11-10T07:58:00.000","eta_utc":null,"ata_utc":null,"status":"cancelled","delay_min":0,"terminal":null,"gate":null,"_source":"avs"},{"flight_iata":"VB5025","airline_name":"VivaAerobus","dep_iata":"BJX","arr_iata":"TIJ","sta_utc":"2025-11-10T08:00:00.000","eta_utc":"2025-11-10T09:02:00.000","ata_utc":null,"status":"scheduled","delay_min":62,"terminal":null,"gate":null,"_source":"avs"},{"flight_iata":"AF8149","airline_name":"Air France","dep_iata":"MEX","arr_iata":"TIJ","sta_utc":"2025-11-10T08:08:00.000","eta_utc":"2025-11-10T09:44:00.000","ata_utc":null,"status":"scheduled","delay_min":96,"terminal":null,"gate":"3","_source":"avs"},{"flight_iata":"KL8940","airline_name":"KLM","dep_iata":"MEX","arr_iata":"TIJ","sta_utc":"2025-11-10T08:08:00.000","eta_utc":"2025-11-10T09:44:00.000","ata_utc":null,"status":"scheduled","delay_min":96,"terminal":null,"gate":"3","_source":"avs"},{"flight_iata":"WS5779","airline_name":"WestJet","dep_iata":"MEX","arr_iata":"TIJ","sta_utc":"2025-11-10T08:08:00.000","eta_utc":"2025-11-10T09:44:00.000","ata_utc":null,"status":"scheduled","delay_min":96,"terminal":null,"gate":"3","_source":"avs"},{"flight_iata":"WS5789","airline_name":"WestJet","dep_iata":"MEX","arr_iata":"TIJ","sta_utc":"2025-11-10T08:08:00.000","eta_utc":"2025-11-10T09:44:00.000","ata_utc":null,"status":"scheduled","delay_min":96,"terminal":null,"gate":"3","_source":"avs"},{"flight_iata":"AM110","airline_name":"Aeromexico","dep_iata":"MEX","arr_iata":"TIJ","sta_utc":"2025-11-10T08:08:00.000","eta_utc":"2025-11-10T09:44:00.000","ata_utc":null,"status":"scheduled","delay_min":96,"terminal":null,"gate":"3","_source":"avs"},{"flight_iata":"Y43251","airline_name":"Volaris","dep_iata":"DGO","arr_iata":"TIJ","sta_utc":"2025-11-10T08:08:00.000","eta_utc":null,"ata_utc":null,"status":"cancelled","delay_min":0,"terminal":null,"gate":null,"_source":"avs"},{"flight_iata":"Y43045","airline_name":"Volaris","dep_iata":"BJX","arr_iata":"TIJ","sta_utc":"2025-11-10T08:10:00.000","eta_utc":"2025-11-10T09:35:00.000","ata_utc":null,"status":"scheduled","delay_min":85,"terminal":null,"gate":null,"_source":"avs"},{"flight_iata":"Y43211","airline_name":"Volaris","dep_iata":"ZCL","arr_iata":"TIJ","sta_utc":"2025-11-10T08:12:00.000","eta_utc":"2025-11-10T09:19:00.000","ata_utc":null,"status":"scheduled","delay_min":67,"terminal":null,"gate":null,"_source":"avs"},{"flight_iata":"VB5019","airline_name":"VivaAerobus","dep_iata":"MLM","arr_iata":"TIJ","sta_utc":"2025-11-10T08:20:00.000","eta_utc":null,"ata_utc":null,"status":"scheduled","delay_min":0,"terminal":null,"gate":null,"_source":"avs"},{"flight_iata":"VB5147","airline_name":"VivaAerobus","dep_iata":"QRO","arr_iata":"TIJ","sta_utc":"2025-11-10T08:20:00.000","eta_utc":null,"ata_utc":null,"status":"scheduled","delay_min":0,"terminal":null,"gate":null,"_source":"avs"},{"flight_iata":"Y43063","airline_name":"Volaris","dep_iata":"MLM","arr_iata":"TIJ","sta_utc":"2025-11-10T08:21:00.000","eta_utc":"2025-11-10T09:07:00.000","ata_utc":null,"status":"scheduled","delay_min":46,"terminal":null,"gate":null,"_source":"avs"},{"flight_iata":"FX8122","airline_name":"FedEx","dep_iata":"SAN","arr_iata":"TIJ","sta_utc":"2025-11-10T08:26:00.000","eta_utc":"2025-11-10T09:24:00.000","ata_utc":null,"status":"scheduled","delay_min":58,"terminal":null,"gate":null,"_source":"avs"},{"flight_iata":"Y45933","airline_name":"Volaris","dep_iata":"TGZ","arr_iata":"TIJ","sta_utc":"2025-11-10T08:28:00.000","eta_utc":"2025-11-10T09:40:00.000","ata_utc":null,"status":"scheduled","delay_min":72,"terminal":null,"gate":null,"_source":"avs"},{"flight_iata":"Y41000","airline_name":"Volaris","dep_iata":"GDL","arr_iata":"TIJ","sta_utc":"2025-11-10T08:32:00.000","eta_utc":"2025-11-10T09:29:00.000","ata_utc":null,"status":"scheduled","delay_min":57,"terminal":null,"gate":null,"_source":"avs"},{"flight_iata":"Y43141","airline_name":"Volaris","dep_iata":"OAX","arr_iata":"TIJ","sta_utc":"2025-11-10T09:01:00.000","eta_utc":null,"ata_utc":null,"status":"cancelled","delay_min":0,"terminal":null,"gate":null,"_source":"avs"},{"flight_iata":"Y45905","airline_name":"Volaris","dep_iata":"TAP","arr_iata":"TIJ","sta_utc":"2025-11-10T09:21:00.000","eta_utc":null,"ata_utc":null,"status":"cancelled","delay_min":0,"terminal":null,"gate":null,"_source":"avs"},{"flight_iata":"IF8123","airline_name":"Gulf and Caribbean Cargo","dep_iata":"SAN","arr_iata":"TIJ","sta_utc":"2025-11-10T09:28:00.000","eta_utc":null,"ata_utc":null,"status":"scheduled","delay_min":0,"terminal":null,"gate":null,"_source":"avs"},{"flight_iata":"VB3120","airline_name":"VivaAerobus","dep_iata":"GDL","arr_iata":"TIJ","sta_utc":"2025-11-10T09:30:00.000","eta_utc":"2025-11-10T09:04:00.000","ata_utc":"2025-11-10T09:05:00.000","status":"landed","delay_min":-26,"terminal":null,"gate":null,"_source":"avs"},{"flight_iata":"VB5075","airline_name":"VivaAerobus","dep_iata":"OAX","arr_iata":"TIJ","sta_utc":"2025-11-10T09:30:00.000","eta_utc":null,"ata_utc":null,"status":"scheduled","delay_min":0,"terminal":null,"gate":null,"_source":"avs"},{"flight_iata":"Y43231","airline_name":"Volaris","dep_iata":"LAP","arr_iata":"TIJ","sta_utc":"2025-11-10T09:31:00.000","eta_utc":"2025-11-10T09:39:00.000","ata_utc":"2025-11-10T09:41:00.000","status":"landed","delay_min":8,"terminal":null,"gate":null,"_source":"avs"},{"flight_iata":"Y43181","airline_name":"Volaris","dep_iata":"HMO","arr_iata":"TIJ","sta_utc":"2025-11-10T10:01:00.000","eta_utc":null,"ata_utc":null,"status":"cancelled","delay_min":0,"terminal":null,"gate":null,"_source":"avs"},{"flight_iata":"AF9961","airline_name":"Air France","dep_iata":"MEX","arr_iata":"TIJ","sta_utc":"2025-11-10T10:05:00.000","eta_utc":"2025-11-10T09:53:00.000","ata_utc":"2025-11-10T09:55:00.000","status":"landed","delay_min":-12,"terminal":null,"gate":"1","_source":"avs"},{"flight_iata":"UX2513","airline_name":"Air Europa","dep_iata":"MEX","arr_iata":"TIJ","sta_utc":"2025-11-10T10:05:00.000","eta_utc":"2025-11-10T09:53:00.000","ata_utc":"2025-11-10T09:55:00.000","status":"landed","delay_min":-12,"terminal":null,"gate":"1","_source":"avs"},{"flight_iata":"AZ6705","airline_name":"Alitalia","dep_iata":"MEX","arr_iata":"TIJ","sta_utc":"2025-11-10T10:05:00.000","eta_utc":"2025-11-10T09:53:00.000","ata_utc":"2025-11-10T09:55:00.000","status":"landed","delay_min":-12,"terminal":null,"gate":"1","_source":"avs"},{"flight_iata":"AM170","airline_name":"Aeromexico","dep_iata":"MEX","arr_iata":"TIJ","sta_utc":"2025-11-10T10:05:00.000","eta_utc":"2025-11-10T09:53:00.000","ata_utc":"2025-11-10T09:55:00.000","status":"landed","delay_min":-12,"terminal":null,"gate":"1","_source":"avs"},{"flight_iata":"Y43001","airline_name":"Volaris","dep_iata":"CUL","arr_iata":"TIJ","sta_utc":"2025-11-10T10:52:00.000","eta_utc":null,"ata_utc":null,"status":"cancelled","delay_min":0,"terminal":null,"gate":null,"_source":"avs"},{"flight_iata":"Y43291","airline_name":"Volaris","dep_iata":"CUU","arr_iata":"TIJ","sta_utc":"2025-11-10T10:55:00.000","eta_utc":null,"ata_utc":null,"status":"cancelled","delay_min":0,"terminal":null,"gate":null,"_source":"avs"},{"flight_iata":"Y45608","airline_name":"Volaris","dep_iata":"MTY","arr_iata":"TIJ","sta_utc":"2025-11-10T10:57:00.000","eta_utc":"2025-11-10T10:31:00.000","ata_utc":null,"status":"active","delay_min":-26,"terminal":null,"gate":null,"_source":"avs"},{"flight_iata":"VB5003","airline_name":"VivaAerobus","dep_iata":"CUL","arr_iata":"TIJ","sta_utc":"2025-11-10T11:00:00.000","eta_utc":"2025-11-10T11:26:00.000","ata_utc":null,"status":"scheduled","delay_min":26,"terminal":null,"gate":null,"_source":"avs"},{"flight_iata":"Y43193","airline_name":"Volaris","dep_iata":"MZT","arr_iata":"TIJ","sta_utc":"2025-11-10T11:24:00.000","eta_utc":null,"ata_utc":null,"status":"scheduled","delay_min":0,"terminal":null,"gate":null,"_source":"avs"},{"flight_iata":"AA6455","airline_name":"American Airlines","dep_iata":"PHX","arr_iata":"TIJ","sta_utc":"2025-11-10T11:34:00.000","eta_utc":null,"ata_utc":null,"status":"cancelled","delay_min":0,"terminal":null,"gate":null,"_source":"avs"},{"flight_iata":"Y43269","airline_name":"Volaris","dep_iata":"ACA","arr_iata":"TIJ","sta_utc":"2025-11-10T11:45:00.000","eta_utc":"2025-11-10T11:44:00.000","ata_utc":null,"status":"active","delay_min":-1,"terminal":null,"gate":null,"_source":"avs"},{"flight_iata":"Y43253","airline_name":"Volaris","dep_iata":"DGO","arr_iata":"TIJ","sta_utc":"2025-11-10T11:59:00.000","eta_utc":null,"ata_utc":null,"status":"scheduled","delay_min":0,"terminal":null,"gate":null,"_source":"avs"},{"flight_iata":"Y43243","airline_name":"Volaris","dep_iata":"TPQ","arr_iata":"TIJ","sta_utc":"2025-11-10T12:15:00.000","eta_utc":null,"ata_utc":null,"status":"scheduled","delay_min":0,"terminal":null,"gate":null,"_source":"avs"},{"flight_iata":"AM172","airline_name":"Aeromexico","dep_iata":"MEX","arr_iata":"TIJ","sta_utc":"2025-11-10T12:26:00.000","eta_utc":"2025-11-10T12:05:00.000","ata_utc":null,"status":"active","delay_min":-21,"terminal":null,"gate":null,"_source":"avs"},{"flight_iata":"Y41012","airline_name":"Volaris","dep_iata":"GDL","arr_iata":"TIJ","sta_utc":"2025-11-10T12:33:00.000","eta_utc":null,"ata_utc":null,"status":"scheduled","delay_min":0,"terminal":null,"gate":null,"_source":"avs"},{"flight_iata":"Y43263","airline_name":"Volaris","dep_iata":"CLQ","arr_iata":"TIJ","sta_utc":"2025-11-10T12:50:00.000","eta_utc":null,"ata_utc":null,"status":"scheduled","delay_min":0,"terminal":null,"gate":null,"_source":"avs"},{"flight_iata":"VB3110","airline_name":"VivaAerobus","dep_iata":"GDL","arr_iata":"TIJ","sta_utc":"2025-11-10T13:25:00.000","eta_utc":null,"ata_utc":null,"status":"scheduled","delay_min":0,"terminal":null,"gate":null,"_source":"avs"},{"flight_iata":"Y43371","airline_name":"Volaris","dep_iata":"TRC","arr_iata":"TIJ","sta_utc":"2025-11-10T13:31:00.000","eta_utc":null,"ata_utc":null,"status":"scheduled","delay_min":0,"terminal":null,"gate":null,"_source":"avs"},{"flight_iata":"Y43389","airline_name":"Volaris","dep_iata":"LTO","arr_iata":"TIJ","sta_utc":"2025-11-10T13:38:00.000","eta_utc":null,"ata_utc":null,"status":"scheduled","delay_min":0,"terminal":null,"gate":null,"_source":"avs"},{"flight_iata":"Y43233","airline_name":"Volaris","dep_iata":"LAP","arr_iata":"TIJ","sta_utc":"2025-11-10T13:39:00.000","eta_utc":null,"ata_utc":null,"status":"scheduled","delay_min":0,"terminal":null,"gate":null,"_source":"avs"},{"flight_iata":"Y43183","airline_name":"Volaris","dep_iata":"HMO","arr_iata":"TIJ","sta_utc":"2025-11-10T13:47:00.000","eta_utc":null,"ata_utc":null,"status":"scheduled","delay_min":0,"terminal":null,"gate":null,"_source":"avs"},{"flight_iata":"Y43101","airline_name":"Volaris","dep_iata":"SJD","arr_iata":"TIJ","sta_utc":"2025-11-10T14:10:00.000","eta_utc":null,"ata_utc":null,"status":"scheduled","delay_min":0,"terminal":null,"gate":null,"_source":"avs"},{"flight_iata":"Y41014","airline_name":"Volaris","dep_iata":"GDL","arr_iata":"TIJ","sta_utc":"2025-11-10T14:14:00.000","eta_utc":null,"ata_utc":null,"status":"scheduled","delay_min":0,"terminal":null,"gate":null,"_source":"avs"},{"flight_iata":"Y4182","airline_name":"Volaris","dep_iata":"MEX","arr_iata":"TIJ","sta_utc":"2025-11-10T14:50:00.000","eta_utc":null,"ata_utc":null,"status":"scheduled","delay_min":0,"terminal":null,"gate":null,"_source":"avs"},{"flight_iata":"Y43121","airline_name":"Volaris","dep_iata":"PVR","arr_iata":"TIJ","sta_utc":"2025-11-10T14:51:00.000","eta_utc":null,"ata_utc":null,"status":"scheduled","delay_min":0,"terminal":null,"gate":null,"_source":"avs"},{"flight_iata":"Y43191","airline_name":"Volaris","dep_iata":"MZT","arr_iata":"TIJ","sta_utc":"2025-11-10T15:19:00.000","eta_utc":null,"ata_utc":null,"status":"scheduled","delay_min":0,"terminal":null,"gate":null,"_source":"avs"},{"flight_iata":"AM174","airline_name":"Aeromexico","dep_iata":"MEX","arr_iata":"TIJ","sta_utc":"2025-11-10T15:31:00.000","eta_utc":null,"ata_utc":null,"status":"scheduled","delay_min":0,"terminal":null,"gate":null,"_source":"avs"},{"flight_iata":"Y43221","airline_name":"Volaris","dep_iata":"PBC","arr_iata":"TIJ","sta_utc":"2025-11-10T15:44:00.000","eta_utc":null,"ata_utc":null,"status":"scheduled","delay_min":0,"terminal":null,"gate":null,"_source":"avs"},{"flight_iata":"Y43043","airline_name":"Volaris","dep_iata":"BJX","arr_iata":"TIJ","sta_utc":"2025-11-10T15:45:00.000","eta_utc":null,"ata_utc":null,"status":"scheduled","delay_min":0,"terminal":null,"gate":null,"_source":"avs"},{"flight_iata":"Y43257","airline_name":"Volaris","dep_iata":"LMM","arr_iata":"TIJ","sta_utc":"2025-11-10T15:57:00.000","eta_utc":null,"ata_utc":null,"status":"scheduled","delay_min":0,"terminal":null,"gate":null,"_source":"avs"},{"flight_iata":"Y43061","airline_name":"Volaris","dep_iata":"MLM","arr_iata":"TIJ","sta_utc":"2025-11-10T16:09:00.000","eta_utc":null,"ata_utc":null,"status":"scheduled","delay_min":0,"terminal":null,"gate":null,"_source":"avs"},{"flight_iata":"Y43005","airline_name":"Volaris","dep_iata":"CUL","arr_iata":"TIJ","sta_utc":"2025-11-10T16:36:00.000","eta_utc":null,"ata_utc":null,"status":"scheduled","delay_min":0,"terminal":null,"gate":null,"_source":"avs"},{"flight_iata":"Y43235","airline_name":"Volaris","dep_iata":"LAP","arr_iata":"TIJ","sta_utc":"2025-11-10T16:48:00.000","eta_utc":null,"ata_utc":null,"status":"scheduled","delay_min":0,"terminal":null,"gate":null,"_source":"avs"},{"flight_iata":"Y43081","airline_name":"Volaris","dep_iata":"CUN","arr_iata":"TIJ","sta_utc":"2025-11-10T17:06:00.000","eta_utc":null,"ata_utc":null,"status":"scheduled","delay_min":0,"terminal":null,"gate":null,"_source":"avs"}]}