{"rows":[{"flight_iata":"Y43101","airline_name":"Volaris","dep_iata":"SJD","arr_iata":"TIJ","sta_utc":"2025-11-10T14:10:00.000","eta_utc":null,"ata_utc":null,"status":"unknown","delay_min":0,"terminal":null,"gate":null,"_source":"avs"},{"flight_iata":"Y41014","airline_name":"Volaris","dep_iata":"GDL","arr_iata":"TIJ","sta_utc":"2025-11-10T14:14:00.000","eta_utc":null,"ata_utc":null,"status":"scheduled","delay_min":0,"terminal":null,"gate":null,"_source":"avs"},{"flight_iata":"Y4182","airline_name":"Volaris","dep_iata":"MEX","arr_iata":"TIJ","sta_utc":"2025-11-10T14:50:00.000","eta_utc":"2025-11-10T15:34:00.000","ata_utc":"2025-11-10T15:35:00.000","status":"landed","delay_min":44,"terminal":null,"gate":null,"_source":"avs"},{"flight_iata":"Y43121","airline_name":"Volaris","dep_iata":"PVR","arr_iata":"TIJ","sta_utc":"2025-11-10T14:51:00.000","eta_utc":"2025-11-10T16:53:00.000","ata_utc":null,"status":"scheduled","delay_min":122,"terminal":null,"gate":null,"_source":"avs"},{"flight_iata":"Y43191","airline_name":"Volaris","dep_iata":"MZT","arr_iata":"TIJ","sta_utc":"2025-11-10T15:19:00.000","eta_utc":null,"ata_utc":null,"status":"unknown","delay_min":0,"terminal":null,"gate":null,"_source":"avs"},{"flight_iata":"AM174","airline_name":"Aeromexico","dep_iata":"MEX","arr_iata":"TIJ","sta_utc":"2025-11-10T15:31:00.000","eta_utc":"2025-11-10T15:06:00.000","ata_utc":"2025-11-10T14:58:00.000","status":"landed","delay_min":-25,"terminal":null,"gate":null,"_source":"avs"},{"flight_iata":"Y43221","airline_name":"Volaris","dep_iata":"PBC","arr_iata":"TIJ","sta_utc":"2025-11-10T15:44:00.000","eta_utc":"2025-11-10T16:07:00.000","ata_utc":"2025-11-10T16:09:00.000","status":"landed","delay_min":23,"terminal":null,"gate":null,"_source":"avs"},{"flight_iata":"Y43043","airline_name":"Volaris","dep_iata":"BJX","arr_iata":"TIJ","sta_utc":"2025-11-10T15:45:00.000","eta_utc":"2025-11-10T17:48:00.000","ata_utc":null,"status":"scheduled","delay_min":123,"terminal":null,"gate":null,"_source":"avs"},{"flight_iata":"Y43257","airline_name":"Volaris","dep_iata":"LMM","arr_iata":"TIJ","sta_utc":"2025-11-10T15:57:00.000","eta_utc":"2025-11-10T16:29:00.000","ata_utc":"2025-11-10T16:21:00.000","status":"landed","delay_min":32,"terminal":null,"gate":null,"_source":"avs"},{"flight_iata":"Y43061","airline_name":"Volaris","dep_iata":"MLM","arr_iata":"TIJ","sta_utc":"2025-11-10T16:09:00.000","eta_utc":"2025-11-10T17:29:00.000","ata_utc":null,"status":"scheduled","delay_min":80,"terminal":null,"gate":null,"_source":"avs"},{"flight_iata":"Y43005","airline_name":"Volaris","dep_iata":"CUL","arr_iata":"TIJ","sta_utc":"2025-11-10T16:36:00.000","eta_utc":"2025-11-10T17:20:00.000","ata_utc":"2025-11-10T17:20:00.000","status":"landed","delay_min":44,"terminal":null,"gate":null,"_source":"avs"},{"flight_iata":"Y43235","airline_name":"Volaris","dep_iata":"LAP","arr_iata":"TIJ","sta_utc":"2025-11-10T16:48:00.000","eta_utc":null,"ata_utc":null,"status":"unknown","delay_min":0,"terminal":null,"gate":null,"_source":"avs"},{"flight_iata":"Y43081","airline_name":"Volaris","dep_iata":"CUN","arr_iata":"TIJ","sta_utc":"2025-11-10T17:06:00.000","eta_utc":"2025-11-10T17:01:00.000","ata_utc":"2025-11-10T17:01:00.000","status":"landed","delay_min":-5,"terminal":null,"gate":null,"_source":"avs"},{"flight_iata":"Y43103","airline_name":"Volaris","dep_iata":"SJD","arr_iata":"TIJ","sta_utc":"2025-11-10T17:10:00.000","eta_utc":"2025-11-10T18:14:00.000","ata_utc":null,"status":"scheduled","delay_min":64,"terminal":null,"gate":null,"_source":"avs"},{"flight_iata":"VB1254","airline_name":"VivaAerobus","dep_iata":"MEX","arr_iata":"TIJ","sta_utc":"2025-11-10T17:15:00.000","eta_utc":"2025-11-10T18:40:00.000","ata_utc":null,"status":"scheduled","delay_min":85,"terminal":null,"gate":null,"_source":"avs"},{"flight_iata":"VB5085","airline_name":"VivaAerobus","dep_iata":"PVR","arr_iata":"TIJ","sta_utc":"2025-11-10T17:20:00.000","eta_utc":null,"ata_utc":null,"status":"scheduled","delay_min":0,"terminal":null,"gate":null,"_source":"avs"},{"flight_iata":"AM178","airline_name":"Aeromexico","dep_iata":"MEX","arr_iata":"TIJ","sta_utc":"2025-11-10T17:25:00.000","eta_utc":"2025-11-10T16:55:00.000","ata_utc":"2025-11-10T16:56:00.000","status":"landed","delay_min":-30,"terminal":null,"gate":null,"_source":"avs"},{"flight_iata":"Y43123","airline_name":"Volaris","dep_iata":"PVR","arr_iata":"TIJ","sta_utc":"2025-11-10T17:26:00.000","eta_utc":"2025-11-10T18:42:00.000","ata_utc":null,"status":"scheduled","delay_min":76,"terminal":null,"gate":null,"_source":"avs"},{"flight_iata":"VB2264","airline_name":"VivaAerobus","dep_iata":"CUN","arr_iata":"TIJ","sta_utc":"2025-11-10T17:40:00.000","eta_utc":"2025-11-10T20:09:00.000","ata_utc":null,"status":"scheduled","delay_min":149,"terminal":null,"gate":null,"_source":"avs"},{"flight_iata":"HU7925","airline_name":"Hainan Airlines","dep_iata":"PEK","arr_iata":"TIJ","sta_utc":"2025-11-10T17:55:00.000","eta_utc":"2025-11-10T17:29:00.000","ata_utc":"2025-11-10T17:31:00.000","status":"landed","delay_min":-26,"terminal":null,"gate":null,"_source":"avs"},{"flight_iata":"VB7429","airline_name":"VivaAerobus","dep_iata":"NLU","arr_iata":"TIJ","sta_utc":"2025-11-10T18:05:00.000","eta_utc":"2025-11-10T19:09:00.000","ata_utc":null,"status":"scheduled","delay_min":64,"terminal":null,"gate":null,"_source":"avs"},{"flight_iata":"Y43323","airline_name":"Volaris","dep_iata":"TLC","arr_iata":"TIJ","sta_utc":"2025-11-10T18:05:00.000","eta_utc":"2025-11-10T18:02:00.000","ata_utc":"2025-11-10T18:02:00.000","status":"landed","delay_min":-3,"terminal":null,"gate":null,"_source":"avs"},{"flight_iata":"Y41006","airline_name":"Volaris","dep_iata":"GDL","arr_iata":"TIJ","sta_utc":"2025-11-10T18:17:00.000","eta_utc":null,"ata_utc":null,"status":"unknown","delay_min":0,"terminal":null,"gate":null,"_source":"avs"},{"flight_iata":"Y45901","airline_name":"Volaris","dep_iata":"OAX","arr_iata":"TIJ","sta_utc":"2025-11-10T18:25:00.000","eta_utc":"2025-11-10T18:50:00.000","ata_utc":"2025-11-10T18:47:00.000","status":"landed","delay_min":25,"terminal":null,"gate":null,"_source":"avs"},{"flight_iata":"H27401","airline_name":"Sky Airline","dep_iata":"MTY","arr_iata":"TIJ","sta_utc":"2025-11-10T18:50:00.000","eta_utc":"2025-11-10T19:49:00.000","ata_utc":null,"status":"scheduled","delay_min":59,"terminal":null,"gate":null,"_source":"avs"},{"flight_iata":"Y43125","airline_name":"Volaris","dep_iata":"PVR","arr_iata":"TIJ","sta_utc":"2025-11-10T19:15:00.000","eta_utc":null,"ata_utc":null,"status":"unknown","delay_min":0,"terminal":null,"gate":null,"_source":"avs"},{"flight_iata":"Y43293","airline_name":"Volaris","dep_iata":"CUU","arr_iata":"TIJ","sta_utc":"2025-11-10T19:15:00.000","eta_utc":null,"ata_utc":null,"status":"unknown","delay_min":0,"terminal":null,"gate":null,"_source":"avs"},{"flight_iata":"Y43009","airline_name":"Volaris","dep_iata":"CUL","arr_iata":"TIJ","sta_utc":"2025-11-10T19:26:00.000","eta_utc":"2025-11-10T21:13:00.000","ata_utc":null,"status":"scheduled","delay_min":107,"terminal":null,"gate":null,"_source":"avs"},{"flight_iata":"VB7433","airline_name":"VivaAerobus","dep_iata":"GDL","arr_iata":"TIJ","sta_utc":"2025-11-10T19:40:00.000","eta_utc":null,"ata_utc":null,"status":"scheduled","delay_min":0,"terminal":null,"gate":null,"_source":"avs"},{"flight_iata":"VB7045","airline_name":"VivaAerobus","dep_iata":"SJD","arr_iata":"TIJ","sta_utc":"2025-11-10T19:45:00.000","eta_utc":"2025-11-10T21:00:00.000","ata_utc":null,"status":"scheduled","delay_min":75,"terminal":null,"gate":null,"_source":"avs"},{"flight_iata":"LA7588","airline_name":"LATAM Airlines","dep_iata":"MEX","arr_iata":"TIJ","sta_utc":"2025-11-10T19:50:00.000","eta_utc":"2025-11-10T19:22:00.000","ata_utc":"2025-11-10T19:21:00.000","status":"landed","delay_min":-28,"terminal":null,"gate":null,"_source":"avs"},{"flight_iata":"WS5785","airline_name":"WestJet","dep_iata":"MEX","arr_iata":"TIJ","sta_utc":"2025-11-10T19:50:00.000","eta_utc":"2025-11-10T19:22:00.000","ata_utc":"2025-11-10T19:21:00.000","status":"landed","delay_min":-28,"terminal":null,"gate":null,"_source":"avs"},{"flight_iata":"LA7540","airline_name":"LATAM Airlines","dep_iata":"MEX","arr_iata":"TIJ","sta_utc":"2025-11-10T19:50:00.000","eta_utc":"2025-11-10T19:22:00.000","ata_utc":"2025-11-10T19:21:00.000","status":"landed","delay_min":-28,"terminal":null,"gate":null,"_source":"avs"},{"flight_iata":"AM180","airline_name":"Aeromexico","dep_iata":"MEX","arr_iata":"TIJ","sta_utc":"2025-11-10T19:50:00.000","eta_utc":"2025-11-10T19:22:00.000","ata_utc":"2025-11-10T19:21:00.000","status":"landed","delay_min":-28,"terminal":null,"gate":null,"_source":"avs"},{"flight_iata":"Y43085","airline_name":"Volaris","dep_iata":"CUN","arr_iata":"TIJ","sta_utc":"2025-11-10T20:00:00.000","eta_utc":"2025-11-10T21:34:00.000","ata_utc":null,"status":"scheduled","delay_min":94,"terminal":null,"gate":null,"_source":"avs"},{"flight_iata":"Y43185","airline_name":"Volaris","dep_iata":"HMO","arr_iata":"TIJ","sta_utc":"2025-11-10T20:05:00.000","eta_utc":null,"ata_utc":null,"status":"unknown","delay_min":0,"terminal":null,"gate":null,"_source":"avs"},{"flight_iata":"Y41008","airline_name":"Volaris","dep_iata":"GDL","arr_iata":"TIJ","sta_utc":"2025-11-10T20:07:00.000","eta_utc":"2025-11-10T19:52:00.000","ata_utc":"2025-11-10T19:54:00.000","status":"landed","delay_min":-15,"terminal":null,"gate":null,"_source":"avs"},{"flight_iata":"Y43275","airline_name":"Volaris","dep_iata":"UPN","arr_iata":"TIJ","sta_utc":"2025-11-10T20:09:00.000","eta_utc":"2025-11-10T20:09:00.000","ata_utc":"2025-11-10T20:09:00.000","status":"landed","delay_min":0,"terminal":null,"gate":null,"_source":"avs"},{"flight_iata":"Y43223","airline_name":"Volaris","dep_iata":"PBC","arr_iata":"TIJ","sta_utc":"2025-11-10T20:16:00.000","eta_utc":"2025-11-10T20:15:00.000","ata_utc":"2025-11-10T20:14:00.000","status":"landed","delay_min":-1,"terminal":null,"gate":null,"_source":"avs"},{"flight_iata":"VB3104","airline_name":"VivaAerobus","dep_iata":"GDL","arr_iata":"TIJ","sta_utc":"2025-11-10T20:25:00.000","eta_utc":"2025-11-10T20:32:00.000","ata_utc":"2025-11-10T20:34:00.000","status":"landed","delay_min":7,"terminal":null,"gate":null,"_source":"avs"},{"flight_iata":"VB7371","airline_name":"VivaAerobus","dep_iata":"LAP","arr_iata":"TIJ","sta_utc":"2025-11-10T20:40:00.000","eta_utc":"2025-11-10T22:30:00.000","ata_utc":null,"status":"scheduled","delay_min":110,"terminal":null,"gate":null,"_source":"avs"},{"flight_iata":"Y43265","airline_name":"Volaris","dep_iata":"CLQ","arr_iata":"TIJ","sta_utc":"2025-11-10T20:41:00.000","eta_utc":"2025-11-10T21:06:00.000","ata_utc":"2025-11-10T21:07:00.000","status":"landed","delay_min":25,"terminal":null,"gate":null,"_source":"avs"},{"flight_iata":"Y4184","airline_name":"Volaris","dep_iata":"MEX","arr_iata":"TIJ","sta_utc":"2025-11-10T20:45:00.000","eta_utc":"2025-11-10T23:30:00.000","ata_utc":null,"status":"scheduled","delay_min":165,"terminal":null,"gate":null,"_source":"avs"},{"flight_iata":"XN1204","airline_name":"Mexicana","dep_iata":"NLU","arr_iata":"TIJ","sta_utc":"2025-11-10T21:10:00.000","eta_utc":null,"ata_utc":null,"status":"scheduled","delay_min":0,"terminal":null,"gate":null,"_source":"avs"},{"flight_iata":"G33836","airline_name":"Gol","dep_iata":"MEX","arr_iata":"TIJ","sta_utc":"2025-11-10T21:35:00.000","eta_utc":"2025-11-10T20:58:00.000","ata_utc":"2025-11-10T20:58:00.000","status":"landed","delay_min":-37,"terminal":null,"gate":"4","_source":"avs"},{"flight_iata":"LA7730","airline_name":"LATAM Airlines","dep_iata":"MEX","arr_iata":"TIJ","sta_utc":"2025-11-10T21:35:00.000","eta_utc":"2025-11-10T20:58:00.000","ata_utc":"2025-11-10T20:58:00.000","status":"landed","delay_min":-37,"terminal":null,"gate":"4","_source":"avs"},{"flight_iata":"AM184","airline_name":"Aeromexico","dep_iata":"MEX","arr_iata":"TIJ","sta_utc":"2025-11-10T21:35:00.000","eta_utc":"2025-11-10T20:58:00.000","ata_utc":"2025-11-10T20:58:00.000","status":"landed","delay_min":-37,"terminal":null,"gate":"4","_source":"avs"},{"flight_iata":"Y45923","airline_name":"Volaris","dep_iata":"CUL","arr_iata":"TIJ","sta_utc":"2025-11-10T21:50:00.000","eta_utc":"2025-11-10T22:53:00.000","ata_utc":null,"status":"scheduled","delay_min":63,"terminal":null,"gate":null,"_source":"avs"},{"flight_iata":"Y43241","airline_name":"Volaris","dep_iata":"TPQ","arr_iata":"TIJ","sta_utc":"2025-11-10T21:53:00.000","eta_utc":"2025-11-10T22:34:00.000","ata_utc":null,"status":"scheduled","delay_min":41,"terminal":null,"gate":null,"_source":"avs"},{"flight_iata":"Y43259","airline_name":"Volaris","dep_iata":"LMM","arr_iata":"TIJ","sta_utc":"2025-11-10T21:55:00.000","eta_utc":null,"ata_utc":null,"status":"cancelled","delay_min":0,"terminal":null,"gate":null,"_source":"avs"},{"flight_iata":"Y43317","airline_name":"Volaris","dep_iata":"CEN","arr_iata":"TIJ","sta_utc":"2025-11-10T21:57:00.000","eta_utc":null,"ata_utc":null,"status":"scheduled","delay_min":0,"terminal":null,"gate":null,"_source":"avs"},{"flight_iata":"Y41016","airline_name":"Volaris","dep_iata":"GDL","arr_iata":"TIJ","sta_utc":"2025-11-10T21:59:00.000","eta_utc":"2025-11-10T23:30:00.000","ata_utc":null,"status":"scheduled","delay_min":91,"terminal":null,"gate":null,"_source":"avs"},{"flight_iata":"Y43377","airline_name":"Volaris","dep_iata":"SLP","arr_iata":"TIJ","sta_utc":"2025-11-10T22:32:00.000","eta_utc":null,"ata_utc":null,"status":"cancelled","delay_min":0,"terminal":null,"gate":null,"_source":"avs"},{"flight_iata":"Y43283","airline_name":"Volaris","dep_iata":"CJS","arr_iata":"TIJ","sta_utc":"2025-11-10T22:33:00.000","eta_utc":null,"ata_utc":null,"status":"scheduled","delay_min":0,"terminal":null,"gate":null,"_source":"avs"},{"flight_iata":"IB7501","airline_name":"Iberia","dep_iata":"MEX","arr_iata":"TIJ","sta_utc":"2025-11-10T22:40:00.000","eta_utc":"2025-11-10T23:08:00.000","ata_utc":null,"status":"scheduled","delay_min":28,"terminal":null,"gate":null,"_source":"avs"},{"flight_iata":"VB1250","airline_name":"VivaAerobus","dep_iata":"MEX","arr_iata":"TIJ","sta_utc":"2025-11-10T22:40:00.000","eta_utc":"2025-11-10T23:08:00.000","ata_utc":null,"status":"scheduled","delay_min":28,"terminal":null,"gate":null,"_source":"avs"},{"flight_iata":"VB5009","airline_name":"VivaAerobus","dep_iata":"CUL","arr_iata":"TIJ","sta_utc":"2025-11-10T22:55:00.000","eta_utc":"2025-11-10T22:21:00.000","ata_utc":null,"status":"active","delay_min":-34,"terminal":null,"gate":null,"_source":"avs"},{"flight_iata":"Y45610","airline_name":"Volaris","dep_iata":"MTY","arr_iata":"TIJ","sta_utc":"2025-11-10T22:58:00.000","eta_utc":null,"ata_utc":null,"status":"cancelled","delay_min":0,"terminal":null,"gate":null,"_source":"avs"},{"flight_iata":"VB5067","airline_name":"VivaAerobus","dep_iata":"NLU","arr_iata":"TIJ","sta_utc":"2025-11-10T23:00:00.000","eta_utc":"2025-11-10T23:45:00.000","ata_utc":null,"status":"scheduled","delay_min":45,"terminal":null,"gate":null,"_source":"avs"},{"flight_iata":"VB3108","airline_name":"VivaAerobus","dep_iata":"GDL","arr_iata":"TIJ","sta_utc":"2025-11-10T23:05:00.000","eta_utc":"2025-11-10T23:13:00.000","ata_utc":null,"status":"active","delay_min":8,"terminal":null,"gate":null,"_source":"avs"},{"flight_iata":"Y43383","airline_name":"Volaris","dep_iata":"VER","arr_iata":"TIJ","sta_utc":"2025-11-10T23:05:00.000","eta_utc":null,"ata_utc":null,"status":"cancelled","delay_min":0,"terminal":null,"gate":null,"_source":"avs"},{"flight_iata":"IB7500","airline_name":"Iberia","dep_iata":"MEX","arr_iata":"TIJ","sta_utc":"2025-11-10T23:20:00.000","eta_utc":"2025-11-10T23:21:00.000","ata_utc":null,"status":"active","delay_min":1,"terminal":null,"gate":null,"_source":"avs"},{"flight_iata":"VB1248","airline_name":"VivaAerobus","dep_iata":"MEX","arr_iata":"TIJ","sta_utc":"2025-11-10T23:20:00.000","eta_utc":"2025-11-10T23:21:00.000","ata_utc":null,"status":"active","delay_min":1,"terminal":null,"gate":null,"_source":"avs"},{"flight_iata":"Y43203","airline_name":"Volaris","dep_iata":"AGU","arr_iata":"TIJ","sta_utc":"2025-11-10T23:28:00.000","eta_utc":"2025-11-10T23:38:00.000","ata_utc":null,"status":"active","delay_min":10,"terminal":null,"gate":null,"_source":"avs"},{"flight_iata":"Y43047","airline_name":"Volaris","dep_iata":"BJX","arr_iata":"TIJ","sta_utc":"2025-11-10T23:38:00.000","eta_utc":null,"ata_utc":null,"status":"cancelled","delay_min":0,"terminal":null,"gate":null,"_source":"avs"},{"flight_iata":"VB5029","airline_name":"VivaAerobus","dep_iata":"BJX","arr_iata":"TIJ","sta_utc":"2025-11-10T23:40:00.000","eta_utc":"2025-11-10T23:25:00.000","ata_utc":null,"status":"active","delay_min":-15,"terminal":null,"gate":null,"_source":"avs"},{"flight_iata":"Y4186","airline_name":"Volaris","dep_iata":"MEX","arr_iata":"TIJ","sta_utc":"2025-11-10T23:45:00.000","eta_utc":null,"ata_utc":null,"status":"scheduled","delay_min":0,"terminal":null,"gate":null,"_source":"avs"},{"flight_iata":"VB5117","airline_name":"VivaAerobus","dep_iata":"PBC","arr_iata":"TIJ","sta_utc":"2025-11-11T00:05:00.000","eta_utc":"2025-11-10T23:47:00.000","ata_utc":null,"status":"active","delay_min":-18,"terminal":null,"gate":null,"_source":"avs"},{"flight_iata":"VB5043","airline_name":"VivaAerobus","dep_iata":"MZT","arr_iata":"TIJ","sta_utc":"2025-11-11T00:30:00.000","eta_utc":null,"ata_utc":null,"status":"scheduled","delay_min":0,"terminal":null,"gate":null,"_source":"avs"},{"flight_iata":"KL8942","airline_name":"KLM","dep_iata":"MEX","arr_iata":"TIJ","sta_utc":"2025-11-11T00:35:00.000","eta_utc":null,"ata_utc":null,"status":"scheduled","delay_min":0,"terminal":null,"gate":null,"_source":"avs"},{"flight_iata":"WS5780","airline_name":"WestJet","dep_iata":"MEX","arr_iata":"TIJ","sta_utc":"2025-11-11T00:35:00.000","eta_utc":null,"ata_utc":null,"status":"scheduled","delay_min":0,"terminal":null,"gate":null,"_source":"avs"},{"flight_iata":"AM192","airline_name":"Aeromexico","dep_iata":"MEX","arr_iata":"TIJ","sta_utc":"2025-11-11T00:35:00.000","eta_utc":null,"ata_utc":null,"status":"scheduled","delay_min":0,"terminal":null,"gate":null,"_source":"avs"},{"flight_iata":"Y41010","airline_name":"Volaris","dep_iata":"GDL","arr_iata":"TIJ","sta_utc":"2025-11-11T00:48:00.000","eta_utc":null,"ata_utc":null,"status":"cancelled","delay_min":0,"terminal":null,"gate":null,"_source":"avs"},{"flight_iata":"Y43297","airline_name":"Volaris","dep_iata":"NLU","arr_iata":"TIJ","sta_utc":"2025-11-11T00:51:00.000","eta_utc":null,"ata_utc":null,"status":"cancelled","delay_min":0,"terminal":null,"gate":null,"_source":"avs"},{"flight_iata":"VB3118","airline_name":"VivaAerobus","dep_iata":"GDL","arr_iata":"TIJ","sta_utc":"2025-11-11T01:20:00.000","eta_utc":null,"ata_utc":null,"status":"scheduled","delay_min":0,"terminal":null,"gate":null,"_source":"avs"}]}