{"rows":[{"flight_iata":"HU7926","airline_name":"Hainan Airlines","dep_iata":"TIJ","arr_iata":"PEK","sta_utc":"2025-11-06T04:50:00.000","eta_utc":"2025-11-06T04:50:00.000","ata_utc":"2025-11-06T04:45:00.000","status":"active","delay_min":0,"terminal":null,"gate":"10","_source":"avs"},{"flight_iata":"Y45911","airline_name":"Volaris","dep_iata":"TIJ","arr_iata":"GDL","sta_utc":"2025-11-06T05:00:00.000","eta_utc":"2025-11-06T05:11:00.000","ata_utc":"2025-11-06T05:12:00.000","status":"active","delay_min":11,"terminal":null,"gate":"18","_source":"avs"},{"flight_iata":"Y43280","airline_name":"Volaris","dep_iata":"TIJ","arr_iata":"CJS","sta_utc":"2025-11-06T05:04:00.000","eta_utc":"2025-11-06T05:04:00.000","ata_utc":"2025-11-06T05:01:00.000","status":"active","delay_min":0,"terminal":null,"gate":"3","_source":"avs"},{"flight_iata":"Y43354","airline_name":"Volaris","dep_iata":"TIJ","arr_iata":"QRO","sta_utc":"2025-11-06T05:15:00.000","eta_utc":"2025-11-06T05:15:00.000","ata_utc":"2025-11-06T05:15:00.000","status":"active","delay_min":0,"terminal":null,"gate":"5","_source":"avs"},{"flight_iata":"G33843","airline_name":"Gol","dep_iata":"TIJ","arr_iata":"MEX","sta_utc":"2025-11-06T05:42:00.000","eta_utc":"2025-11-06T05:37:00.000","ata_utc":"2025-11-06T05:57:00.000","status":"active","delay_min":-5,"terminal":null,"gate":"1","_source":"avs"},{"flight_iata":"LA7568","airline_name":"LATAM Airlines","dep_iata":"TIJ","arr_iata":"MEX","sta_utc":"2025-11-06T05:42:00.000","eta_utc":"2025-11-06T05:37:00.000","ata_utc":"2025-11-06T05:57:00.000","status":"active","delay_min":-5,"terminal":null,"gate":"1","_source":"avs"},{"flight_iata":"WS5791","airline_name":"WestJet","dep_iata":"TIJ","arr_iata":"MEX","sta_utc":"2025-11-06T05:42:00.000","eta_utc":"2025-11-06T05:37:00.000","ata_utc":"2025-11-06T05:57:00.000","status":"active","delay_min":-5,"terminal":null,"gate":"1","_source":"avs"},{"flight_iata":"AM173","airline_name":"Aeromexico","dep_iata":"TIJ","arr_iata":"MEX","sta_utc":"2025-11-06T05:42:00.000","eta_utc":"2025-11-06T05:37:00.000","ata_utc":"2025-11-06T05:57:00.000","status":"active","delay_min":-5,"terminal":null,"gate":"1","_source":"avs"},{"flight_iata":"VB7428","airline_name":"VivaAerobus","dep_iata":"TIJ","arr_iata":"NLU","sta_utc":"2025-11-06T06:00:00.000","eta_utc":"2025-11-06T06:10:00.000","ata_utc":"2025-11-06T06:15:00.000","status":"active","delay_min":10,"terminal":null,"gate":null,"_source":"avs"},{"flight_iata":"VB7432","airline_name":"VivaAerobus","dep_iata":"TIJ","arr_iata":"GDL","sta_utc":"2025-11-06T06:00:00.000","eta_utc":"2025-11-06T06:10:00.000","ata_utc":"2025-11-06T06:07:00.000","status":"active","delay_min":10,"terminal":null,"gate":null,"_source":"avs"},{"flight_iata":"Y43000","airline_name":"Volaris","dep_iata":"TIJ","arr_iata":"CUL","sta_utc":"2025-11-06T06:00:00.000","eta_utc":"2025-11-06T06:11:00.000","ata_utc":"2025-11-06T06:17:00.000","status":"active","delay_min":11,"terminal":null,"gate":"15","_source":"avs"},{"flight_iata":"Y43192","airline_name":"Volaris","dep_iata":"TIJ","arr_iata":"MZT","sta_utc":"2025-11-06T06:00:00.000","eta_utc":"2025-11-06T06:13:00.000","ata_utc":"2025-11-06T06:20:00.000","status":"active","delay_min":13,"terminal":null,"gate":"13","_source":"avs"},{"flight_iata":"Y43370","airline_name":"Volaris","dep_iata":"TIJ","arr_iata":"TRC","sta_utc":"2025-11-06T06:00:00.000","eta_utc":"2025-11-06T06:00:00.000","ata_utc":"2025-11-06T06:12:00.000","status":"active","delay_min":0,"terminal":null,"gate":"12","_source":"avs"},{"flight_iata":"VB5002","airline_name":"VivaAerobus","dep_iata":"TIJ","arr_iata":"CUL","sta_utc":"2025-11-06T06:10:00.000","eta_utc":"2025-11-06T06:20:00.000","ata_utc":"2025-11-06T06:09:00.000","status":"active","delay_min":10,"terminal":null,"gate":null,"_source":"avs"},{"flight_iata":"Y43262","airline_name":"Volaris","dep_iata":"TIJ","arr_iata":"CLQ","sta_utc":"2025-11-06T06:15:00.000","eta_utc":"2025-11-06T06:20:00.000","ata_utc":"2025-11-06T06:26:00.000","status":"active","delay_min":5,"terminal":null,"gate":"20","_source":"avs"},{"flight_iata":"Y45940","airline_name":"Volaris","dep_iata":"TIJ","arr_iata":"PBC","sta_utc":"2025-11-06T06:17:00.000","eta_utc":"2025-11-06T06:17:00.000","ata_utc":"2025-11-06T06:24:00.000","status":"active","delay_min":0,"terminal":null,"gate":"14","_source":"avs"},{"flight_iata":"Y43290","airline_name":"Volaris","dep_iata":"TIJ","arr_iata":"CUU","sta_utc":"2025-11-06T06:18:00.000","eta_utc":"2025-11-06T06:14:00.000","ata_utc":"2025-11-06T06:22:00.000","status":"active","delay_min":-4,"terminal":null,"gate":"10","_source":"avs"},{"flight_iata":"Y43252","airline_name":"Volaris","dep_iata":"TIJ","arr_iata":"DGO","sta_utc":"2025-11-06T06:27:00.000","eta_utc":"2025-11-06T06:26:00.000","ata_utc":"2025-11-06T06:28:00.000","status":"active","delay_min":-1,"terminal":null,"gate":"11","_source":"avs"},{"flight_iata":"Y43180","airline_name":"Volaris","dep_iata":"TIJ","arr_iata":"HMO","sta_utc":"2025-11-06T06:33:00.000","eta_utc":"2025-11-06T06:33:00.000","ata_utc":"2025-11-06T06:32:00.000","status":"active","delay_min":0,"terminal":null,"gate":"18","_source":"avs"},{"flight_iata":"Y43204","airline_name":"Volaris","dep_iata":"TIJ","arr_iata":"AGU","sta_utc":"2025-11-06T06:45:00.000","eta_utc":"2025-11-06T06:45:00.000","ata_utc":"2025-11-06T07:00:00.000","status":"active","delay_min":0,"terminal":null,"gate":"3","_source":"avs"},{"flight_iata":"Y43212","airline_name":"Volaris","dep_iata":"TIJ","arr_iata":"ZCL","sta_utc":"2025-11-06T06:55:00.000","eta_utc":"2025-11-06T06:56:00.000","ata_utc":"2025-11-06T06:57:00.000","status":"active","delay_min":1,"terminal":null,"gate":"9","_source":"avs"},{"flight_iata":"Y43080","airline_name":"Volaris","dep_iata":"TIJ","arr_iata":"CUN","sta_utc":"2025-11-06T07:00:00.000","eta_utc":"2025-11-06T07:16:00.000","ata_utc":"2025-11-06T07:14:00.000","status":"active","delay_min":16,"terminal":null,"gate":"5","_source":"avs"},{"flight_iata":"VB2263","airline_name":"VivaAerobus","dep_iata":"TIJ","arr_iata":"CUN","sta_utc":"2025-11-06T07:25:00.000","eta_utc":"2025-11-06T07:35:00.000","ata_utc":"2025-11-06T07:43:00.000","status":"active","delay_min":10,"terminal":null,"gate":null,"_source":"avs"},{"flight_iata":"Y41015","airline_name":"Volaris","dep_iata":"TIJ","arr_iata":"GDL","sta_utc":"2025-11-06T07:30:00.000","eta_utc":"2025-11-06T07:30:00.000","ata_utc":"2025-11-06T07:35:00.000","status":"active","delay_min":0,"terminal":null,"gate":"13","_source":"avs"},{"flight_iata":"VB7026","airline_name":"VivaAerobus","dep_iata":"TIJ","arr_iata":"GDL","sta_utc":"2025-11-06T07:55:00.000","eta_utc":"2025-11-06T08:05:00.000","ata_utc":"2025-11-06T08:05:00.000","status":"active","delay_min":10,"terminal":null,"gate":null,"_source":"avs"},{"flight_iata":"Y43364","airline_name":"Volaris","dep_iata":"TIJ","arr_iata":"ZIH","sta_utc":"2025-11-06T08:01:00.000","eta_utc":"2025-11-06T08:01:00.000","ata_utc":"2025-11-06T08:07:00.000","status":"active","delay_min":0,"terminal":null,"gate":"14","_source":"avs"},{"flight_iata":"H27400","airline_name":"Sky Airline","dep_iata":"TIJ","arr_iata":"MTY","sta_utc":"2025-11-06T08:25:00.000","eta_utc":"2025-11-06T08:35:00.000","ata_utc":"2025-11-06T08:23:00.000","status":"active","delay_min":10,"terminal":null,"gate":null,"_source":"avs"},{"flight_iata":"Y43353","airline_name":"Volaris","dep_iata":"TIJ","arr_iata":"QRO","sta_utc":"2025-11-06T08:26:00.000","eta_utc":"2025-11-06T08:39:00.000","ata_utc":"2025-11-06T08:39:00.000","status":"active","delay_min":13,"terminal":null,"gate":"3","_source":"avs"},{"flight_iata":"Y4181","airline_name":"Volaris","dep_iata":"TIJ","arr_iata":"MEX","sta_utc":"2025-11-06T08:30:00.000","eta_utc":"2025-11-06T08:56:00.000","ata_utc":"2025-11-06T08:54:00.000","status":"active","delay_min":26,"terminal":null,"gate":"12","_source":"avs"},{"flight_iata":"VB5070","airline_name":"VivaAerobus","dep_iata":"TIJ","arr_iata":"NLU","sta_utc":"2025-11-06T08:35:00.000","eta_utc":"2025-11-06T08:45:00.000","ata_utc":"2025-11-06T08:47:00.000","status":"active","delay_min":10,"terminal":null,"gate":null,"_source":"avs"},{"flight_iata":"VB5026","airline_name":"VivaAerobus","dep_iata":"TIJ","arr_iata":"BJX","sta_utc":"2025-11-06T08:45:00.000","eta_utc":"2025-11-06T08:55:00.000","ata_utc":null,"status":"active","delay_min":10,"terminal":null,"gate":null,"_source":"avs"},{"flight_iata":"Y43120","airline_name":"Volaris","dep_iata":"TIJ","arr_iata":"PVR","sta_utc":"2025-11-06T08:45:00.000","eta_utc":"2025-11-06T08:57:00.000","ata_utc":"2025-11-06T08:56:00.000","status":"active","delay_min":12,"terminal":null,"gate":"13","_source":"avs"},{"flight_iata":"Y43044","airline_name":"Volaris","dep_iata":"TIJ","arr_iata":"BJX","sta_utc":"2025-11-06T08:58:00.000","eta_utc":"2025-11-06T08:58:00.000","ata_utc":"2025-11-06T09:19:00.000","status":"active","delay_min":0,"terminal":null,"gate":"2","_source":"avs"},{"flight_iata":"Y43100","airline_name":"Volaris","dep_iata":"TIJ","arr_iata":"SJD","sta_utc":"2025-11-06T09:07:00.000","eta_utc":"2025-11-06T09:07:00.000","ata_utc":"2025-11-06T09:37:00.000","status":"active","delay_min":0,"terminal":null,"gate":"18","_source":"avs"},{"flight_iata":"Y43230","airline_name":"Volaris","dep_iata":"TIJ","arr_iata":"LAP","sta_utc":"2025-11-06T09:07:00.000","eta_utc":"2025-11-06T09:07:00.000","ata_utc":"2025-11-06T09:08:00.000","status":"active","delay_min":0,"terminal":null,"gate":"10","_source":"avs"},{"flight_iata":"Y43062","airline_name":"Volaris","dep_iata":"TIJ","arr_iata":"MLM","sta_utc":"2025-11-06T09:09:00.000","eta_utc":"2025-11-06T09:15:00.000","ata_utc":"2025-11-06T09:15:00.000","status":"active","delay_min":6,"terminal":null,"gate":"20","_source":"avs"},{"flight_iata":"LA7742","airline_name":"LATAM Airlines","dep_iata":"TIJ","arr_iata":"MEX","sta_utc":"2025-11-06T09:18:00.000","eta_utc":"2025-11-06T09:15:00.000","ata_utc":"2025-11-06T09:33:00.000","status":"active","delay_min":-3,"terminal":null,"gate":"11","_source":"avs"},{"flight_iata":"AM175","airline_name":"Aeromexico","dep_iata":"TIJ","arr_iata":"MEX","sta_utc":"2025-11-06T09:18:00.000","eta_utc":"2025-11-06T09:15:00.000","ata_utc":"2025-11-06T09:33:00.000","status":"active","delay_min":-3,"terminal":null,"gate":"11","_source":"avs"},{"flight_iata":"VB7054","airline_name":"VivaAerobus","dep_iata":"TIJ","arr_iata":"SJD","sta_utc":"2025-11-06T09:30:00.000","eta_utc":"2025-11-06T09:40:00.000","ata_utc":"2025-11-06T09:41:00.000","status":"active","delay_min":10,"terminal":null,"gate":null,"_source":"avs"},{"flight_iata":"IB7526","airline_name":"Iberia","dep_iata":"TIJ","arr_iata":"MEX","sta_utc":"2025-11-06T09:35:00.000","eta_utc":"2025-11-06T09:45:00.000","ata_utc":"2025-11-06T09:45:00.000","status":"active","delay_min":10,"terminal":null,"gate":null,"_source":"avs"},{"flight_iata":"VB1253","airline_name":"VivaAerobus","dep_iata":"TIJ","arr_iata":"MEX","sta_utc":"2025-11-06T09:35:00.000","eta_utc":"2025-11-06T09:45:00.000","ata_utc":"2025-11-06T09:45:00.000","status":"active","delay_min":10,"terminal":null,"gate":null,"_source":"avs"},{"flight_iata":"Y43190","airline_name":"Volaris","dep_iata":"TIJ","arr_iata":"MZT","sta_utc":"2025-11-06T10:00:00.000","eta_utc":"2025-11-06T10:00:00.000","ata_utc":"2025-11-06T10:06:00.000","status":"active","delay_min":0,"terminal":null,"gate":"10","_source":"avs"},{"flight_iata":"Y43140","airline_name":"Volaris","dep_iata":"TIJ","arr_iata":"OAX","sta_utc":"2025-11-06T10:04:00.000","eta_utc":"2025-11-06T10:04:00.000","ata_utc":"2025-11-06T10:09:00.000","status":"active","delay_min":0,"terminal":null,"gate":"3","_source":"avs"},{"flight_iata":"Y43182","airline_name":"Volaris","dep_iata":"TIJ","arr_iata":"HMO","sta_utc":"2025-11-06T10:16:00.000","eta_utc":"2025-11-06T10:32:00.000","ata_utc":"2025-11-06T10:30:00.000","status":"active","delay_min":16,"terminal":null,"gate":"13","_source":"avs"},{"flight_iata":"VB3121","airline_name":"VivaAerobus","dep_iata":"TIJ","arr_iata":"GDL","sta_utc":"2025-11-06T10:20:00.000","eta_utc":"2025-11-06T10:30:00.000","ata_utc":null,"status":"active","delay_min":10,"terminal":null,"gate":null,"_source":"avs"},{"flight_iata":"VB7370","airline_name":"VivaAerobus","dep_iata":"TIJ","arr_iata":"LAP","sta_utc":"2025-11-06T10:30:00.000","eta_utc":"2025-11-06T10:40:00.000","ata_utc":"2025-11-06T10:39:00.000","status":"active","delay_min":10,"terminal":null,"gate":null,"_source":"avs"},{"flight_iata":"AF8116","airline_name":"Air France","dep_iata":"TIJ","arr_iata":"MEX","sta_utc":"2025-11-06T11:00:00.000","eta_utc":"2025-11-06T11:10:00.000","ata_utc":null,"status":"active","delay_min":10,"terminal":null,"gate":"4","_source":"avs"},{"flight_iata":"KL8989","airline_name":"KLM","dep_iata":"TIJ","arr_iata":"MEX","sta_utc":"2025-11-06T11:00:00.000","eta_utc":"2025-11-06T11:10:00.000","ata_utc":null,"status":"active","delay_min":10,"terminal":null,"gate":"4","_source":"avs"},{"flight_iata":"LA7733","airline_name":"LATAM Airlines","dep_iata":"TIJ","arr_iata":"MEX","sta_utc":"2025-11-06T11:00:00.000","eta_utc":"2025-11-06T11:10:00.000","ata_utc":null,"status":"active","delay_min":10,"terminal":null,"gate":"4","_source":"avs"},{"flight_iata":"AM177","airline_name":"Aeromexico","dep_iata":"TIJ","arr_iata":"MEX","sta_utc":"2025-11-06T11:00:00.000","eta_utc":"2025-11-06T11:10:00.000","ata_utc":null,"status":"active","delay_min":10,"terminal":null,"gate":"4","_source":"avs"},{"flight_iata":"VB5084","airline_name":"VivaAerobus","dep_iata":"TIJ","arr_iata":"PVR","sta_utc":"2025-11-06T11:10:00.000","eta_utc":"2025-11-06T11:00:00.000","ata_utc":null,"status":"active","delay_min":-10,"terminal":null,"gate":null,"_source":"avs"},{"flight_iata":"Y43122","airline_name":"Volaris","dep_iata":"TIJ","arr_iata":"PVR","sta_utc":"2025-11-06T11:20:00.000","eta_utc":"2025-11-06T11:20:00.000","ata_utc":null,"status":"active","delay_min":0,"terminal":null,"gate":"11","_source":"avs"},{"flight_iata":"Y41007","airline_name":"Volaris","dep_iata":"TIJ","arr_iata":"GDL","sta_utc":"2025-11-06T11:34:00.000","eta_utc":"2025-11-06T11:34:00.000","ata_utc":null,"status":"active","delay_min":0,"terminal":null,"gate":"20","_source":"avs"},{"flight_iata":"Y43256","airline_name":"Volaris","dep_iata":"TIJ","arr_iata":"LMM","sta_utc":"2025-11-06T11:40:00.000","eta_utc":"2025-11-06T11:40:00.000","ata_utc":null,"status":"active","delay_min":0,"terminal":null,"gate":"13","_source":"avs"},{"flight_iata":"Y43004","airline_name":"Volaris","dep_iata":"TIJ","arr_iata":"CUL","sta_utc":"2025-11-06T11:43:00.000","eta_utc":"2025-11-06T11:43:00.000","ata_utc":null,"status":"active","delay_min":0,"terminal":null,"gate":"3","_source":"avs"},{"flight_iata":"Y45609","airline_name":"Volaris","dep_iata":"TIJ","arr_iata":"MTY","sta_utc":"2025-11-06T11:44:00.000","eta_utc":"2025-11-06T11:44:00.000","ata_utc":null,"status":"active","delay_min":0,"terminal":null,"gate":"12","_source":"avs"},{"flight_iata":"Y43102","airline_name":"Volaris","dep_iata":"TIJ","arr_iata":"SJD","sta_utc":"2025-11-06T12:12:00.000","eta_utc":"2025-11-06T12:12:00.000","ata_utc":null,"status":"scheduled","delay_min":0,"terminal":null,"gate":"4","_source":"avs"},{"flight_iata":"AA6455","airline_name":"American Airlines","dep_iata":"TIJ","arr_iata":"PHX","sta_utc":"2025-11-06T12:15:00.000","eta_utc":"2025-11-06T12:15:00.000","ata_utc":null,"status":"scheduled","delay_min":0,"terminal":null,"gate":"10","_source":"avs"},{"flight_iata":"Y43232","airline_name":"Volaris","dep_iata":"TIJ","arr_iata":"LAP","sta_utc":"2025-11-06T12:18:00.000","eta_utc":"2025-11-06T12:18:00.000","ata_utc":null,"status":"scheduled","delay_min":0,"terminal":null,"gate":"14","_source":"avs"},{"flight_iata":"Y43268","airline_name":"Volaris","dep_iata":"TIJ","arr_iata":"ACA","sta_utc":"2025-11-06T12:30:00.000","eta_utc":"2025-11-06T12:30:00.000","ata_utc":null,"status":"scheduled","delay_min":0,"terminal":null,"gate":"19","_source":"avs"},{"flight_iata":"Y43194","airline_name":"Volaris","dep_iata":"TIJ","arr_iata":"MZT","sta_utc":"2025-11-06T12:59:00.000","eta_utc":"2025-11-06T12:59:00.000","ata_utc":null,"status":"scheduled","delay_min":0,"terminal":null,"gate":"5","_source":"avs"},{"flight_iata":"AF5576","airline_name":"Air France","dep_iata":"TIJ","arr_iata":"MEX","sta_utc":"2025-11-06T13:14:00.000","eta_utc":"2025-11-06T13:24:00.000","ata_utc":null,"status":"scheduled","delay_min":10,"terminal":null,"gate":"2","_source":"avs"},{"flight_iata":"KL9001","airline_name":"KLM","dep_iata":"TIJ","arr_iata":"MEX","sta_utc":"2025-11-06T13:14:00.000","eta_utc":"2025-11-06T13:24:00.000","ata_utc":null,"status":"scheduled","delay_min":10,"terminal":null,"gate":"2","_source":"avs"},{"flight_iata":"UX2512","airline_name":"Air Europa","dep_iata":"TIJ","arr_iata":"MEX","sta_utc":"2025-11-06T13:14:00.000","eta_utc":"2025-11-06T13:24:00.000","ata_utc":null,"status":"scheduled","delay_min":10,"terminal":null,"gate":"2","_source":"avs"},{"flight_iata":"AZ6706","airline_name":"Alitalia","dep_iata":"TIJ","arr_iata":"MEX","sta_utc":"2025-11-06T13:14:00.000","eta_utc":"2025-11-06T13:24:00.000","ata_utc":null,"status":"scheduled","delay_min":10,"terminal":null,"gate":"2","_source":"avs"},{"flight_iata":"AM179","airline_name":"Aeromexico","dep_iata":"TIJ","arr_iata":"MEX","sta_utc":"2025-11-06T13:14:00.000","eta_utc":"2025-11-06T13:24:00.000","ata_utc":null,"status":"scheduled","delay_min":10,"terminal":null,"gate":"2","_source":"avs"},{"flight_iata":"Y43274","airline_name":"Volaris","dep_iata":"TIJ","arr_iata":"UPN","sta_utc":"2025-11-06T13:18:00.000","eta_utc":"2025-11-06T13:18:00.000","ata_utc":null,"status":"scheduled","delay_min":0,"terminal":null,"gate":"4","_source":"avs"},{"flight_iata":"Y41005","airline_name":"Volaris","dep_iata":"TIJ","arr_iata":"GDL","sta_utc":"2025-11-06T13:30:00.000","eta_utc":"2025-11-06T14:26:00.000","ata_utc":null,"status":"scheduled","delay_min":56,"terminal":null,"gate":"2","_source":"avs"},{"flight_iata":"VB3111","airline_name":"VivaAerobus","dep_iata":"TIJ","arr_iata":"GDL","sta_utc":"2025-11-06T14:15:00.000","eta_utc":"2025-11-06T14:25:00.000","ata_utc":null,"status":"scheduled","delay_min":10,"terminal":null,"gate":null,"_source":"avs"},{"flight_iata":"Y43008","airline_name":"Volaris","dep_iata":"TIJ","arr_iata":"CUL","sta_utc":"2025-11-06T14:34:00.000","eta_utc":"2025-11-06T14:34:00.000","ata_utc":null,"status":"scheduled","delay_min":0,"terminal":null,"gate":"18","_source":"avs"},{"flight_iata":"Y43234","airline_name":"Volaris","dep_iata":"TIJ","arr_iata":"LAP","sta_utc":"2025-11-06T14:36:00.000","eta_utc":"2025-11-06T14:36:00.000","ata_utc":null,"status":"scheduled","delay_min":0,"terminal":null,"gate":"3","_source":"avs"},{"flight_iata":"Y43104","airline_name":"Volaris","dep_iata":"TIJ","arr_iata":"SJD","sta_utc":"2025-11-06T15:00:00.000","eta_utc":"2025-11-06T15:00:00.000","ata_utc":null,"status":"scheduled","delay_min":0,"terminal":null,"gate":"11","_source":"avs"},{"flight_iata":"Y45938","airline_name":"Volaris","dep_iata":"TIJ","arr_iata":"PVR","sta_utc":"2025-11-06T15:00:00.000","eta_utc":"2025-11-06T15:36:00.000","ata_utc":null,"status":"scheduled","delay_min":36,"terminal":null,"gate":"10","_source":"avs"},{"flight_iata":"Y41009","airline_name":"Volaris","dep_iata":"TIJ","arr_iata":"GDL","sta_utc":"2025-11-06T15:15:00.000","eta_utc":"2025-11-06T15:15:00.000","ata_utc":null,"status":"scheduled","delay_min":0,"terminal":null,"gate":"13","_source":"avs"},{"flight_iata":"VB4085","airline_name":"VivaAerobus","dep_iata":"TIJ","arr_iata":"MTY","sta_utc":"2025-11-06T15:30:00.000","eta_utc":"2025-11-06T15:40:00.000","ata_utc":null,"status":"scheduled","delay_min":10,"terminal":null,"gate":null,"_source":"avs"},{"flight_iata":"Y4183","airline_name":"Volaris","dep_iata":"TIJ","arr_iata":"MEX","sta_utc":"2025-11-06T15:45:00.000","eta_utc":"2025-11-06T15:45:00.000","ata_utc":null,"status":"scheduled","delay_min":0,"terminal":null,"gate":"12","_source":"avs"},{"flight_iata":"Y43240","airline_name":"Volaris","dep_iata":"TIJ","arr_iata":"TPQ","sta_utc":"2025-11-06T15:59:00.000","eta_utc":"2025-11-06T15:59:00.000","ata_utc":null,"status":"scheduled","delay_min":0,"terminal":null,"gate":"3","_source":"avs"},{"flight_iata":"Y43264","airline_name":"Volaris","dep_iata":"TIJ","arr_iata":"CLQ","sta_utc":"2025-11-06T15:59:00.000","eta_utc":"2025-11-06T16:00:00.000","ata_utc":null,"status":"scheduled","delay_min":1,"terminal":null,"gate":"5","_source":"avs"},{"flight_iata":"VB5116","airline_name":"VivaAerobus","dep_iata":"TIJ","arr_iata":"PBC","sta_utc":"2025-11-06T16:30:00.000","eta_utc":"2025-11-06T16:40:00.000","ata_utc":null,"status":"scheduled","delay_min":10,"terminal":null,"gate":null,"_source":"avs"},{"flight_iata":"Y45611","airline_name":"Volaris","dep_iata":"TIJ","arr_iata":"MTY","sta_utc":"2025-11-06T16:34:00.000","eta_utc":"2025-11-06T16:34:00.000","ata_utc":null,"status":"scheduled","delay_min":0,"terminal":null,"gate":"13","_source":"avs"},{"flight_iata":"Y43184","airline_name":"Volaris","dep_iata":"TIJ","arr_iata":"HMO","sta_utc":"2025-11-06T16:37:00.000","eta_utc":"2025-11-06T16:37:00.000","ata_utc":null,"status":"scheduled","delay_min":0,"terminal":null,"gate":"4","_source":"avs"},{"flight_iata":"UX2546","airline_name":"Air Europa","dep_iata":"TIJ","arr_iata":"MEX","sta_utc":"2025-11-06T16:42:00.000","eta_utc":"2025-11-06T16:52:00.000","ata_utc":null,"status":"scheduled","delay_min":10,"terminal":null,"gate":null,"_source":"avs"},{"flight_iata":"WS5788","airline_name":"WestJet","dep_iata":"TIJ","arr_iata":"MEX","sta_utc":"2025-11-06T16:42:00.000","eta_utc":"2025-11-06T16:52:00.000","ata_utc":null,"status":"scheduled","delay_min":10,"terminal":null,"gate":null,"_source":"avs"},{"flight_iata":"AM187","airline_name":"Aeromexico","dep_iata":"TIJ","arr_iata":"MEX","sta_utc":"2025-11-06T16:42:00.000","eta_utc":"2025-11-06T16:52:00.000","ata_utc":null,"status":"scheduled","delay_min":10,"terminal":null,"gate":null,"_source":"avs"},{"flight_iata":"Y43060","airline_name":"Volaris","dep_iata":"TIJ","arr_iata":"MLM","sta_utc":"2025-11-06T17:02:00.000","eta_utc":"2025-11-06T17:02:00.000","ata_utc":null,"status":"scheduled","delay_min":0,"terminal":null,"gate":"18","_source":"avs"}]}