{"rows":[{"flight_iata":"Y41002","airline_name":"Volaris","dep_iata":"GDL","arr_iata":"TIJ","sta_utc":"2025-11-11T06:29:00.000","eta_utc":"2025-11-11T09:23:00.000","ata_utc":null,"status":"scheduled","delay_min":174,"terminal":null,"gate":null,"_source":"avs"},{"flight_iata":"HU7926","airline_name":"Hainan Airlines","dep_iata":"MEX","arr_iata":"TIJ","sta_utc":"2025-11-11T06:30:00.000","eta_utc":"2025-11-11T08:00:00.000","ata_utc":null,"status":"scheduled","delay_min":90,"terminal":null,"gate":null,"_source":"avs"},{"flight_iata":"IB7499","airline_name":"Iberia","dep_iata":"MEX","arr_iata":"TIJ","sta_utc":"2025-11-11T06:35:00.000","eta_utc":"2025-11-11T06:28:00.000","ata_utc":"2025-11-11T06:28:00.000","status":"landed","delay_min":-7,"terminal":null,"gate":null,"_source":"avs"},{"flight_iata":"VB1232","airline_name":"VivaAerobus","dep_iata":"MEX","arr_iata":"TIJ","sta_utc":"2025-11-11T06:35:00.000","eta_utc":"2025-11-11T06:28:00.000","ata_utc":"2025-11-11T06:28:00.000","status":"landed","delay_min":-7,"terminal":null,"gate":null,"_source":"avs"},{"flight_iata":"VB3114","airline_name":"VivaAerobus","dep_iata":"GDL","arr_iata":"TIJ","sta_utc":"2025-11-11T07:05:00.000","eta_utc":"2025-11-11T07:44:00.000","ata_utc":"2025-11-11T07:46:00.000","status":"landed","delay_min":39,"terminal":null,"gate":null,"_source":"avs"},{"flight_iata":"Y4180","airline_name":"Volaris","dep_iata":"MEX","arr_iata":"TIJ","sta_utc":"2025-11-11T07:15:00.000","eta_utc":"2025-11-11T09:06:00.000","ata_utc":null,"status":"scheduled","delay_min":111,"terminal":null,"gate":null,"_source":"avs"},{"flight_iata":"H24080","airline_name":"Sky Airline","dep_iata":"MTY","arr_iata":"TIJ","sta_utc":"2025-11-11T07:30:00.000","eta_utc":"2025-11-11T07:31:00.000","ata_utc":"2025-11-11T07:32:00.000","status":"landed","delay_min":1,"terminal":null,"gate":null,"_source":"avs"},{"flight_iata":"Y41004","airline_name":"Volaris","dep_iata":"GDL","arr_iata":"TIJ","sta_utc":"2025-11-11T07:30:00.000","eta_utc":"2025-11-11T09:10:00.000","ata_utc":null,"status":"scheduled","delay_min":100,"terminal":null,"gate":null,"_source":"avs"},{"flight_iata":"Y43352","airline_name":"Volaris","dep_iata":"QRO","arr_iata":"TIJ","sta_utc":"2025-11-11T07:40:00.000","eta_utc":"2025-11-11T09:18:00.000","ata_utc":null,"status":"scheduled","delay_min":98,"terminal":null,"gate":null,"_source":"avs"},{"flight_iata":"VB5069","airline_name":"VivaAerobus","dep_iata":"NLU","arr_iata":"TIJ","sta_utc":"2025-11-11T07:45:00.000","eta_utc":"2025-11-11T08:18:00.000","ata_utc":"2025-11-11T08:16:00.000","status":"landed","delay_min":33,"terminal":null,"gate":null,"_source":"avs"},{"flight_iata":"Y43201","airline_name":"Volaris","dep_iata":"AGU","arr_iata":"TIJ","sta_utc":"2025-11-11T07:58:00.000","eta_utc":"2025-11-11T08:39:00.000","ata_utc":"2025-11-11T08:39:00.000","status":"landed","delay_min":41,"terminal":null,"gate":null,"_source":"avs"},{"flight_iata":"VB5025","airline_name":"VivaAerobus","dep_iata":"BJX","arr_iata":"TIJ","sta_utc":"2025-11-11T08:00:00.000","eta_utc":"2025-11-11T07:49:00.000","ata_utc":"2025-11-11T07:49:00.000","status":"landed","delay_min":-11,"terminal":null,"gate":null,"_source":"avs"},{"flight_iata":"Y43251","airline_name":"Volaris","dep_iata":"DGO","arr_iata":"TIJ","sta_utc":"2025-11-11T08:08:00.000","eta_utc":"2025-11-11T09:00:00.000","ata_utc":"2025-11-11T08:57:00.000","status":"landed","delay_min":52,"terminal":null,"gate":null,"_source":"avs"},{"flight_iata":"Y43045","airline_name":"Volaris","dep_iata":"BJX","arr_iata":"TIJ","sta_utc":"2025-11-11T08:10:00.000","eta_utc":"2025-11-11T08:44:00.000","ata_utc":"2025-11-11T08:45:00.000","status":"landed","delay_min":34,"terminal":null,"gate":null,"_source":"avs"},{"flight_iata":"Y43211","airline_name":"Volaris","dep_iata":"ZCL","arr_iata":"TIJ","sta_utc":"2025-11-11T08:12:00.000","eta_utc":"2025-11-11T08:55:00.000","ata_utc":"2025-11-11T08:54:00.000","status":"landed","delay_min":43,"terminal":null,"gate":null,"_source":"avs"},{"flight_iata":"","airline_name":"empty","dep_iata":"ONT","arr_iata":"TIJ","sta_utc":"2025-11-11T08:17:00.000","eta_utc":null,"ata_utc":null,"status":"scheduled","delay_min":0,"terminal":null,"gate":null,"_source":"avs"},{"flight_iata":"VB5019","airline_name":"VivaAerobus","dep_iata":"MLM","arr_iata":"TIJ","sta_utc":"2025-11-11T08:20:00.000","eta_utc":"2025-11-11T08:20:00.000","ata_utc":"2025-11-11T08:20:00.000","status":"landed","delay_min":0,"terminal":null,"gate":null,"_source":"avs"},{"flight_iata":"Y43063","airline_name":"Volaris","dep_iata":"MLM","arr_iata":"TIJ","sta_utc":"2025-11-11T08:21:00.000","eta_utc":"2025-11-11T09:21:00.000","ata_utc":null,"status":"scheduled","delay_min":60,"terminal":null,"gate":null,"_source":"avs"},{"flight_iata":"FX8122","airline_name":"FedEx","dep_iata":"SAN","arr_iata":"TIJ","sta_utc":"2025-11-11T08:26:00.000","eta_utc":null,"ata_utc":null,"status":"unknown","delay_min":0,"terminal":null,"gate":null,"_source":"avs"},{"flight_iata":"Y41000","airline_name":"Volaris","dep_iata":"GDL","arr_iata":"TIJ","sta_utc":"2025-11-11T08:32:00.000","eta_utc":"2025-11-11T09:45:00.000","ata_utc":null,"status":"scheduled","delay_min":73,"terminal":null,"gate":null,"_source":"avs"},{"flight_iata":"AF8149","airline_name":"Air France","dep_iata":"MEX","arr_iata":"TIJ","sta_utc":"2025-11-11T08:33:00.000","eta_utc":"2025-11-11T08:11:00.000","ata_utc":"2025-11-11T08:12:00.000","status":"landed","delay_min":-22,"terminal":null,"gate":"3","_source":"avs"},{"flight_iata":"KL8940","airline_name":"KLM","dep_iata":"MEX","arr_iata":"TIJ","sta_utc":"2025-11-11T08:33:00.000","eta_utc":"2025-11-11T08:11:00.000","ata_utc":"2025-11-11T08:12:00.000","status":"landed","delay_min":-22,"terminal":null,"gate":"3","_source":"avs"},{"flight_iata":"WS5789","airline_name":"WestJet","dep_iata":"MEX","arr_iata":"TIJ","sta_utc":"2025-11-11T08:33:00.000","eta_utc":"2025-11-11T08:11:00.000","ata_utc":"2025-11-11T08:12:00.000","status":"landed","delay_min":-22,"terminal":null,"gate":"3","_source":"avs"},{"flight_iata":"AM110","airline_name":"Aeromexico","dep_iata":"MEX","arr_iata":"TIJ","sta_utc":"2025-11-11T08:33:00.000","eta_utc":"2025-11-11T08:11:00.000","ata_utc":"2025-11-11T08:12:00.000","status":"landed","delay_min":-22,"terminal":null,"gate":"3","_source":"avs"},{"flight_iata":"Y43141","airline_name":"Volaris","dep_iata":"OAX","arr_iata":"TIJ","sta_utc":"2025-11-11T09:01:00.000","eta_utc":"2025-11-11T10:31:00.000","ata_utc":null,"status":"scheduled","delay_min":90,"terminal":null,"gate":null,"_source":"avs"},{"flight_iata":"Y45907","airline_name":"Volaris","dep_iata":"MLM","arr_iata":"TIJ","sta_utc":"2025-11-11T09:19:00.000","eta_utc":"2025-11-11T08:48:00.000","ata_utc":"2025-11-11T08:49:00.000","status":"landed","delay_min":-31,"terminal":null,"gate":null,"_source":"avs"},{"flight_iata":"Y43281","airline_name":"Volaris","dep_iata":"CJS","arr_iata":"TIJ","sta_utc":"2025-11-11T09:22:00.000","eta_utc":null,"ata_utc":null,"status":"cancelled","delay_min":0,"terminal":null,"gate":null,"_source":"avs"},{"flight_iata":"VB3120","airline_name":"VivaAerobus","dep_iata":"GDL","arr_iata":"TIJ","sta_utc":"2025-11-11T09:30:00.000","eta_utc":"2025-11-11T09:34:00.000","ata_utc":null,"status":"active","delay_min":4,"terminal":null,"gate":null,"_source":"avs"},{"flight_iata":"VB5075","airline_name":"VivaAerobus","dep_iata":"OAX","arr_iata":"TIJ","sta_utc":"2025-11-11T09:30:00.000","eta_utc":"2025-11-11T09:03:00.000","ata_utc":"2025-11-11T09:00:00.000","status":"landed","delay_min":-27,"terminal":null,"gate":null,"_source":"avs"},{"flight_iata":"Y43231","airline_name":"Volaris","dep_iata":"LAP","arr_iata":"TIJ","sta_utc":"2025-11-11T09:31:00.000","eta_utc":"2025-11-11T09:36:00.000","ata_utc":null,"status":"active","delay_min":5,"terminal":null,"gate":null,"_source":"avs"},{"flight_iata":"VB5141","airline_name":"VivaAerobus","dep_iata":"VER","arr_iata":"TIJ","sta_utc":"2025-11-11T09:45:00.000","eta_utc":"2025-11-11T09:59:00.000","ata_utc":null,"status":"active","delay_min":14,"terminal":null,"gate":null,"_source":"avs"},{"flight_iata":"Y43181","airline_name":"Volaris","dep_iata":"HMO","arr_iata":"TIJ","sta_utc":"2025-11-11T10:01:00.000","eta_utc":null,"ata_utc":null,"status":"scheduled","delay_min":0,"terminal":null,"gate":null,"_source":"avs"},{"flight_iata":"AF9961","airline_name":"Air France","dep_iata":"MEX","arr_iata":"TIJ","sta_utc":"2025-11-11T10:05:00.000","eta_utc":"2025-11-11T09:55:00.000","ata_utc":null,"status":"active","delay_min":-10,"terminal":null,"gate":"1","_source":"avs"},{"flight_iata":"AZ6705","airline_name":"Alitalia","dep_iata":"MEX","arr_iata":"TIJ","sta_utc":"2025-11-11T10:05:00.000","eta_utc":"2025-11-11T09:55:00.000","ata_utc":null,"status":"active","delay_min":-10,"terminal":null,"gate":"1","_source":"avs"},{"flight_iata":"UX2513","airline_name":"Air Europa","dep_iata":"MEX","arr_iata":"TIJ","sta_utc":"2025-11-11T10:05:00.000","eta_utc":"2025-11-11T09:55:00.000","ata_utc":null,"status":"active","delay_min":-10,"terminal":null,"gate":"1","_source":"avs"},{"flight_iata":"AM170","airline_name":"Aeromexico","dep_iata":"MEX","arr_iata":"TIJ","sta_utc":"2025-11-11T10:05:00.000","eta_utc":"2025-11-11T09:55:00.000","ata_utc":null,"status":"active","delay_min":-10,"terminal":null,"gate":"1","_source":"avs"},{"flight_iata":"Y43001","airline_name":"Volaris","dep_iata":"CUL","arr_iata":"TIJ","sta_utc":"2025-11-11T10:52:00.000","eta_utc":null,"ata_utc":null,"status":"scheduled","delay_min":0,"terminal":null,"gate":null,"_source":"avs"},{"flight_iata":"Y43291","airline_name":"Volaris","dep_iata":"CUU","arr_iata":"TIJ","sta_utc":"2025-11-11T10:55:00.000","eta_utc":null,"ata_utc":null,"status":"scheduled","delay_min":0,"terminal":null,"gate":null,"_source":"avs"},{"flight_iata":"Y45608","airline_name":"Volaris","dep_iata":"MTY","arr_iata":"TIJ","sta_utc":"2025-11-11T10:57:00.000","eta_utc":"2025-11-11T10:27:00.000","ata_utc":null,"status":"active","delay_min":-30,"terminal":null,"gate":null,"_source":"avs"},{"flight_iata":"VB5003","airline_name":"VivaAerobus","dep_iata":"CUL","arr_iata":"TIJ","sta_utc":"2025-11-11T11:00:00.000","eta_utc":"2025-11-11T10:46:00.000","ata_utc":null,"status":"active","delay_min":-14,"terminal":null,"gate":null,"_source":"avs"},{"flight_iata":"Y43193","airline_name":"Volaris","dep_iata":"MZT","arr_iata":"TIJ","sta_utc":"2025-11-11T11:24:00.000","eta_utc":"2025-11-11T11:05:00.000","ata_utc":null,"status":"active","delay_min":-19,"terminal":null,"gate":null,"_source":"avs"},{"flight_iata":"Y43371","airline_name":"Volaris","dep_iata":"TRC","arr_iata":"TIJ","sta_utc":"2025-11-11T11:26:00.000","eta_utc":null,"ata_utc":null,"status":"scheduled","delay_min":0,"terminal":null,"gate":null,"_source":"avs"},{"flight_iata":"Y43269","airline_name":"Volaris","dep_iata":"ACA","arr_iata":"TIJ","sta_utc":"2025-11-11T11:45:00.000","eta_utc":"2025-11-11T11:14:00.000","ata_utc":null,"status":"active","delay_min":-31,"terminal":null,"gate":null,"_source":"avs"},{"flight_iata":"AM172","airline_name":"Aeromexico","dep_iata":"MEX","arr_iata":"TIJ","sta_utc":"2025-11-11T12:06:00.000","eta_utc":"2025-11-11T12:09:00.000","ata_utc":null,"status":"active","delay_min":3,"terminal":null,"gate":null,"_source":"avs"},{"flight_iata":"Y43263","airline_name":"Volaris","dep_iata":"CLQ","arr_iata":"TIJ","sta_utc":"2025-11-11T12:50:00.000","eta_utc":null,"ata_utc":null,"status":"scheduled","delay_min":0,"terminal":null,"gate":null,"_source":"avs"},{"flight_iata":"Y43213","airline_name":"Volaris","dep_iata":"ZCL","arr_iata":"TIJ","sta_utc":"2025-11-11T13:07:00.000","eta_utc":null,"ata_utc":null,"status":"scheduled","delay_min":0,"terminal":null,"gate":null,"_source":"avs"},{"flight_iata":"VB3110","airline_name":"VivaAerobus","dep_iata":"GDL","arr_iata":"TIJ","sta_utc":"2025-11-11T13:25:00.000","eta_utc":null,"ata_utc":null,"status":"scheduled","delay_min":0,"terminal":null,"gate":null,"_source":"avs"},{"flight_iata":"Y43233","airline_name":"Volaris","dep_iata":"LAP","arr_iata":"TIJ","sta_utc":"2025-11-11T13:39:00.000","eta_utc":null,"ata_utc":null,"status":"cancelled","delay_min":0,"terminal":null,"gate":null,"_source":"avs"},{"flight_iata":"Y43183","airline_name":"Volaris","dep_iata":"HMO","arr_iata":"TIJ","sta_utc":"2025-11-11T13:47:00.000","eta_utc":null,"ata_utc":null,"status":"scheduled","delay_min":0,"terminal":null,"gate":null,"_source":"avs"},{"flight_iata":"Y45941","airline_name":"Volaris","dep_iata":"PBC","arr_iata":"TIJ","sta_utc":"2025-11-11T13:51:00.000","eta_utc":null,"ata_utc":null,"status":"scheduled","delay_min":0,"terminal":null,"gate":null,"_source":"avs"},{"flight_iata":"Y43101","airline_name":"Volaris","dep_iata":"SJD","arr_iata":"TIJ","sta_utc":"2025-11-11T14:10:00.000","eta_utc":null,"ata_utc":null,"status":"scheduled","delay_min":0,"terminal":null,"gate":null,"_source":"avs"},{"flight_iata":"Y41014","airline_name":"Volaris","dep_iata":"GDL","arr_iata":"TIJ","sta_utc":"2025-11-11T14:14:00.000","eta_utc":null,"ata_utc":null,"status":"scheduled","delay_min":0,"terminal":null,"gate":null,"_source":"avs"},{"flight_iata":"VB4084","airline_name":"VivaAerobus","dep_iata":"MTY","arr_iata":"TIJ","sta_utc":"2025-11-11T14:40:00.000","eta_utc":null,"ata_utc":null,"status":"scheduled","delay_min":0,"terminal":null,"gate":null,"_source":"avs"},{"flight_iata":"Y4182","airline_name":"Volaris","dep_iata":"MEX","arr_iata":"TIJ","sta_utc":"2025-11-11T14:50:00.000","eta_utc":null,"ata_utc":null,"status":"scheduled","delay_min":0,"terminal":null,"gate":null,"_source":"avs"},{"flight_iata":"Y43121","airline_name":"Volaris","dep_iata":"PVR","arr_iata":"TIJ","sta_utc":"2025-11-11T14:51:00.000","eta_utc":null,"ata_utc":null,"status":"scheduled","delay_min":0,"terminal":null,"gate":null,"_source":"avs"},{"flight_iata":"AM174","airline_name":"Aeromexico","dep_iata":"MEX","arr_iata":"TIJ","sta_utc":"2025-11-11T15:06:00.000","eta_utc":null,"ata_utc":null,"status":"scheduled","delay_min":0,"terminal":null,"gate":null,"_source":"avs"},{"flight_iata":"Y43365","airline_name":"Volaris","dep_iata":"ZIH","arr_iata":"TIJ","sta_utc":"2025-11-11T15:18:00.000","eta_utc":null,"ata_utc":null,"status":"scheduled","delay_min":0,"terminal":null,"gate":null,"_source":"avs"},{"flight_iata":"Y43191","airline_name":"Volaris","dep_iata":"MZT","arr_iata":"TIJ","sta_utc":"2025-11-11T15:19:00.000","eta_utc":null,"ata_utc":null,"status":"scheduled","delay_min":0,"terminal":null,"gate":null,"_source":"avs"},{"flight_iata":"Y43221","airline_name":"Volaris","dep_iata":"PBC","arr_iata":"TIJ","sta_utc":"2025-11-11T15:44:00.000","eta_utc":null,"ata_utc":null,"status":"scheduled","delay_min":0,"terminal":null,"gate":null,"_source":"avs"},{"flight_iata":"Y43257","airline_name":"Volaris","dep_iata":"LMM","arr_iata":"TIJ","sta_utc":"2025-11-11T15:57:00.000","eta_utc":null,"ata_utc":null,"status":"scheduled","delay_min":0,"terminal":null,"gate":null,"_source":"avs"},{"flight_iata":"Y43061","airline_name":"Volaris","dep_iata":"MLM","arr_iata":"TIJ","sta_utc":"2025-11-11T16:09:00.000","eta_utc":null,"ata_utc":null,"status":"scheduled","delay_min":0,"terminal":null,"gate":null,"_source":"avs"}]}