{"rows":[{"flight_iata":"E7302","airline_name":"Estafeta Carga Aerea","dep_iata":"HMO","arr_iata":"TIJ","sta_utc":"2025-11-09T21:00:00.000","eta_utc":"2025-11-09T19:40:00.000","ata_utc":"2025-11-09T19:37:00.000","status":"landed","delay_min":-80,"terminal":"2","gate":null,"_source":"avs"},{"flight_iata":"Y43241","airline_name":"Volaris","dep_iata":"TPQ","arr_iata":"TIJ","sta_utc":"2025-11-09T21:53:00.000","eta_utc":"2025-11-09T21:57:00.000","ata_utc":null,"status":"diverted","delay_min":4,"terminal":"2","gate":null,"_source":"avs"},{"flight_iata":"AF8156","airline_name":"Air France","dep_iata":"MEX","arr_iata":"TIJ","sta_utc":"2025-11-09T21:55:00.000","eta_utc":"2025-11-09T21:06:00.000","ata_utc":"2025-11-09T21:09:00.000","status":"landed","delay_min":-49,"terminal":"2","gate":"4","_source":"avs"},{"flight_iata":"G33836","airline_name":"Gol","dep_iata":"MEX","arr_iata":"TIJ","sta_utc":"2025-11-09T21:55:00.000","eta_utc":"2025-11-09T21:06:00.000","ata_utc":"2025-11-09T21:09:00.000","status":"landed","delay_min":-49,"terminal":"2","gate":"4","_source":"avs"},{"flight_iata":"LA7730","airline_name":"LATAM Airlines","dep_iata":"MEX","arr_iata":"TIJ","sta_utc":"2025-11-09T21:55:00.000","eta_utc":"2025-11-09T21:06:00.000","ata_utc":"2025-11-09T21:09:00.000","status":"landed","delay_min":-49,"terminal":"2","gate":"4","_source":"avs"},{"flight_iata":"AM184","airline_name":"Aeromexico","dep_iata":"MEX","arr_iata":"TIJ","sta_utc":"2025-11-09T21:55:00.000","eta_utc":"2025-11-09T21:06:00.000","ata_utc":"2025-11-09T21:09:00.000","status":"landed","delay_min":-49,"terminal":"2","gate":"4","_source":"avs"},{"flight_iata":"Y43259","airline_name":"Volaris","dep_iata":"LMM","arr_iata":"TIJ","sta_utc":"2025-11-09T21:55:00.000","eta_utc":"2025-11-09T22:24:00.000","ata_utc":null,"status":"diverted","delay_min":29,"terminal":"2","gate":null,"_source":"avs"},{"flight_iata":"Y43317","airline_name":"Volaris","dep_iata":"CEN","arr_iata":"TIJ","sta_utc":"2025-11-09T21:57:00.000","eta_utc":"2025-11-09T22:17:00.000","ata_utc":null,"status":"scheduled","delay_min":20,"terminal":"2","gate":null,"_source":"avs"},{"flight_iata":"Y41016","airline_name":"Volaris","dep_iata":"GDL","arr_iata":"TIJ","sta_utc":"2025-11-09T21:59:00.000","eta_utc":"2025-11-10T00:34:00.000","ata_utc":null,"status":"scheduled","delay_min":155,"terminal":"2","gate":null,"_source":"avs"},{"flight_iata":"Y43377","airline_name":"Volaris","dep_iata":"SLP","arr_iata":"TIJ","sta_utc":"2025-11-09T22:32:00.000","eta_utc":"2025-11-10T00:11:00.000","ata_utc":null,"status":"diverted","delay_min":99,"terminal":"2","gate":null,"_source":"avs"},{"flight_iata":"Y43283","airline_name":"Volaris","dep_iata":"CJS","arr_iata":"TIJ","sta_utc":"2025-11-09T22:33:00.000","eta_utc":"2025-11-09T22:30:00.000","ata_utc":null,"status":"diverted","delay_min":-3,"terminal":"2","gate":null,"_source":"avs"},{"flight_iata":"Y45928","airline_name":"Volaris","dep_iata":"CLQ","arr_iata":"TIJ","sta_utc":"2025-11-09T22:34:00.000","eta_utc":"2025-11-09T22:32:00.000","ata_utc":null,"status":"diverted","delay_min":-2,"terminal":"2","gate":null,"_source":"avs"},{"flight_iata":"IB7501","airline_name":"Iberia","dep_iata":"MEX","arr_iata":"TIJ","sta_utc":"2025-11-09T22:40:00.000","eta_utc":"2025-11-09T22:58:00.000","ata_utc":null,"status":"scheduled","delay_min":18,"terminal":"2","gate":null,"_source":"avs"},{"flight_iata":"VB1250","airline_name":"VivaAerobus","dep_iata":"MEX","arr_iata":"TIJ","sta_utc":"2025-11-09T22:40:00.000","eta_utc":"2025-11-09T22:58:00.000","ata_utc":null,"status":"scheduled","delay_min":18,"terminal":"2","gate":null,"_source":"avs"},{"flight_iata":"VB5009","airline_name":"VivaAerobus","dep_iata":"CUL","arr_iata":"TIJ","sta_utc":"2025-11-09T22:55:00.000","eta_utc":"2025-11-09T23:13:00.000","ata_utc":null,"status":"scheduled","delay_min":18,"terminal":"2","gate":null,"_source":"avs"},{"flight_iata":"Y45610","airline_name":"Volaris","dep_iata":"MTY","arr_iata":"TIJ","sta_utc":"2025-11-09T22:58:00.000","eta_utc":"2025-11-10T01:30:00.000","ata_utc":null,"status":"diverted","delay_min":152,"terminal":"2","gate":null,"_source":"avs"},{"flight_iata":"VB5067","airline_name":"VivaAerobus","dep_iata":"NLU","arr_iata":"TIJ","sta_utc":"2025-11-09T23:00:00.000","eta_utc":"2025-11-09T22:36:00.000","ata_utc":null,"status":"diverted","delay_min":-24,"terminal":"2","gate":null,"_source":"avs"},{"flight_iata":"Y45912","airline_name":"Volaris","dep_iata":"GDL","arr_iata":"TIJ","sta_utc":"2025-11-09T23:02:00.000","eta_utc":"2025-11-09T22:51:00.000","ata_utc":null,"status":"diverted","delay_min":-11,"terminal":"2","gate":null,"_source":"avs"},{"flight_iata":"VB3108","airline_name":"VivaAerobus","dep_iata":"GDL","arr_iata":"TIJ","sta_utc":"2025-11-09T23:05:00.000","eta_utc":"2025-11-10T00:00:00.000","ata_utc":null,"status":"diverted","delay_min":55,"terminal":"2","gate":null,"_source":"avs"},{"flight_iata":"Y43383","airline_name":"Volaris","dep_iata":"VER","arr_iata":"TIJ","sta_utc":"2025-11-09T23:05:00.000","eta_utc":"2025-11-10T00:27:00.000","ata_utc":null,"status":"diverted","delay_min":82,"terminal":"2","gate":null,"_source":"avs"},{"flight_iata":"IB7500","airline_name":"Iberia","dep_iata":"MEX","arr_iata":"TIJ","sta_utc":"2025-11-09T23:20:00.000","eta_utc":"2025-11-10T00:02:00.000","ata_utc":null,"status":"diverted","delay_min":42,"terminal":"2","gate":null,"_source":"avs"},{"flight_iata":"VB1248","airline_name":"VivaAerobus","dep_iata":"MEX","arr_iata":"TIJ","sta_utc":"2025-11-09T23:20:00.000","eta_utc":"2025-11-10T00:02:00.000","ata_utc":null,"status":"diverted","delay_min":42,"terminal":"2","gate":null,"_source":"avs"},{"flight_iata":"Y43047","airline_name":"Volaris","dep_iata":"BJX","arr_iata":"TIJ","sta_utc":"2025-11-09T23:38:00.000","eta_utc":"2025-11-09T23:23:00.000","ata_utc":null,"status":"diverted","delay_min":-15,"terminal":"2","gate":null,"_source":"avs"},{"flight_iata":"VB7362","airline_name":"VivaAerobus","dep_iata":"BJX","arr_iata":"TIJ","sta_utc":"2025-11-09T23:40:00.000","eta_utc":null,"ata_utc":null,"status":"unknown","delay_min":0,"terminal":"2","gate":null,"_source":"avs"},{"flight_iata":"Y4186","airline_name":"Volaris","dep_iata":"MEX","arr_iata":"TIJ","sta_utc":"2025-11-09T23:45:00.000","eta_utc":"2025-11-09T23:53:00.000","ata_utc":null,"status":"diverted","delay_min":8,"terminal":"2","gate":null,"_source":"avs"},{"flight_iata":"VB5117","airline_name":"VivaAerobus","dep_iata":"PBC","arr_iata":"TIJ","sta_utc":"2025-11-10T00:05:00.000","eta_utc":"2025-11-10T02:55:00.000","ata_utc":null,"status":"diverted","delay_min":170,"terminal":"2","gate":null,"_source":"avs"},{"flight_iata":"VB5043","airline_name":"VivaAerobus","dep_iata":"MZT","arr_iata":"TIJ","sta_utc":"2025-11-10T00:30:00.000","eta_utc":null,"ata_utc":null,"status":"unknown","delay_min":0,"terminal":"2","gate":null,"_source":"avs"},{"flight_iata":"KL8942","airline_name":"KLM","dep_iata":"MEX","arr_iata":"TIJ","sta_utc":"2025-11-10T00:35:00.000","eta_utc":"2025-11-10T01:14:00.000","ata_utc":null,"status":"diverted","delay_min":39,"terminal":"2","gate":null,"_source":"avs"},{"flight_iata":"WS5780","airline_name":"WestJet","dep_iata":"MEX","arr_iata":"TIJ","sta_utc":"2025-11-10T00:35:00.000","eta_utc":"2025-11-10T01:14:00.000","ata_utc":null,"status":"diverted","delay_min":39,"terminal":"2","gate":null,"_source":"avs"},{"flight_iata":"AM192","airline_name":"Aeromexico","dep_iata":"MEX","arr_iata":"TIJ","sta_utc":"2025-11-10T00:35:00.000","eta_utc":"2025-11-10T01:14:00.000","ata_utc":null,"status":"diverted","delay_min":39,"terminal":"2","gate":null,"_source":"avs"},{"flight_iata":"Y41010","airline_name":"Volaris","dep_iata":"GDL","arr_iata":"TIJ","sta_utc":"2025-11-10T00:48:00.000","eta_utc":null,"ata_utc":null,"status":"cancelled","delay_min":0,"terminal":"2","gate":null,"_source":"avs"},{"flight_iata":"Y43297","airline_name":"Volaris","dep_iata":"NLU","arr_iata":"TIJ","sta_utc":"2025-11-10T00:51:00.000","eta_utc":null,"ata_utc":null,"status":"unknown","delay_min":0,"terminal":"2","gate":null,"_source":"avs"},{"flight_iata":"VB3118","airline_name":"VivaAerobus","dep_iata":"GDL","arr_iata":"TIJ","sta_utc":"2025-11-10T01:20:00.000","eta_utc":null,"ata_utc":null,"status":"unknown","delay_min":0,"terminal":"2","gate":null,"_source":"avs"},{"flight_iata":"CZ491","airline_name":"China Southern Airlines","dep_iata":"PVG","arr_iata":"TIJ","sta_utc":"2025-11-10T03:30:00.000","eta_utc":null,"ata_utc":null,"status":"scheduled","delay_min":0,"terminal":"2","gate":null,"_source":"avs"},{"flight_iata":"Y41002","airline_name":"Volaris","dep_iata":"GDL","arr_iata":"TIJ","sta_utc":"2025-11-10T06:29:00.000","eta_utc":null,"ata_utc":null,"status":"scheduled","delay_min":0,"terminal":"2","gate":null,"_source":"avs"},{"flight_iata":"HU7926","airline_name":"Hainan Airlines","dep_iata":"MEX","arr_iata":"TIJ","sta_utc":"2025-11-10T06:30:00.000","eta_utc":null,"ata_utc":null,"status":"scheduled","delay_min":0,"terminal":"2","gate":null,"_source":"avs"},{"flight_iata":"IB7499","airline_name":"Iberia","dep_iata":"MEX","arr_iata":"TIJ","sta_utc":"2025-11-10T06:35:00.000","eta_utc":null,"ata_utc":null,"status":"scheduled","delay_min":0,"terminal":"2","gate":null,"_source":"avs"},{"flight_iata":"VB1232","airline_name":"VivaAerobus","dep_iata":"MEX","arr_iata":"TIJ","sta_utc":"2025-11-10T06:35:00.000","eta_utc":null,"ata_utc":null,"status":"scheduled","delay_min":0,"terminal":"2","gate":null,"_source":"avs"},{"flight_iata":"Y4180","airline_name":"Volaris","dep_iata":"MEX","arr_iata":"TIJ","sta_utc":"2025-11-10T07:15:00.000","eta_utc":null,"ata_utc":null,"status":"scheduled","delay_min":0,"terminal":"2","gate":null,"_source":"avs"},{"flight_iata":"VB4080","airline_name":"VivaAerobus","dep_iata":"MTY","arr_iata":"TIJ","sta_utc":"2025-11-10T07:30:00.000","eta_utc":null,"ata_utc":null,"status":"scheduled","delay_min":0,"terminal":"2","gate":null,"_source":"avs"},{"flight_iata":"Y41004","airline_name":"Volaris","dep_iata":"GDL","arr_iata":"TIJ","sta_utc":"2025-11-10T07:30:00.000","eta_utc":null,"ata_utc":null,"status":"scheduled","delay_min":0,"terminal":"2","gate":null,"_source":"avs"},{"flight_iata":"Y43352","airline_name":"Volaris","dep_iata":"QRO","arr_iata":"TIJ","sta_utc":"2025-11-10T07:40:00.000","eta_utc":null,"ata_utc":null,"status":"scheduled","delay_min":0,"terminal":"2","gate":null,"_source":"avs"},{"flight_iata":"VB5069","airline_name":"VivaAerobus","dep_iata":"NLU","arr_iata":"TIJ","sta_utc":"2025-11-10T07:45:00.000","eta_utc":null,"ata_utc":null,"status":"scheduled","delay_min":0,"terminal":"2","gate":null,"_source":"avs"},{"flight_iata":"Y43201","airline_name":"Volaris","dep_iata":"AGU","arr_iata":"TIJ","sta_utc":"2025-11-10T07:58:00.000","eta_utc":null,"ata_utc":null,"status":"cancelled","delay_min":0,"terminal":"2","gate":null,"_source":"avs"},{"flight_iata":"VB5025","airline_name":"VivaAerobus","dep_iata":"BJX","arr_iata":"TIJ","sta_utc":"2025-11-10T08:00:00.000","eta_utc":null,"ata_utc":null,"status":"scheduled","delay_min":0,"terminal":"2","gate":null,"_source":"avs"},{"flight_iata":"AF8149","airline_name":"Air France","dep_iata":"MEX","arr_iata":"TIJ","sta_utc":"2025-11-10T08:08:00.000","eta_utc":null,"ata_utc":null,"status":"scheduled","delay_min":0,"terminal":"2","gate":"3","_source":"avs"},{"flight_iata":"KL8940","airline_name":"KLM","dep_iata":"MEX","arr_iata":"TIJ","sta_utc":"2025-11-10T08:08:00.000","eta_utc":null,"ata_utc":null,"status":"scheduled","delay_min":0,"terminal":"2","gate":"3","_source":"avs"},{"flight_iata":"WS5779","airline_name":"WestJet","dep_iata":"MEX","arr_iata":"TIJ","sta_utc":"2025-11-10T08:08:00.000","eta_utc":null,"ata_utc":null,"status":"scheduled","delay_min":0,"terminal":"2","gate":"3","_source":"avs"},{"flight_iata":"WS5789","airline_name":"WestJet","dep_iata":"MEX","arr_iata":"TIJ","sta_utc":"2025-11-10T08:08:00.000","eta_utc":null,"ata_utc":null,"status":"scheduled","delay_min":0,"terminal":"2","gate":"3","_source":"avs"},{"flight_iata":"AM110","airline_name":"Aeromexico","dep_iata":"MEX","arr_iata":"TIJ","sta_utc":"2025-11-10T08:08:00.000","eta_utc":null,"ata_utc":null,"status":"scheduled","delay_min":0,"terminal":"2","gate":"3","_source":"avs"},{"flight_iata":"Y43251","airline_name":"Volaris","dep_iata":"DGO","arr_iata":"TIJ","sta_utc":"2025-11-10T08:08:00.000","eta_utc":null,"ata_utc":null,"status":"cancelled","delay_min":0,"terminal":"2","gate":null,"_source":"avs"},{"flight_iata":"Y43045","airline_name":"Volaris","dep_iata":"BJX","arr_iata":"TIJ","sta_utc":"2025-11-10T08:10:00.000","eta_utc":null,"ata_utc":null,"status":"scheduled","delay_min":0,"terminal":"2","gate":null,"_source":"avs"},{"flight_iata":"Y43211","airline_name":"Volaris","dep_iata":"ZCL","arr_iata":"TIJ","sta_utc":"2025-11-10T08:12:00.000","eta_utc":null,"ata_utc":null,"status":"scheduled","delay_min":0,"terminal":"2","gate":null,"_source":"avs"},{"flight_iata":"VB5019","airline_name":"VivaAerobus","dep_iata":"MLM","arr_iata":"TIJ","sta_utc":"2025-11-10T08:20:00.000","eta_utc":null,"ata_utc":null,"status":"scheduled","delay_min":0,"terminal":"2","gate":null,"_source":"avs"},{"flight_iata":"VB5147","airline_name":"VivaAerobus","dep_iata":"QRO","arr_iata":"TIJ","sta_utc":"2025-11-10T08:20:00.000","eta_utc":null,"ata_utc":null,"status":"scheduled","delay_min":0,"terminal":"2","gate":null,"_source":"avs"},{"flight_iata":"Y43063","airline_name":"Volaris","dep_iata":"MLM","arr_iata":"TIJ","sta_utc":"2025-11-10T08:21:00.000","eta_utc":null,"ata_utc":null,"status":"scheduled","delay_min":0,"terminal":"2","gate":null,"_source":"avs"},{"flight_iata":"Y45933","airline_name":"Volaris","dep_iata":"TGZ","arr_iata":"TIJ","sta_utc":"2025-11-10T08:28:00.000","eta_utc":null,"ata_utc":null,"status":"scheduled","delay_min":0,"terminal":"2","gate":null,"_source":"avs"},{"flight_iata":"Y41000","airline_name":"Volaris","dep_iata":"GDL","arr_iata":"TIJ","sta_utc":"2025-11-10T08:32:00.000","eta_utc":null,"ata_utc":null,"status":"scheduled","delay_min":0,"terminal":"2","gate":null,"_source":"avs"},{"flight_iata":"Y43141","airline_name":"Volaris","dep_iata":"OAX","arr_iata":"TIJ","sta_utc":"2025-11-10T09:01:00.000","eta_utc":null,"ata_utc":null,"status":"cancelled","delay_min":0,"terminal":"2","gate":null,"_source":"avs"},{"flight_iata":"Y45905","airline_name":"Volaris","dep_iata":"TAP","arr_iata":"TIJ","sta_utc":"2025-11-10T09:21:00.000","eta_utc":null,"ata_utc":null,"status":"cancelled","delay_min":0,"terminal":"2","gate":null,"_source":"avs"},{"flight_iata":"VB3120","airline_name":"VivaAerobus","dep_iata":"GDL","arr_iata":"TIJ","sta_utc":"2025-11-10T09:30:00.000","eta_utc":null,"ata_utc":null,"status":"scheduled","delay_min":0,"terminal":"2","gate":null,"_source":"avs"},{"flight_iata":"VB5075","airline_name":"VivaAerobus","dep_iata":"OAX","arr_iata":"TIJ","sta_utc":"2025-11-10T09:30:00.000","eta_utc":null,"ata_utc":null,"status":"scheduled","delay_min":0,"terminal":"2","gate":null,"_source":"avs"},{"flight_iata":"Y43231","airline_name":"Volaris","dep_iata":"LAP","arr_iata":"TIJ","sta_utc":"2025-11-10T09:31:00.000","eta_utc":null,"ata_utc":null,"status":"scheduled","delay_min":0,"terminal":"2","gate":null,"_source":"avs"},{"flight_iata":"Y43181","airline_name":"Volaris","dep_iata":"HMO","arr_iata":"TIJ","sta_utc":"2025-11-10T10:01:00.000","eta_utc":null,"ata_utc":null,"status":"cancelled","delay_min":0,"terminal":"2","gate":null,"_source":"avs"},{"flight_iata":"AF9961","airline_name":"Air France","dep_iata":"MEX","arr_iata":"TIJ","sta_utc":"2025-11-10T10:05:00.000","eta_utc":null,"ata_utc":null,"status":"scheduled","delay_min":0,"terminal":"2","gate":"1","_source":"avs"},{"flight_iata":"UX2513","airline_name":"Air Europa","dep_iata":"MEX","arr_iata":"TIJ","sta_utc":"2025-11-10T10:05:00.000","eta_utc":null,"ata_utc":null,"status":"scheduled","delay_min":0,"terminal":"2","gate":"1","_source":"avs"},{"flight_iata":"AZ6705","airline_name":"Alitalia","dep_iata":"MEX","arr_iata":"TIJ","sta_utc":"2025-11-10T10:05:00.000","eta_utc":null,"ata_utc":null,"status":"scheduled","delay_min":0,"terminal":"2","gate":"1","_source":"avs"},{"flight_iata":"AM170","airline_name":"Aeromexico","dep_iata":"MEX","arr_iata":"TIJ","sta_utc":"2025-11-10T10:05:00.000","eta_utc":null,"ata_utc":null,"status":"scheduled","delay_min":0,"terminal":"2","gate":"1","_source":"avs"},{"flight_iata":"Y43001","airline_name":"Volaris","dep_iata":"CUL","arr_iata":"TIJ","sta_utc":"2025-11-10T10:52:00.000","eta_utc":null,"ata_utc":null,"status":"cancelled","delay_min":0,"terminal":"2","gate":null,"_source":"avs"},{"flight_iata":"Y43291","airline_name":"Volaris","dep_iata":"CUU","arr_iata":"TIJ","sta_utc":"2025-11-10T10:55:00.000","eta_utc":null,"ata_utc":null,"status":"cancelled","delay_min":0,"terminal":"2","gate":null,"_source":"avs"},{"flight_iata":"Y45608","airline_name":"Volaris","dep_iata":"MTY","arr_iata":"TIJ","sta_utc":"2025-11-10T10:57:00.000","eta_utc":null,"ata_utc":null,"status":"scheduled","delay_min":0,"terminal":"2","gate":null,"_source":"avs"},{"flight_iata":"VB5003","airline_name":"VivaAerobus","dep_iata":"CUL","arr_iata":"TIJ","sta_utc":"2025-11-10T11:00:00.000","eta_utc":null,"ata_utc":null,"status":"scheduled","delay_min":0,"terminal":"2","gate":null,"_source":"avs"}]}