{"rows":[{"flight_iata":"Y41002","airline_name":"Volaris","dep_iata":"GDL","arr_iata":"TIJ","sta_utc":"2025-11-06T06:29:00.000","eta_utc":"2025-11-06T06:14:00.000","ata_utc":"2025-11-06T06:11:00.000","status":"landed","delay_min":-15,"terminal":null,"gate":null,"_source":"avs"},{"flight_iata":"IB7499","airline_name":"Iberia","dep_iata":"MEX","arr_iata":"TIJ","sta_utc":"2025-11-06T06:35:00.000","eta_utc":"2025-11-06T06:40:00.000","ata_utc":"2025-11-06T06:39:00.000","status":"landed","delay_min":5,"terminal":null,"gate":null,"_source":"avs"},{"flight_iata":"VB1232","airline_name":"VivaAerobus","dep_iata":"MEX","arr_iata":"TIJ","sta_utc":"2025-11-06T06:35:00.000","eta_utc":"2025-11-06T06:40:00.000","ata_utc":"2025-11-06T06:39:00.000","status":"landed","delay_min":5,"terminal":null,"gate":null,"_source":"avs"},{"flight_iata":"VB3114","airline_name":"VivaAerobus","dep_iata":"GDL","arr_iata":"TIJ","sta_utc":"2025-11-06T07:05:00.000","eta_utc":"2025-11-06T06:56:00.000","ata_utc":"2025-11-06T06:56:00.000","status":"landed","delay_min":-9,"terminal":null,"gate":null,"_source":"avs"},{"flight_iata":"Y4180","airline_name":"Volaris","dep_iata":"MEX","arr_iata":"TIJ","sta_utc":"2025-11-06T07:15:00.000","eta_utc":"2025-11-06T07:30:00.000","ata_utc":"2025-11-06T07:31:00.000","status":"landed","delay_min":15,"terminal":null,"gate":null,"_source":"avs"},{"flight_iata":"H24080","airline_name":"Sky Airline","dep_iata":"MTY","arr_iata":"TIJ","sta_utc":"2025-11-06T07:30:00.000","eta_utc":"2025-11-06T07:09:00.000","ata_utc":"2025-11-06T07:09:00.000","status":"landed","delay_min":-21,"terminal":null,"gate":null,"_source":"avs"},{"flight_iata":"Y41004","airline_name":"Volaris","dep_iata":"GDL","arr_iata":"TIJ","sta_utc":"2025-11-06T07:30:00.000","eta_utc":"2025-11-06T07:23:00.000","ata_utc":"2025-11-06T07:23:00.000","status":"landed","delay_min":-7,"terminal":null,"gate":null,"_source":"avs"},{"flight_iata":"Y43352","airline_name":"Volaris","dep_iata":"QRO","arr_iata":"TIJ","sta_utc":"2025-11-06T07:40:00.000","eta_utc":"2025-11-06T07:28:00.000","ata_utc":"2025-11-06T07:28:00.000","status":"landed","delay_min":-12,"terminal":null,"gate":null,"_source":"avs"},{"flight_iata":"VB5069","airline_name":"VivaAerobus","dep_iata":"NLU","arr_iata":"TIJ","sta_utc":"2025-11-06T07:45:00.000","eta_utc":"2025-11-06T07:32:00.000","ata_utc":"2025-11-06T07:34:00.000","status":"landed","delay_min":-13,"terminal":null,"gate":null,"_source":"avs"},{"flight_iata":"Y43201","airline_name":"Volaris","dep_iata":"AGU","arr_iata":"TIJ","sta_utc":"2025-11-06T07:58:00.000","eta_utc":"2025-11-06T07:43:00.000","ata_utc":"2025-11-06T07:42:00.000","status":"landed","delay_min":-15,"terminal":null,"gate":null,"_source":"avs"},{"flight_iata":"VB5025","airline_name":"VivaAerobus","dep_iata":"BJX","arr_iata":"TIJ","sta_utc":"2025-11-06T08:00:00.000","eta_utc":null,"ata_utc":null,"status":"scheduled","delay_min":0,"terminal":null,"gate":null,"_source":"avs"},{"flight_iata":"E7314","airline_name":"Estafeta Carga Aerea","dep_iata":"GDL","arr_iata":"TIJ","sta_utc":"2025-11-06T08:05:00.000","eta_utc":"2025-11-06T08:07:00.000","ata_utc":"2025-11-06T08:06:00.000","status":"landed","delay_min":2,"terminal":null,"gate":null,"_source":"avs"},{"flight_iata":"Y43251","airline_name":"Volaris","dep_iata":"DGO","arr_iata":"TIJ","sta_utc":"2025-11-06T08:08:00.000","eta_utc":"2025-11-06T07:55:00.000","ata_utc":"2025-11-06T07:56:00.000","status":"landed","delay_min":-13,"terminal":null,"gate":null,"_source":"avs"},{"flight_iata":"Y43045","airline_name":"Volaris","dep_iata":"BJX","arr_iata":"TIJ","sta_utc":"2025-11-06T08:10:00.000","eta_utc":"2025-11-06T07:59:00.000","ata_utc":"2025-11-06T07:59:00.000","status":"landed","delay_min":-11,"terminal":null,"gate":null,"_source":"avs"},{"flight_iata":"Y43211","airline_name":"Volaris","dep_iata":"ZCL","arr_iata":"TIJ","sta_utc":"2025-11-06T08:12:00.000","eta_utc":"2025-11-06T07:45:00.000","ata_utc":"2025-11-06T07:45:00.000","status":"landed","delay_min":-27,"terminal":null,"gate":null,"_source":"avs"},{"flight_iata":"VB5019","airline_name":"VivaAerobus","dep_iata":"MLM","arr_iata":"TIJ","sta_utc":"2025-11-06T08:20:00.000","eta_utc":"2025-11-06T08:02:00.000","ata_utc":"2025-11-06T08:03:00.000","status":"landed","delay_min":-18,"terminal":null,"gate":null,"_source":"avs"},{"flight_iata":"Y43063","airline_name":"Volaris","dep_iata":"MLM","arr_iata":"TIJ","sta_utc":"2025-11-06T08:21:00.000","eta_utc":"2025-11-06T08:09:00.000","ata_utc":"2025-11-06T08:09:00.000","status":"landed","delay_min":-12,"terminal":null,"gate":null,"_source":"avs"},{"flight_iata":"Y41000","airline_name":"Volaris","dep_iata":"GDL","arr_iata":"TIJ","sta_utc":"2025-11-06T08:32:00.000","eta_utc":"2025-11-06T08:12:00.000","ata_utc":"2025-11-06T08:14:00.000","status":"landed","delay_min":-20,"terminal":null,"gate":null,"_source":"avs"},{"flight_iata":"AF8149","airline_name":"Air France","dep_iata":"MEX","arr_iata":"TIJ","sta_utc":"2025-11-06T08:33:00.000","eta_utc":"2025-11-06T08:22:00.000","ata_utc":"2025-11-06T08:22:00.000","status":"landed","delay_min":-11,"terminal":null,"gate":"3","_source":"avs"},{"flight_iata":"KL8940","airline_name":"KLM","dep_iata":"MEX","arr_iata":"TIJ","sta_utc":"2025-11-06T08:33:00.000","eta_utc":"2025-11-06T08:22:00.000","ata_utc":"2025-11-06T08:22:00.000","status":"landed","delay_min":-11,"terminal":null,"gate":"3","_source":"avs"},{"flight_iata":"WS5789","airline_name":"WestJet","dep_iata":"MEX","arr_iata":"TIJ","sta_utc":"2025-11-06T08:33:00.000","eta_utc":"2025-11-06T08:22:00.000","ata_utc":"2025-11-06T08:22:00.000","status":"landed","delay_min":-11,"terminal":null,"gate":"3","_source":"avs"},{"flight_iata":"WS5787","airline_name":"WestJet","dep_iata":"MEX","arr_iata":"TIJ","sta_utc":"2025-11-06T08:33:00.000","eta_utc":"2025-11-06T08:22:00.000","ata_utc":"2025-11-06T08:22:00.000","status":"landed","delay_min":-11,"terminal":null,"gate":"3","_source":"avs"},{"flight_iata":"AM110","airline_name":"Aeromexico","dep_iata":"MEX","arr_iata":"TIJ","sta_utc":"2025-11-06T08:33:00.000","eta_utc":"2025-11-06T08:22:00.000","ata_utc":"2025-11-06T08:22:00.000","status":"landed","delay_min":-11,"terminal":null,"gate":"3","_source":"avs"},{"flight_iata":"Y43141","airline_name":"Volaris","dep_iata":"OAX","arr_iata":"TIJ","sta_utc":"2025-11-06T09:01:00.000","eta_utc":"2025-11-06T08:41:00.000","ata_utc":"2025-11-06T08:42:00.000","status":"landed","delay_min":-20,"terminal":null,"gate":null,"_source":"avs"},{"flight_iata":"Y43281","airline_name":"Volaris","dep_iata":"CJS","arr_iata":"TIJ","sta_utc":"2025-11-06T09:22:00.000","eta_utc":"2025-11-06T09:01:00.000","ata_utc":"2025-11-06T09:03:00.000","status":"landed","delay_min":-21,"terminal":null,"gate":null,"_source":"avs"},{"flight_iata":"VB3120","airline_name":"VivaAerobus","dep_iata":"GDL","arr_iata":"TIJ","sta_utc":"2025-11-06T09:30:00.000","eta_utc":"2025-11-06T09:56:00.000","ata_utc":"2025-11-06T09:53:00.000","status":"landed","delay_min":26,"terminal":null,"gate":null,"_source":"avs"},{"flight_iata":"VB5075","airline_name":"VivaAerobus","dep_iata":"OAX","arr_iata":"TIJ","sta_utc":"2025-11-06T09:30:00.000","eta_utc":"2025-11-06T09:30:00.000","ata_utc":"2025-11-06T09:32:00.000","status":"landed","delay_min":0,"terminal":null,"gate":null,"_source":"avs"},{"flight_iata":"Y43231","airline_name":"Volaris","dep_iata":"LAP","arr_iata":"TIJ","sta_utc":"2025-11-06T09:31:00.000","eta_utc":"2025-11-06T09:07:00.000","ata_utc":"2025-11-06T09:06:00.000","status":"landed","delay_min":-24,"terminal":null,"gate":null,"_source":"avs"},{"flight_iata":"VB5141","airline_name":"VivaAerobus","dep_iata":"VER","arr_iata":"TIJ","sta_utc":"2025-11-06T09:45:00.000","eta_utc":"2025-11-06T09:28:00.000","ata_utc":"2025-11-06T09:28:00.000","status":"landed","delay_min":-17,"terminal":null,"gate":null,"_source":"avs"},{"flight_iata":"Y43181","airline_name":"Volaris","dep_iata":"HMO","arr_iata":"TIJ","sta_utc":"2025-11-06T10:01:00.000","eta_utc":"2025-11-06T09:42:00.000","ata_utc":"2025-11-06T09:40:00.000","status":"landed","delay_min":-19,"terminal":null,"gate":null,"_source":"avs"},{"flight_iata":"UX2513","airline_name":"Air Europa","dep_iata":"MEX","arr_iata":"TIJ","sta_utc":"2025-11-06T10:05:00.000","eta_utc":"2025-11-06T09:35:00.000","ata_utc":"2025-11-06T09:35:00.000","status":"landed","delay_min":-30,"terminal":null,"gate":"1","_source":"avs"},{"flight_iata":"AZ6705","airline_name":"Alitalia","dep_iata":"MEX","arr_iata":"TIJ","sta_utc":"2025-11-06T10:05:00.000","eta_utc":"2025-11-06T09:35:00.000","ata_utc":"2025-11-06T09:35:00.000","status":"landed","delay_min":-30,"terminal":null,"gate":"1","_source":"avs"},{"flight_iata":"AM170","airline_name":"Aeromexico","dep_iata":"MEX","arr_iata":"TIJ","sta_utc":"2025-11-06T10:05:00.000","eta_utc":"2025-11-06T09:35:00.000","ata_utc":"2025-11-06T09:35:00.000","status":"landed","delay_min":-30,"terminal":null,"gate":"1","_source":"avs"},{"flight_iata":"Y43001","airline_name":"Volaris","dep_iata":"CUL","arr_iata":"TIJ","sta_utc":"2025-11-06T10:52:00.000","eta_utc":"2025-11-06T10:57:00.000","ata_utc":null,"status":"active","delay_min":5,"terminal":null,"gate":null,"_source":"avs"},{"flight_iata":"Y43291","airline_name":"Volaris","dep_iata":"CUU","arr_iata":"TIJ","sta_utc":"2025-11-06T10:55:00.000","eta_utc":"2025-11-06T10:22:00.000","ata_utc":"2025-11-06T10:24:00.000","status":"landed","delay_min":-33,"terminal":null,"gate":null,"_source":"avs"},{"flight_iata":"Y45608","airline_name":"Volaris","dep_iata":"MTY","arr_iata":"TIJ","sta_utc":"2025-11-06T10:57:00.000","eta_utc":"2025-11-06T10:32:00.000","ata_utc":null,"status":"active","delay_min":-25,"terminal":null,"gate":null,"_source":"avs"},{"flight_iata":"VB5003","airline_name":"VivaAerobus","dep_iata":"CUL","arr_iata":"TIJ","sta_utc":"2025-11-06T11:00:00.000","eta_utc":"2025-11-06T10:37:00.000","ata_utc":null,"status":"active","delay_min":-23,"terminal":null,"gate":null,"_source":"avs"},{"flight_iata":"Y43193","airline_name":"Volaris","dep_iata":"MZT","arr_iata":"TIJ","sta_utc":"2025-11-06T11:24:00.000","eta_utc":"2025-11-06T11:16:00.000","ata_utc":null,"status":"active","delay_min":-8,"terminal":null,"gate":null,"_source":"avs"},{"flight_iata":"Y43371","airline_name":"Volaris","dep_iata":"TRC","arr_iata":"TIJ","sta_utc":"2025-11-06T11:26:00.000","eta_utc":"2025-11-06T11:09:00.000","ata_utc":null,"status":"active","delay_min":-17,"terminal":null,"gate":null,"_source":"avs"},{"flight_iata":"AA6455","airline_name":"American Airlines","dep_iata":"PHX","arr_iata":"TIJ","sta_utc":"2025-11-06T11:34:00.000","eta_utc":null,"ata_utc":null,"status":"scheduled","delay_min":0,"terminal":null,"gate":null,"_source":"avs"},{"flight_iata":"AA6455","airline_name":"American Airlines","dep_iata":"PHX","arr_iata":"TIJ","sta_utc":"2025-11-06T11:34:00.000","eta_utc":null,"ata_utc":null,"status":"scheduled","delay_min":0,"terminal":null,"gate":"B2","_source":"avs"},{"flight_iata":"Y43269","airline_name":"Volaris","dep_iata":"ACA","arr_iata":"TIJ","sta_utc":"2025-11-06T11:45:00.000","eta_utc":"2025-11-06T11:03:00.000","ata_utc":null,"status":"active","delay_min":-42,"terminal":null,"gate":null,"_source":"avs"},{"flight_iata":"AM172","airline_name":"Aeromexico","dep_iata":"MEX","arr_iata":"TIJ","sta_utc":"2025-11-06T12:29:00.000","eta_utc":"2025-11-06T12:07:00.000","ata_utc":null,"status":"active","delay_min":-22,"terminal":null,"gate":null,"_source":"avs"},{"flight_iata":"Y43263","airline_name":"Volaris","dep_iata":"CLQ","arr_iata":"TIJ","sta_utc":"2025-11-06T12:50:00.000","eta_utc":"2025-11-06T12:30:00.000","ata_utc":null,"status":"active","delay_min":-20,"terminal":null,"gate":null,"_source":"avs"},{"flight_iata":"VB3110","airline_name":"VivaAerobus","dep_iata":"GDL","arr_iata":"TIJ","sta_utc":"2025-11-06T13:25:00.000","eta_utc":null,"ata_utc":null,"status":"scheduled","delay_min":0,"terminal":null,"gate":null,"_source":"avs"},{"flight_iata":"Y43233","airline_name":"Volaris","dep_iata":"LAP","arr_iata":"TIJ","sta_utc":"2025-11-06T13:39:00.000","eta_utc":null,"ata_utc":null,"status":"scheduled","delay_min":0,"terminal":null,"gate":null,"_source":"avs"},{"flight_iata":"Y43183","airline_name":"Volaris","dep_iata":"HMO","arr_iata":"TIJ","sta_utc":"2025-11-06T13:47:00.000","eta_utc":null,"ata_utc":null,"status":"scheduled","delay_min":0,"terminal":null,"gate":null,"_source":"avs"},{"flight_iata":"Y45941","airline_name":"Volaris","dep_iata":"PBC","arr_iata":"TIJ","sta_utc":"2025-11-06T13:51:00.000","eta_utc":"2025-11-06T13:32:00.000","ata_utc":null,"status":"active","delay_min":-19,"terminal":null,"gate":null,"_source":"avs"},{"flight_iata":"Y43101","airline_name":"Volaris","dep_iata":"SJD","arr_iata":"TIJ","sta_utc":"2025-11-06T14:10:00.000","eta_utc":null,"ata_utc":null,"status":"scheduled","delay_min":0,"terminal":null,"gate":null,"_source":"avs"},{"flight_iata":"Y41014","airline_name":"Volaris","dep_iata":"GDL","arr_iata":"TIJ","sta_utc":"2025-11-06T14:14:00.000","eta_utc":null,"ata_utc":null,"status":"scheduled","delay_min":0,"terminal":null,"gate":null,"_source":"avs"},{"flight_iata":"VB4084","airline_name":"VivaAerobus","dep_iata":"MTY","arr_iata":"TIJ","sta_utc":"2025-11-06T14:40:00.000","eta_utc":null,"ata_utc":null,"status":"scheduled","delay_min":0,"terminal":null,"gate":null,"_source":"avs"},{"flight_iata":"Y4182","airline_name":"Volaris","dep_iata":"MEX","arr_iata":"TIJ","sta_utc":"2025-11-06T14:50:00.000","eta_utc":null,"ata_utc":null,"status":"scheduled","delay_min":0,"terminal":null,"gate":null,"_source":"avs"},{"flight_iata":"Y43121","airline_name":"Volaris","dep_iata":"PVR","arr_iata":"TIJ","sta_utc":"2025-11-06T14:51:00.000","eta_utc":null,"ata_utc":null,"status":"scheduled","delay_min":0,"terminal":null,"gate":null,"_source":"avs"},{"flight_iata":"Y43365","airline_name":"Volaris","dep_iata":"ZIH","arr_iata":"TIJ","sta_utc":"2025-11-06T15:18:00.000","eta_utc":null,"ata_utc":null,"status":"scheduled","delay_min":0,"terminal":null,"gate":null,"_source":"avs"},{"flight_iata":"Y43191","airline_name":"Volaris","dep_iata":"MZT","arr_iata":"TIJ","sta_utc":"2025-11-06T15:19:00.000","eta_utc":null,"ata_utc":null,"status":"scheduled","delay_min":0,"terminal":null,"gate":null,"_source":"avs"},{"flight_iata":"AM174","airline_name":"Aeromexico","dep_iata":"MEX","arr_iata":"TIJ","sta_utc":"2025-11-06T15:26:00.000","eta_utc":null,"ata_utc":null,"status":"scheduled","delay_min":0,"terminal":null,"gate":null,"_source":"avs"},{"flight_iata":"Y43221","airline_name":"Volaris","dep_iata":"PBC","arr_iata":"TIJ","sta_utc":"2025-11-06T15:44:00.000","eta_utc":null,"ata_utc":null,"status":"scheduled","delay_min":0,"terminal":null,"gate":null,"_source":"avs"},{"flight_iata":"Y43257","airline_name":"Volaris","dep_iata":"LMM","arr_iata":"TIJ","sta_utc":"2025-11-06T15:57:00.000","eta_utc":null,"ata_utc":null,"status":"scheduled","delay_min":0,"terminal":null,"gate":null,"_source":"avs"},{"flight_iata":"Y43061","airline_name":"Volaris","dep_iata":"MLM","arr_iata":"TIJ","sta_utc":"2025-11-06T16:09:00.000","eta_utc":null,"ata_utc":null,"status":"scheduled","delay_min":0,"terminal":null,"gate":null,"_source":"avs"},{"flight_iata":"Y43355","airline_name":"Volaris","dep_iata":"QRO","arr_iata":"TIJ","sta_utc":"2025-11-06T16:17:00.000","eta_utc":null,"ata_utc":null,"status":"scheduled","delay_min":0,"terminal":null,"gate":null,"_source":"avs"},{"flight_iata":"Y43005","airline_name":"Volaris","dep_iata":"CUL","arr_iata":"TIJ","sta_utc":"2025-11-06T16:36:00.000","eta_utc":null,"ata_utc":null,"status":"scheduled","delay_min":0,"terminal":null,"gate":null,"_source":"avs"},{"flight_iata":"Y43235","airline_name":"Volaris","dep_iata":"LAP","arr_iata":"TIJ","sta_utc":"2025-11-06T16:48:00.000","eta_utc":null,"ata_utc":null,"status":"scheduled","delay_min":0,"terminal":null,"gate":null,"_source":"avs"},{"flight_iata":"Y43081","airline_name":"Volaris","dep_iata":"CUN","arr_iata":"TIJ","sta_utc":"2025-11-06T17:06:00.000","eta_utc":null,"ata_utc":null,"status":"scheduled","delay_min":0,"terminal":null,"gate":null,"_source":"avs"}]}