{"rows":[{"flight_iata":"Y43191","airline_name":"Volaris","dep_iata":"MZT","arr_iata":"TIJ","sta_utc":"2025-11-09T15:19:00.000","eta_utc":"2025-11-09T15:58:00.000","ata_utc":"2025-11-09T15:55:00.000","status":"landed","delay_min":39,"terminal":null,"gate":null,"_source":"avs"},{"flight_iata":"Y45935","airline_name":"Volaris","dep_iata":"ACA","arr_iata":"TIJ","sta_utc":"2025-11-09T15:20:00.000","eta_utc":"2025-11-09T14:44:00.000","ata_utc":"2025-11-09T14:45:00.000","status":"landed","delay_min":-36,"terminal":null,"gate":null,"_source":"avs"},{"flight_iata":"Y43221","airline_name":"Volaris","dep_iata":"PBC","arr_iata":"TIJ","sta_utc":"2025-11-09T15:44:00.000","eta_utc":"2025-11-09T15:37:00.000","ata_utc":"2025-11-09T15:37:00.000","status":"landed","delay_min":-7,"terminal":null,"gate":null,"_source":"avs"},{"flight_iata":"Y43257","airline_name":"Volaris","dep_iata":"LMM","arr_iata":"TIJ","sta_utc":"2025-11-09T15:57:00.000","eta_utc":"2025-11-09T15:41:00.000","ata_utc":"2025-11-09T15:39:00.000","status":"landed","delay_min":-16,"terminal":null,"gate":null,"_source":"avs"},{"flight_iata":"Y43061","airline_name":"Volaris","dep_iata":"MLM","arr_iata":"TIJ","sta_utc":"2025-11-09T16:09:00.000","eta_utc":"2025-11-09T15:46:00.000","ata_utc":"2025-11-09T15:47:00.000","status":"landed","delay_min":-23,"terminal":null,"gate":null,"_source":"avs"},{"flight_iata":"AM174","airline_name":"Aeromexico","dep_iata":"MEX","arr_iata":"TIJ","sta_utc":"2025-11-09T16:15:00.000","eta_utc":"2025-11-09T15:52:00.000","ata_utc":"2025-11-09T15:52:00.000","status":"landed","delay_min":-23,"terminal":null,"gate":null,"_source":"avs"},{"flight_iata":"Y43005","airline_name":"Volaris","dep_iata":"CUL","arr_iata":"TIJ","sta_utc":"2025-11-09T16:36:00.000","eta_utc":"2025-11-09T16:29:00.000","ata_utc":"2025-11-09T16:29:00.000","status":"landed","delay_min":-7,"terminal":null,"gate":null,"_source":"avs"},{"flight_iata":"Y43235","airline_name":"Volaris","dep_iata":"LAP","arr_iata":"TIJ","sta_utc":"2025-11-09T16:48:00.000","eta_utc":"2025-11-09T17:30:00.000","ata_utc":"2025-11-09T17:30:00.000","status":"landed","delay_min":42,"terminal":null,"gate":null,"_source":"avs"},{"flight_iata":"Y43081","airline_name":"Volaris","dep_iata":"CUN","arr_iata":"TIJ","sta_utc":"2025-11-09T17:06:00.000","eta_utc":"2025-11-09T17:31:00.000","ata_utc":"2025-11-09T17:23:00.000","status":"landed","delay_min":25,"terminal":null,"gate":null,"_source":"avs"},{"flight_iata":"Y43205","airline_name":"Volaris","dep_iata":"AGU","arr_iata":"TIJ","sta_utc":"2025-11-09T17:08:00.000","eta_utc":"2025-11-09T17:08:00.000","ata_utc":"2025-11-09T17:06:00.000","status":"landed","delay_min":0,"terminal":null,"gate":null,"_source":"avs"},{"flight_iata":"Y43103","airline_name":"Volaris","dep_iata":"SJD","arr_iata":"TIJ","sta_utc":"2025-11-09T17:10:00.000","eta_utc":"2025-11-09T17:16:00.000","ata_utc":"2025-11-09T17:15:00.000","status":"landed","delay_min":6,"terminal":null,"gate":null,"_source":"avs"},{"flight_iata":"VB1254","airline_name":"VivaAerobus","dep_iata":"MEX","arr_iata":"TIJ","sta_utc":"2025-11-09T17:15:00.000","eta_utc":"2025-11-09T17:10:00.000","ata_utc":"2025-11-09T17:10:00.000","status":"landed","delay_min":-5,"terminal":null,"gate":null,"_source":"avs"},{"flight_iata":"VB5085","airline_name":"VivaAerobus","dep_iata":"PVR","arr_iata":"TIJ","sta_utc":"2025-11-09T17:20:00.000","eta_utc":"2025-11-09T18:14:00.000","ata_utc":null,"status":"scheduled","delay_min":54,"terminal":null,"gate":null,"_source":"avs"},{"flight_iata":"Y43123","airline_name":"Volaris","dep_iata":"PVR","arr_iata":"TIJ","sta_utc":"2025-11-09T17:26:00.000","eta_utc":null,"ata_utc":null,"status":"scheduled","delay_min":0,"terminal":null,"gate":null,"_source":"avs"},{"flight_iata":"AM178","airline_name":"Aeromexico","dep_iata":"MEX","arr_iata":"TIJ","sta_utc":"2025-11-09T17:30:00.000","eta_utc":"2025-11-09T17:22:00.000","ata_utc":"2025-11-09T17:20:00.000","status":"landed","delay_min":-8,"terminal":null,"gate":null,"_source":"avs"},{"flight_iata":"VB2264","airline_name":"VivaAerobus","dep_iata":"CUN","arr_iata":"TIJ","sta_utc":"2025-11-09T17:40:00.000","eta_utc":"2025-11-09T17:39:00.000","ata_utc":"2025-11-09T17:41:00.000","status":"landed","delay_min":-1,"terminal":null,"gate":null,"_source":"avs"},{"flight_iata":"HU7925","airline_name":"Hainan Airlines","dep_iata":"PEK","arr_iata":"TIJ","sta_utc":"2025-11-09T17:55:00.000","eta_utc":"2025-11-09T18:06:00.000","ata_utc":"2025-11-09T18:09:00.000","status":"landed","delay_min":11,"terminal":null,"gate":null,"_source":"avs"},{"flight_iata":"VB7429","airline_name":"VivaAerobus","dep_iata":"NLU","arr_iata":"TIJ","sta_utc":"2025-11-09T18:05:00.000","eta_utc":"2025-11-09T19:21:00.000","ata_utc":null,"status":"scheduled","delay_min":76,"terminal":null,"gate":null,"_source":"avs"},{"flight_iata":"Y43323","airline_name":"Volaris","dep_iata":"TLC","arr_iata":"TIJ","sta_utc":"2025-11-09T18:05:00.000","eta_utc":"2025-11-09T19:13:00.000","ata_utc":null,"status":"scheduled","delay_min":68,"terminal":null,"gate":null,"_source":"avs"},{"flight_iata":"Y43043","airline_name":"Volaris","dep_iata":"BJX","arr_iata":"TIJ","sta_utc":"2025-11-09T18:16:00.000","eta_utc":"2025-11-09T17:55:00.000","ata_utc":"2025-11-09T17:54:00.000","status":"landed","delay_min":-21,"terminal":null,"gate":null,"_source":"avs"},{"flight_iata":"Y41006","airline_name":"Volaris","dep_iata":"GDL","arr_iata":"TIJ","sta_utc":"2025-11-09T18:17:00.000","eta_utc":"2025-11-09T18:23:00.000","ata_utc":"2025-11-09T18:31:00.000","status":"landed","delay_min":6,"terminal":null,"gate":null,"_source":"avs"},{"flight_iata":"H27401","airline_name":"Sky Airline","dep_iata":"MTY","arr_iata":"TIJ","sta_utc":"2025-11-09T18:50:00.000","eta_utc":"2025-11-09T18:28:00.000","ata_utc":"2025-11-09T18:35:00.000","status":"landed","delay_min":-22,"terminal":null,"gate":null,"_source":"avs"},{"flight_iata":"VB7433","airline_name":"VivaAerobus","dep_iata":"GDL","arr_iata":"TIJ","sta_utc":"2025-11-09T19:10:00.000","eta_utc":null,"ata_utc":null,"status":"scheduled","delay_min":0,"terminal":null,"gate":null,"_source":"avs"},{"flight_iata":"Y43125","airline_name":"Volaris","dep_iata":"PVR","arr_iata":"TIJ","sta_utc":"2025-11-09T19:15:00.000","eta_utc":"2025-11-09T21:00:00.000","ata_utc":null,"status":"scheduled","delay_min":105,"terminal":null,"gate":null,"_source":"avs"},{"flight_iata":"Y43293","airline_name":"Volaris","dep_iata":"CUU","arr_iata":"TIJ","sta_utc":"2025-11-09T19:15:00.000","eta_utc":"2025-11-09T20:33:00.000","ata_utc":null,"status":"scheduled","delay_min":78,"terminal":null,"gate":null,"_source":"avs"},{"flight_iata":"Y43009","airline_name":"Volaris","dep_iata":"CUL","arr_iata":"TIJ","sta_utc":"2025-11-09T19:26:00.000","eta_utc":"2025-11-09T19:28:00.000","ata_utc":"2025-11-09T19:27:00.000","status":"landed","delay_min":2,"terminal":null,"gate":null,"_source":"avs"},{"flight_iata":"VB7055","airline_name":"VivaAerobus","dep_iata":"SJD","arr_iata":"TIJ","sta_utc":"2025-11-09T19:45:00.000","eta_utc":"2025-11-09T19:55:00.000","ata_utc":"2025-11-09T19:54:00.000","status":"landed","delay_min":10,"terminal":null,"gate":null,"_source":"avs"},{"flight_iata":"","airline_name":"Pacific Coast Jet","dep_iata":"CXO","arr_iata":"TIJ","sta_utc":"2025-11-09T19:49:00.000","eta_utc":"2025-11-09T20:22:00.000","ata_utc":"2025-11-09T20:27:00.000","status":"landed","delay_min":33,"terminal":null,"gate":null,"_source":"avs"},{"flight_iata":"LA7588","airline_name":"LATAM Airlines","dep_iata":"MEX","arr_iata":"TIJ","sta_utc":"2025-11-09T19:50:00.000","eta_utc":"2025-11-09T19:46:00.000","ata_utc":"2025-11-09T19:48:00.000","status":"landed","delay_min":-4,"terminal":null,"gate":null,"_source":"avs"},{"flight_iata":"WS5785","airline_name":"WestJet","dep_iata":"MEX","arr_iata":"TIJ","sta_utc":"2025-11-09T19:50:00.000","eta_utc":"2025-11-09T19:46:00.000","ata_utc":"2025-11-09T19:48:00.000","status":"landed","delay_min":-4,"terminal":null,"gate":null,"_source":"avs"},{"flight_iata":"AM180","airline_name":"Aeromexico","dep_iata":"MEX","arr_iata":"TIJ","sta_utc":"2025-11-09T19:50:00.000","eta_utc":"2025-11-09T19:46:00.000","ata_utc":"2025-11-09T19:48:00.000","status":"landed","delay_min":-4,"terminal":null,"gate":null,"_source":"avs"},{"flight_iata":"Y43203","airline_name":"Volaris","dep_iata":"AGU","arr_iata":"TIJ","sta_utc":"2025-11-09T19:51:00.000","eta_utc":"2025-11-09T19:21:00.000","ata_utc":"2025-11-09T19:23:00.000","status":"landed","delay_min":-30,"terminal":null,"gate":null,"_source":"avs"},{"flight_iata":"Y43105","airline_name":"Volaris","dep_iata":"SJD","arr_iata":"TIJ","sta_utc":"2025-11-09T19:58:00.000","eta_utc":null,"ata_utc":null,"status":"unknown","delay_min":0,"terminal":null,"gate":null,"_source":"avs"},{"flight_iata":"Y43085","airline_name":"Volaris","dep_iata":"CUN","arr_iata":"TIJ","sta_utc":"2025-11-09T20:00:00.000","eta_utc":"2025-11-09T22:24:00.000","ata_utc":null,"status":"scheduled","delay_min":144,"terminal":null,"gate":null,"_source":"avs"},{"flight_iata":"Y43185","airline_name":"Volaris","dep_iata":"HMO","arr_iata":"TIJ","sta_utc":"2025-11-09T20:05:00.000","eta_utc":"2025-11-09T19:51:00.000","ata_utc":"2025-11-09T19:52:00.000","status":"landed","delay_min":-14,"terminal":null,"gate":null,"_source":"avs"},{"flight_iata":"Y41008","airline_name":"Volaris","dep_iata":"GDL","arr_iata":"TIJ","sta_utc":"2025-11-09T20:07:00.000","eta_utc":"2025-11-09T20:10:00.000","ata_utc":"2025-11-09T20:05:00.000","status":"landed","delay_min":3,"terminal":null,"gate":null,"_source":"avs"},{"flight_iata":"Y43275","airline_name":"Volaris","dep_iata":"UPN","arr_iata":"TIJ","sta_utc":"2025-11-09T20:09:00.000","eta_utc":"2025-11-09T19:57:00.000","ata_utc":"2025-11-09T19:58:00.000","status":"landed","delay_min":-12,"terminal":null,"gate":null,"_source":"avs"},{"flight_iata":"Y43223","airline_name":"Volaris","dep_iata":"PBC","arr_iata":"TIJ","sta_utc":"2025-11-09T20:16:00.000","eta_utc":"2025-11-09T20:01:00.000","ata_utc":"2025-11-09T20:01:00.000","status":"landed","delay_min":-15,"terminal":null,"gate":null,"_source":"avs"},{"flight_iata":"VB7371","airline_name":"VivaAerobus","dep_iata":"LAP","arr_iata":"TIJ","sta_utc":"2025-11-09T20:40:00.000","eta_utc":"2025-11-09T21:18:00.000","ata_utc":"2025-11-09T21:21:00.000","status":"landed","delay_min":38,"terminal":null,"gate":null,"_source":"avs"},{"flight_iata":"Y4184","airline_name":"Volaris","dep_iata":"MEX","arr_iata":"TIJ","sta_utc":"2025-11-09T20:45:00.000","eta_utc":"2025-11-09T20:49:00.000","ata_utc":"2025-11-09T20:52:00.000","status":"landed","delay_min":4,"terminal":null,"gate":null,"_source":"avs"},{"flight_iata":"E7302","airline_name":"Estafeta Carga Aerea","dep_iata":"HMO","arr_iata":"TIJ","sta_utc":"2025-11-09T21:00:00.000","eta_utc":"2025-11-09T19:40:00.000","ata_utc":"2025-11-09T19:37:00.000","status":"landed","delay_min":-80,"terminal":null,"gate":null,"_source":"avs"},{"flight_iata":"Y43241","airline_name":"Volaris","dep_iata":"TPQ","arr_iata":"TIJ","sta_utc":"2025-11-09T21:53:00.000","eta_utc":"2025-11-09T21:57:00.000","ata_utc":null,"status":"diverted","delay_min":4,"terminal":null,"gate":null,"_source":"avs"},{"flight_iata":"AF8156","airline_name":"Air France","dep_iata":"MEX","arr_iata":"TIJ","sta_utc":"2025-11-09T21:55:00.000","eta_utc":"2025-11-09T21:06:00.000","ata_utc":"2025-11-09T21:09:00.000","status":"landed","delay_min":-49,"terminal":null,"gate":"4","_source":"avs"},{"flight_iata":"G33836","airline_name":"Gol","dep_iata":"MEX","arr_iata":"TIJ","sta_utc":"2025-11-09T21:55:00.000","eta_utc":"2025-11-09T21:06:00.000","ata_utc":"2025-11-09T21:09:00.000","status":"landed","delay_min":-49,"terminal":null,"gate":"4","_source":"avs"},{"flight_iata":"LA7730","airline_name":"LATAM Airlines","dep_iata":"MEX","arr_iata":"TIJ","sta_utc":"2025-11-09T21:55:00.000","eta_utc":"2025-11-09T21:06:00.000","ata_utc":"2025-11-09T21:09:00.000","status":"landed","delay_min":-49,"terminal":null,"gate":"4","_source":"avs"},{"flight_iata":"AM184","airline_name":"Aeromexico","dep_iata":"MEX","arr_iata":"TIJ","sta_utc":"2025-11-09T21:55:00.000","eta_utc":"2025-11-09T21:06:00.000","ata_utc":"2025-11-09T21:09:00.000","status":"landed","delay_min":-49,"terminal":null,"gate":"4","_source":"avs"},{"flight_iata":"Y43259","airline_name":"Volaris","dep_iata":"LMM","arr_iata":"TIJ","sta_utc":"2025-11-09T21:55:00.000","eta_utc":"2025-11-09T22:24:00.000","ata_utc":null,"status":"diverted","delay_min":29,"terminal":null,"gate":null,"_source":"avs"},{"flight_iata":"Y43317","airline_name":"Volaris","dep_iata":"CEN","arr_iata":"TIJ","sta_utc":"2025-11-09T21:57:00.000","eta_utc":"2025-11-09T22:17:00.000","ata_utc":null,"status":"scheduled","delay_min":20,"terminal":null,"gate":null,"_source":"avs"},{"flight_iata":"Y41016","airline_name":"Volaris","dep_iata":"GDL","arr_iata":"TIJ","sta_utc":"2025-11-09T21:59:00.000","eta_utc":"2025-11-09T23:23:00.000","ata_utc":null,"status":"scheduled","delay_min":84,"terminal":null,"gate":null,"_source":"avs"},{"flight_iata":"Y43377","airline_name":"Volaris","dep_iata":"SLP","arr_iata":"TIJ","sta_utc":"2025-11-09T22:32:00.000","eta_utc":"2025-11-10T00:11:00.000","ata_utc":null,"status":"scheduled","delay_min":99,"terminal":null,"gate":null,"_source":"avs"},{"flight_iata":"Y43283","airline_name":"Volaris","dep_iata":"CJS","arr_iata":"TIJ","sta_utc":"2025-11-09T22:33:00.000","eta_utc":"2025-11-09T22:30:00.000","ata_utc":null,"status":"active","delay_min":-3,"terminal":null,"gate":null,"_source":"avs"},{"flight_iata":"Y45928","airline_name":"Volaris","dep_iata":"CLQ","arr_iata":"TIJ","sta_utc":"2025-11-09T22:34:00.000","eta_utc":"2025-11-09T22:32:00.000","ata_utc":null,"status":"diverted","delay_min":-2,"terminal":null,"gate":null,"_source":"avs"},{"flight_iata":"IB7501","airline_name":"Iberia","dep_iata":"MEX","arr_iata":"TIJ","sta_utc":"2025-11-09T22:40:00.000","eta_utc":"2025-11-09T22:58:00.000","ata_utc":null,"status":"scheduled","delay_min":18,"terminal":null,"gate":null,"_source":"avs"},{"flight_iata":"VB1250","airline_name":"VivaAerobus","dep_iata":"MEX","arr_iata":"TIJ","sta_utc":"2025-11-09T22:40:00.000","eta_utc":"2025-11-09T22:58:00.000","ata_utc":null,"status":"scheduled","delay_min":18,"terminal":null,"gate":null,"_source":"avs"},{"flight_iata":"VB5009","airline_name":"VivaAerobus","dep_iata":"CUL","arr_iata":"TIJ","sta_utc":"2025-11-09T22:55:00.000","eta_utc":"2025-11-09T23:13:00.000","ata_utc":null,"status":"scheduled","delay_min":18,"terminal":null,"gate":null,"_source":"avs"},{"flight_iata":"Y45610","airline_name":"Volaris","dep_iata":"MTY","arr_iata":"TIJ","sta_utc":"2025-11-09T22:58:00.000","eta_utc":"2025-11-09T23:06:00.000","ata_utc":null,"status":"active","delay_min":8,"terminal":null,"gate":null,"_source":"avs"},{"flight_iata":"VB5067","airline_name":"VivaAerobus","dep_iata":"NLU","arr_iata":"TIJ","sta_utc":"2025-11-09T23:00:00.000","eta_utc":"2025-11-09T22:36:00.000","ata_utc":null,"status":"active","delay_min":-24,"terminal":null,"gate":null,"_source":"avs"},{"flight_iata":"Y45912","airline_name":"Volaris","dep_iata":"GDL","arr_iata":"TIJ","sta_utc":"2025-11-09T23:02:00.000","eta_utc":"2025-11-09T22:51:00.000","ata_utc":null,"status":"active","delay_min":-11,"terminal":null,"gate":null,"_source":"avs"},{"flight_iata":"VB3108","airline_name":"VivaAerobus","dep_iata":"GDL","arr_iata":"TIJ","sta_utc":"2025-11-09T23:05:00.000","eta_utc":"2025-11-10T00:00:00.000","ata_utc":null,"status":"scheduled","delay_min":55,"terminal":null,"gate":null,"_source":"avs"},{"flight_iata":"Y43383","airline_name":"Volaris","dep_iata":"VER","arr_iata":"TIJ","sta_utc":"2025-11-09T23:05:00.000","eta_utc":"2025-11-10T00:23:00.000","ata_utc":null,"status":"scheduled","delay_min":78,"terminal":null,"gate":null,"_source":"avs"},{"flight_iata":"IB7500","airline_name":"Iberia","dep_iata":"MEX","arr_iata":"TIJ","sta_utc":"2025-11-09T23:20:00.000","eta_utc":"2025-11-10T00:02:00.000","ata_utc":null,"status":"scheduled","delay_min":42,"terminal":null,"gate":null,"_source":"avs"},{"flight_iata":"VB1248","airline_name":"VivaAerobus","dep_iata":"MEX","arr_iata":"TIJ","sta_utc":"2025-11-09T23:20:00.000","eta_utc":"2025-11-10T00:02:00.000","ata_utc":null,"status":"scheduled","delay_min":42,"terminal":null,"gate":null,"_source":"avs"},{"flight_iata":"Y43047","airline_name":"Volaris","dep_iata":"BJX","arr_iata":"TIJ","sta_utc":"2025-11-09T23:38:00.000","eta_utc":"2025-11-09T23:23:00.000","ata_utc":null,"status":"active","delay_min":-15,"terminal":null,"gate":null,"_source":"avs"},{"flight_iata":"VB7362","airline_name":"VivaAerobus","dep_iata":"BJX","arr_iata":"TIJ","sta_utc":"2025-11-09T23:40:00.000","eta_utc":null,"ata_utc":null,"status":"scheduled","delay_min":0,"terminal":null,"gate":null,"_source":"avs"},{"flight_iata":"Y4186","airline_name":"Volaris","dep_iata":"MEX","arr_iata":"TIJ","sta_utc":"2025-11-09T23:45:00.000","eta_utc":"2025-11-09T23:53:00.000","ata_utc":null,"status":"active","delay_min":8,"terminal":null,"gate":null,"_source":"avs"},{"flight_iata":"VB5117","airline_name":"VivaAerobus","dep_iata":"PBC","arr_iata":"TIJ","sta_utc":"2025-11-10T00:05:00.000","eta_utc":"2025-11-10T00:10:00.000","ata_utc":null,"status":"active","delay_min":5,"terminal":null,"gate":null,"_source":"avs"},{"flight_iata":"VB5043","airline_name":"VivaAerobus","dep_iata":"MZT","arr_iata":"TIJ","sta_utc":"2025-11-10T00:30:00.000","eta_utc":null,"ata_utc":null,"status":"scheduled","delay_min":0,"terminal":null,"gate":null,"_source":"avs"},{"flight_iata":"KL8942","airline_name":"KLM","dep_iata":"MEX","arr_iata":"TIJ","sta_utc":"2025-11-10T00:35:00.000","eta_utc":"2025-11-10T00:12:00.000","ata_utc":null,"status":"active","delay_min":-23,"terminal":null,"gate":null,"_source":"avs"},{"flight_iata":"WS5780","airline_name":"WestJet","dep_iata":"MEX","arr_iata":"TIJ","sta_utc":"2025-11-10T00:35:00.000","eta_utc":"2025-11-10T00:12:00.000","ata_utc":null,"status":"active","delay_min":-23,"terminal":null,"gate":null,"_source":"avs"},{"flight_iata":"AM192","airline_name":"Aeromexico","dep_iata":"MEX","arr_iata":"TIJ","sta_utc":"2025-11-10T00:35:00.000","eta_utc":"2025-11-10T00:12:00.000","ata_utc":null,"status":"active","delay_min":-23,"terminal":null,"gate":null,"_source":"avs"},{"flight_iata":"Y41010","airline_name":"Volaris","dep_iata":"GDL","arr_iata":"TIJ","sta_utc":"2025-11-10T00:48:00.000","eta_utc":null,"ata_utc":null,"status":"scheduled","delay_min":0,"terminal":null,"gate":null,"_source":"avs"},{"flight_iata":"Y43297","airline_name":"Volaris","dep_iata":"NLU","arr_iata":"TIJ","sta_utc":"2025-11-10T00:51:00.000","eta_utc":null,"ata_utc":null,"status":"scheduled","delay_min":0,"terminal":null,"gate":null,"_source":"avs"},{"flight_iata":"VB3118","airline_name":"VivaAerobus","dep_iata":"GDL","arr_iata":"TIJ","sta_utc":"2025-11-10T01:20:00.000","eta_utc":null,"ata_utc":null,"status":"scheduled","delay_min":0,"terminal":null,"gate":null,"_source":"avs"},{"flight_iata":"CZ491","airline_name":"China Southern Airlines","dep_iata":"PVG","arr_iata":"TIJ","sta_utc":"2025-11-10T03:30:00.000","eta_utc":null,"ata_utc":null,"status":"scheduled","delay_min":0,"terminal":null,"gate":null,"_source":"avs"}]}